episode,step,action,reward,epsilon,distance_to_goal,min_laser,done,reason,total_reward_so_far
1,1,0,0.0,0.99525,6.000291458847937,0.8982725739479065,0,continue,0.0
1,2,0,0.0052770434577991574,0.99525,6.000293947440248,0.8964078426361084,0,continue,0.0052770434577991574
1,3,2,0.3564321145838405,0.99525,5.928999579760599,0.9008470177650452,0,continue,0.36170915804163967
1,4,2,0.36283165097217873,0.99525,5.8578990847833525,0.8911951780319214,0,continue,0.7245408090138183
1,5,2,0.013495233453932175,0.99525,5.856167628600414,0.9062966704368591,0,continue,0.7380360424677506
1,6,0,0.22532241400060224,0.99525,5.811815220845235,0.8939408659934998,0,continue,0.9633584564683528
1,7,0,0.4365747801465426,0.99525,5.722009821494991,0.9007073640823364,0,continue,1.3999332366148955
1,8,0,0.43221796569887394,0.99525,5.641206730620935,0.951930820941925,0,continue,1.8321512023137694
1,9,0,0.4346111898664782,0.99525,5.560394614245801,1.0374746322631836,0,continue,2.2667623921802473
1,10,0,0.328775485312995,0.99525,5.497435819894285,1.0353772640228271,0,continue,2.5955378774932423
1,11,0,0.2493053593828587,0.99525,5.446512796279257,1.0472421646118164,0,continue,2.844843236876101
1,12,0,0.04718190597267545,0.99525,5.441479643938474,1.081675410270691,0,continue,2.892025142848776
1,13,0,0.20301545647279728,0.99525,5.403854385781676,1.1479911804199219,0,continue,3.0950405993215737
1,14,2,0.2227342022909457,0.99525,5.355419298262254,1.2508454322814941,0,continue,3.3177748016125195
1,15,0,0.21023345465583512,0.99525,5.3088594961486155,1.2922687530517578,0,continue,3.528008256268355
1,16,0,0.21923428958679958,0.99525,5.267248091133987,1.3980176448822021,0,continue,3.7472425458551544
1,17,0,0.17244935833222225,0.99525,5.235308111664819,1.4640929698944092,0,continue,3.919691904187377
1,18,0,0.06026495880282763,0.99525,5.217685849553364,1.4574778079986572,0,continue,3.9799568629902042
1,19,0,0.006006914072693714,0.99525,5.217632877214272,1.5069351196289062,0,continue,3.985963777062898
1,20,0,0.04123083378292378,0.99525,5.205796876042584,1.541927456855774,0,continue,4.027194610845822
1,21,1,0.12721926030407776,0.99525,5.179726372600461,1.6060768365859985,0,continue,4.1544138711499
1,22,1,0.07122568516329908,0.99525,5.158750503672286,1.6317662000656128,0,continue,4.225639556313199
1,23,0,0.009552278663897296,0.99525,5.151013877738653,1.671947717666626,0,continue,4.235191834977097
1,24,1,-0.052200923656599764,0.99525,5.1545925956355045,1.6974447965621948,0,continue,4.182990911320497
1,25,0,-0.07893584703465728,0.99525,5.16398113446235,1.703384280204773,0,continue,4.1040550642858395
1,26,2,-0.01835827842325779,0.99525,5.164961560311543,1.72238290309906,0,continue,4.085696785862582
1,27,0,-0.029976749103270483,0.99525,5.171492023392196,1.7261990308761597,0,continue,4.055720036759311
1,28,0,-0.056370047101434735,0.99525,5.188096388168458,1.7791470289230347,0,continue,3.9993499896578766
1,29,0,-0.07133835451650232,0.99525,5.207810839272761,1.7814216613769531,0,continue,3.9280116351413743
1,30,1,-0.2240503735480522,0.99525,5.2429630950266715,1.8001856803894043,0,continue,3.703961261593322
1,31,0,-0.15104956892610416,0.99525,5.279010820220213,1.7905248403549194,0,continue,3.552911692667218
1,32,0,-0.07343841237925569,0.99525,5.312354724137228,1.7935019731521606,0,continue,3.4794732802879627
1,33,0,0.0031285048187283063,0.99525,5.313760733511009,1.7915635108947754,0,continue,3.482601785106691
1,34,1,-0.16966545012393403,0.99525,5.347391576482391,1.7744051218032837,0,continue,3.312936334982757
1,35,0,-0.39463783348434234,0.99525,5.4074759418893255,1.7605578899383545,0,continue,2.918298501498415
1,36,1,-0.5827833436040488,0.99525,5.482872936096522,1.7396705150604248,0,continue,2.335515157894366
1,37,0,-0.6182012319681964,0.99525,5.549813421224301,1.7301331758499146,0,continue,1.7173139259261696
1,38,0,-0.5288355264615554,0.99525,5.609247197277059,1.6756348609924316,0,continue,1.1884783994646142
1,39,0,-0.5024366033465438,0.99525,5.669338525941835,1.6787607669830322,0,continue,0.6860417961180704
1,40,1,-0.3367169201723339,0.99525,5.696419585481518,1.6830657720565796,0,continue,0.34932487594573647
1,41,0,-0.18629505990990444,0.99525,5.6962457910259765,1.6596556901931763,0,continue,0.16302981603583203
1,42,0,-0.15867398911731115,0.99525,5.6963206617724635,1.5492119789123535,0,continue,0.0043558269185208776
1,43,0,-0.35352737299905423,0.99525,5.729404197672076,1.523826241493225,0,continue,-0.34917154608053336
1,44,0,-0.43079957909822036,0.99525,5.780312199264709,1.4748146533966064,0,continue,-0.7799711251787538
1,45,2,-0.4988742667246969,0.99525,5.8397511052485935,1.4298762083053589,0,continue,-1.2788453919034506
1,46,0,-0.502046150580026,0.99525,5.908003659197562,1.3423656225204468,0,continue,-1.7808915424834766
1,47,0,-0.6201556377677211,0.99525,5.993373802855687,1.319588303565979,0,continue,-2.4010471802511977
1,48,0,-0.6220186349376697,0.99525,6.0787546960088665,1.3085862398147583,0,continue,-3.0230658151888674
1,49,1,-0.3757182761345017,0.99525,6.113720455069794,1.277083396911621,0,continue,-3.3987840913233693
1,50,2,-0.23626857751269653,0.99525,6.120838042665679,1.242998719215393,0,continue,-3.635052668836066
1,51,0,-0.5593144854340097,0.99525,6.198786203975743,1.1534044742584229,0,continue,-4.194367154270076
1,52,2,-0.671880616099322,0.99525,6.293145822417502,1.0613987445831299,0,continue,-4.866247770369398
1,53,2,-0.6298209338850111,0.99525,6.378994431697962,0.9727104902267456,0,continue,-5.496068704254409
1,54,0,-0.48759199234313655,0.99525,6.440070667069688,0.9154536128044128,0,continue,-5.983660696597545
1,55,0,-0.5308283626459688,0.99525,6.506530478185226,0.9159696698188782,0,continue,-6.514489059243514
1,56,2,-0.5873197698070654,0.99525,6.583966187140478,0.8588064312934875,0,continue,-7.101808829050579
1,57,0,-0.3397263477106769,0.99525,6.61930054276128,0.7647837996482849,0,continue,-7.441535176761256
1,58,1,-0.20131038097210224,0.99525,6.6194713270176395,0.669887363910675,0,continue,-7.6428455577333585
1,59,0,-0.4681664322699357,0.99525,6.679002567805976,0.6082779765129089,0,continue,-8.111011990003295
1,60,0,-0.6080003333978935,0.99525,6.765224473746486,0.54379802942276,0,continue,-8.719012323401188
1,61,1,-0.6764219060537837,0.99525,6.860241140413916,0.4938664138317108,0,continue,-9.395434229454972
1,62,0,-0.6376849317301956,0.99525,6.946713643213012,0.43607544898986816,0,continue,-10.033119161185168
1,63,0,-0.532563005442479,0.99525,7.005481817929275,0.43308937549591064,0,continue,-10.565682166627646
1,64,0,-0.31584343533934534,0.99525,7.010111125968928,0.3852565586566925,0,continue,-10.881525601966992
1,65,0,-1.4932979982220342,0.99525,7.026296799129609,0.2896718382835388,0,continue,-12.374823600189027
1,66,0,-0.7042955459482378,0.99525,7.028983555311335,0.2602387070655823,0,continue,-13.079119146137264
1,67,1,-30.59965479749479,0.99525,7.030718345587313,0.16836866736412048,1,crush,-43.67877394363205
2,1,0,-2.3248758598210384,0.9905,3.3916453861414997,0.11999999731779099,0,continue,-2.3248758598210384
2,2,2,-0.47055997433030866,0.9905,3.391987338768036,0.11999999731779099,0,continue,-2.795435834151347
2,3,0,-0.8727346366861489,0.9905,3.392018516683267,0.11999999731779099,0,continue,-3.668170470837496
2,4,2,-30.46913307668238,0.9905,3.392112242945821,0.11999999731779099,1,crush,-34.13730354751988
3,1,0,-0.07573939135368957,0.98575,4.539167593302297,1.438887357711792,0,continue,-0.07573939135368957
3,2,0,0.2120919107828342,0.98575,4.4969260157282305,1.438403606414795,0,continue,0.13635251942914464
3,3,0,0.26101177277394766,0.98575,4.443422542091479,1.4362956285476685,0,continue,0.39736429220309233
3,4,2,0.28541472534631096,0.98575,4.3857373269895055,1.426674246788025,0,continue,0.6827790175494033
3,5,0,0.21256375975073696,0.98575,4.3432434078747955,1.439071774482727,0,continue,0.8953427773001402
3,6,2,0.22446391534343785,0.98575,4.297909197215557,1.4356052875518799,0,continue,1.1198066926435781
3,7,1,0.510680114874968,0.98575,4.244424118626826,1.414438009262085,0,continue,1.6304868075185461
3,8,0,0.10626216017816804,0.98575,4.227817191790207,1.3620105981826782,0,continue,1.7367489676967143
3,9,0,0.20112374278543638,0.98575,4.187953248990494,1.3027455806732178,0,continue,1.9378727104821507
3,10,0,0.24632841701757685,0.98575,4.142622417955924,1.287954330444336,0,continue,2.1842011274997275
3,11,0,0.20788264718879912,0.98575,4.102964616423424,1.2560051679611206,0,continue,2.3920837746885266
3,12,0,0.20339680677101118,0.98575,4.065944597958204,1.2078932523727417,0,continue,2.5954805814595376
3,13,0,0.0258809695185894,0.98575,4.063881035231926,1.1830188035964966,0,continue,2.621361550978127
3,14,0,0.07738803901699857,0.98575,4.047835924852452,1.1588901281356812,0,continue,2.6987495899951255
3,15,2,0.1994564601131646,0.98575,4.007403413032661,1.1016451120376587,0,continue,2.89820605010829
3,16,0,0.17141062595626627,0.98575,3.9760304600754286,1.0748132467269897,0,continue,3.0696166760645562
3,17,0,0.16356080599308445,0.98575,3.941930945766151,1.0435476303100586,0,continue,3.233177482057641
3,18,0,0.1826910440733785,0.98575,3.9092811284841114,1.016396164894104,0,continue,3.4158685261310193
3,19,1,0.4082667177587935,0.98575,3.8793986439362143,1.015276551246643,0,continue,3.824135243889813
3,20,0,0.03428574412902683,0.98575,3.8743366306515243,0.9951524138450623,0,continue,3.85842098801884
3,21,0,0.04384818863638759,0.98575,3.869809840025536,0.9492061734199524,0,continue,3.9022691766552273
3,22,0,0.17224909706888444,0.98575,3.839098624853886,0.890264093875885,0,continue,4.074518273724112
3,23,0,0.12293502586836152,0.98575,3.814363632982671,0.8710319399833679,0,continue,4.197453299592474
3,24,0,0.15862068248257133,0.98575,3.7878146549930833,0.8169637322425842,0,continue,4.356073982075046
3,25,2,-0.36767025848854445,0.98575,3.8184923362150887,0.5406033992767334,0,continue,3.9884037235865013
3,26,0,-1.3685768196345713,0.98575,3.818466951707443,0.5122143030166626,0,continue,2.61982690395193
3,27,0,-0.221571982756161,0.98575,3.8194329772431415,0.52400141954422,0,continue,2.398254921195769
3,28,2,-0.3219958744717655,0.98575,3.8838321521374946,0.5370684862136841,0,continue,2.0762590467240036
3,29,0,-0.6626991692612347,0.98575,3.952171060162715,0.5211263298988342,0,continue,1.413559877462769
3,30,0,-0.5501188699605344,0.98575,3.988581664961554,0.5585187673568726,0,continue,0.8634410075022345
3,31,0,-0.7079430411926826,0.98575,4.058759297743853,0.5529212355613708,0,continue,0.15549796630955193
3,32,2,-0.5701637079019093,0.98575,4.132792039324235,0.5653111934661865,0,continue,-0.41466574159235736
3,33,0,-0.3781137152746137,0.98575,4.1471790088157725,0.5616609454154968,0,continue,-0.792779456866971
3,34,0,-0.5066234609793983,0.98575,4.1983959858818,0.6244701147079468,0,continue,-1.2994029178463693
3,35,0,-0.44665872553420255,0.98575,4.250841406106133,0.6587536931037903,0,continue,-1.7460616433805718
3,36,0,-0.2542907590089941,0.98575,4.26268850386893,0.6982563734054565,0,continue,-2.000352402389566
3,37,0,-0.16998345575053075,0.98575,4.263492333488957,0.7272010445594788,0,continue,-2.170335858140097
3,38,0,-0.370256403013983,0.98575,4.301080765593678,0.7705070972442627,0,continue,-2.54059226115408
3,39,0,-0.45254640239534405,0.98575,4.344954988023701,0.7953439950942993,0,continue,-2.993138663549424
3,40,0,-0.4557117396409968,0.98575,4.3925934212770095,0.8416433930397034,0,continue,-3.448850403190421
3,41,0,-1.2931951502447843,0.98575,4.4306161634455234,0.8715397715568542,0,continue,-4.742045553435205
3,42,0,-0.44893492695086673,0.98575,4.4779880949274355,0.881895124912262,0,continue,-5.190980480386072
3,43,0,-0.4471405999301312,0.98575,4.523593961674272,0.8725417852401733,0,continue,-5.638121080316203
3,44,0,-0.3298510522833773,0.98575,4.547318813524168,0.9179026484489441,0,continue,-5.967972132599581
3,45,0,-0.22572791767468178,0.98575,4.547574331530661,0.9329076409339905,0,continue,-6.193700050274263
3,46,0,-0.2697921419634309,0.98575,4.550275478898719,0.962569534778595,0,continue,-6.463492192237694
3,47,0,-0.36886481086065614,0.98575,4.587532673720787,1.0303106307983398,0,continue,-6.83235700309835
3,48,0,-0.4033265399116183,0.98575,4.626240877328082,1.060055136680603,0,continue,-7.235683543009968
3,49,1,-0.437816736520234,0.98575,4.6678174962958945,1.115782618522644,0,continue,-7.673500279530202
3,50,0,-1.3268917253619448,0.98575,4.710324301795342,1.1386221647262573,0,continue,-9.000392004892147
3,51,0,-0.44485083698840744,0.98575,4.753179953623587,1.1357622146606445,0,continue,-9.445242841880555
3,52,0,-0.43754675588309566,0.98575,4.795081976111053,1.1369287967681885,0,continue,-9.88278959776365
3,53,2,-0.29841104764013915,0.98575,4.810088564779233,1.1862168312072754,0,continue,-10.18120064540379
3,54,0,-0.22353824027542385,0.98575,4.816557700523075,1.2194665670394897,0,continue,-10.404738885679214
3,55,2,-0.5689816560243501,0.98575,4.888297954843662,1.280332088470459,0,continue,-10.973720541703564
3,56,2,-0.6158711608951986,0.98575,4.9698308362410835,1.336789608001709,0,continue,-11.589591702598762
3,57,0,-0.561319155691504,0.98575,5.043887040019881,1.3628284931182861,0,continue,-12.150910858290265
3,58,0,-0.5197231593430371,0.98575,5.117053628358495,1.4046390056610107,0,continue,-12.670634017633303
3,59,0,-0.5248279283211366,0.98575,5.189703963546404,1.4061393737792969,0,continue,-13.195461945954438
3,60,1,-0.3304636642231661,0.98575,5.214948701931819,1.428410291671753,0,continue,-13.525925610177604
3,61,1,-0.218605730895683,0.98575,5.218253573699909,1.4901012182235718,0,continue,-13.744531341073287
3,62,1,-0.5100518511926802,0.98575,5.2801527232933685,1.5668472051620483,0,continue,-14.254583192265967
3,63,0,-0.5493830234683528,0.98575,5.354067070984789,1.59812331199646,0,continue,-14.80396621573432
3,64,0,-0.5698373354748589,0.98575,5.436427271181963,1.669025182723999,0,continue,-15.373803551209178
3,65,2,-0.6158319065597536,0.98575,5.519207832004611,1.7129850387573242,0,continue,-15.989635457768932
3,66,1,-0.5754380655455806,0.98575,5.594124914970739,1.7136216163635254,0,continue,-16.565073523314513
3,67,0,-0.5413173497607098,0.98575,5.6626515041104275,1.7267545461654663,0,continue,-17.106390873075224
3,68,2,-0.2372524307628215,0.98575,5.670066923356987,1.7906665802001953,0,continue,-17.343643303838046
3,69,0,-0.27367146691083544,0.98575,5.687514977986987,1.7961781024932861,0,continue,-17.61731477074888
3,70,0,-0.5463496397868937,0.98575,5.761391825193825,1.723493218421936,0,continue,-18.163664410535773
3,71,1,-0.5349106141151212,0.98575,5.828224071075948,1.6542847156524658,0,continue,-18.698575024650893
3,72,2,-0.5757204152477109,0.98575,5.903246038128994,1.6098097562789917,0,continue,-19.274295439898605
3,73,0,-0.5482429892943113,0.98575,5.978724837338515,1.5566649436950684,0,continue,-19.822538429192917
3,74,1,-0.5208924528197203,0.98575,6.0427881425506085,1.5425395965576172,0,continue,-20.343430882012637
3,75,0,-0.2569003998383016,0.98575,6.055879487727035,1.5326507091522217,0,continue,-20.600331281850938
3,76,0,-0.25687352918525047,0.98575,6.067382668099387,1.4867099523544312,0,continue,-20.857204811036187
3,77,2,-0.5596273432476373,0.98575,6.139174696181271,1.4216883182525635,0,continue,-21.416832154283824
3,78,0,-0.553024396264606,0.98575,6.215016035521874,1.3386436700820923,0,continue,-21.969856550548432
3,79,1,-0.581326209007538,0.98575,6.291157312493016,1.3144580125808716,0,continue,-22.55118275955597
3,80,0,-0.5564289096848896,0.98575,6.3673336968934295,1.2501133680343628,0,continue,-23.10761166924086
3,81,2,-0.5400126879697358,0.98575,6.4352089189208455,1.2503759860992432,0,continue,-23.647624357210596
3,82,0,-0.4851011484547456,0.98575,6.4942322667569155,1.234453797340393,0,continue,-24.13272550566534
3,83,0,-0.1739507197946762,0.98575,6.495554384638749,1.1584861278533936,0,continue,-24.306676225460016
3,84,0,-0.18622966536536795,0.98575,6.4966277483529815,1.1240242719650269,0,continue,-24.492905890825384
3,85,0,-0.46223834134167063,0.98575,6.554116355539138,1.0399507284164429,0,continue,-24.955144232167054
3,86,0,-0.5295987844391363,0.98575,6.62207579505563,1.012824296951294,0,continue,-25.484743016606192
3,87,1,-0.5841608735614302,0.98575,6.698801129931959,0.9397639036178589,0,continue,-26.068903890167622
3,88,1,-0.49904024790199014,0.98575,6.758530053437099,0.907077968120575,0,continue,-26.567944138069613
3,89,0,-0.5823396697717889,0.98575,6.83548972698583,0.9125540256500244,0,continue,-27.1502838078414
3,90,0,-0.33218115292013894,0.98575,6.8621702387094485,0.9134982824325562,0,continue,-27.48246496076154
3,91,2,-0.19990268569277211,0.98575,6.862113838076579,0.8685079216957092,0,continue,-27.682367646454313
3,92,0,-0.30843892542372753,0.98575,6.887356981970846,0.8340697884559631,0,continue,-27.99080657187804
3,93,2,-0.5850221645257442,0.98575,6.9642593866035725,0.7656691670417786,0,continue,-28.575828736403782
3,94,0,-0.5344549183453753,0.98575,7.0326537583640905,0.7274255752563477,0,continue,-29.110283654749157
3,95,0,-0.5446173654512152,0.98575,7.109809211221063,0.6516742706298828,0,continue,-29.654901020200374
3,96,0,-0.5381415780752434,0.98575,7.178409217808152,0.6118555068969727,0,continue,-30.193042598275618
3,97,2,-0.5290488853957331,0.98575,7.244126061966373,0.6163332462310791,0,continue,-30.72209148367135
3,98,1,-0.22131360795368302,0.98575,7.248378686954895,0.5810352563858032,0,continue,-30.94340509162503
3,99,2,-0.41162068856121503,0.98575,7.290625462215403,0.5371199250221252,0,continue,-31.355025780186246
3,100,0,-0.7529966239883055,0.98575,7.367941336615615,0.46096521615982056,0,continue,-32.10802240417455
3,101,0,-0.7478001733803767,0.98575,7.436931005383731,0.4008052349090576,0,continue,-32.855822577554925
3,102,0,-0.7672046499935496,0.98575,7.51463019170473,0.3553145229816437,0,continue,-33.62302722754848
3,103,0,-0.700154767164523,0.98575,7.5564918507237815,0.3251255750656128,0,continue,-34.323181994712996
3,104,0,-0.5009555972936994,0.98575,7.570720602145273,0.3272528350353241,0,continue,-34.82413759200669
3,105,1,-0.3001513957277196,0.98575,7.559469056030594,0.3084033727645874,0,continue,-35.12428898773441
3,106,2,-0.48667195170133704,0.98575,7.561546633709883,0.24414874613285065,0,continue,-35.61096093943575
3,107,0,-31.091281071523518,0.98575,7.57249672429279,0.1984090358018875,1,crush,-66.70224201095927
4,1,0,-1.4154500813735258,0.981,3.3353209380297835,0.11999999731779099,0,continue,-1.4154500813735258
4,2,2,-0.4695073990114675,0.981,3.335448387638275,0.11999999731779099,0,continue,-1.8849574803849933
4,3,0,-0.9883974653818197,0.981,3.3353796653215526,0.11999999731779099,0,continue,-2.8733549457668133
4,4,0,-30.92290082902531,0.981,3.335281517728751,0.11999999731779099,1,crush,-33.79625577479212
5,1,2,-0.15666141290017505,0.97625,3.4157853295220018,0.3169282376766205,0,continue,-0.15666141290017505
5,2,0,-0.7835311852845442,0.97625,3.431421828779183,0.32267341017723083,0,continue,-0.9401925981847192
5,3,0,-1.3707608091656809,0.97625,3.4566078622298213,0.3226425051689148,0,continue,-2.3109534073504
5,4,0,-0.9951705094307776,0.97625,3.492616066324886,0.30322569608688354,0,continue,-3.3061239167811776
5,5,0,-1.0060046411022217,0.97625,3.5392432065109496,0.3201757073402405,0,continue,-4.312128557883399
5,6,0,-1.5009040255186652,0.97625,3.5951592171331432,0.32084283232688904,0,continue,-5.813032583402064
5,7,0,-0.8512656429996863,0.97625,3.6479428149751585,0.33790719509124756,0,continue,-6.66429822640175
5,8,0,-1.6481932311191745,0.97625,3.706920249754108,0.36377468705177307,0,continue,-8.312491457520924
5,9,0,-1.8537368679566644,0.97625,3.754070484938532,0.37849897146224976,0,continue,-10.166228325477588
5,10,0,-1.7298713632651144,0.97625,3.783079190278931,0.4235551357269287,0,continue,-11.896099688742703
5,11,1,-0.009344060854012268,0.97625,3.783128858622781,0.47255027294158936,0,continue,-11.905443749596715
5,12,2,-0.09687621481323516,0.97625,3.802504101585428,0.51874840259552,0,continue,-12.002319964409951
5,13,0,-0.6648558278606772,0.97625,3.8414192998266308,0.5518738627433777,0,continue,-12.667175792270628
5,14,2,-0.3184198527782023,0.97625,3.9051032703822712,0.6043537259101868,0,continue,-12.98559564504883
5,15,0,-0.667961493325833,0.97625,3.9798910737128126,0.6223667860031128,0,continue,-13.653557138374664
5,16,0,-0.6826977447150295,0.97625,4.070525459367702,0.6504952311515808,0,continue,-14.336254883089694
5,17,0,-0.6841459124917973,0.97625,4.159848674249027,0.6395527720451355,0,continue,-15.02040079558149
5,18,0,-0.4219630638042318,0.97625,4.200564669864335,0.6764536499977112,0,continue,-15.442363859385722
5,19,0,0.038023812042850484,0.97625,4.200662272377334,0.772733211517334,0,continue,-15.404340047342872
5,20,0,-0.1627798197924104,0.97625,4.241626059245859,0.8784112930297852,0,continue,-15.567119867135283
5,21,0,-0.5884358353397848,0.97625,4.323476438391386,0.9339906573295593,0,continue,-16.155555702475066
5,22,0,-0.5232213367567695,0.97625,4.397323859492817,1.0370744466781616,0,continue,-16.678777039231836
5,23,0,-0.5906305141196322,0.97625,4.47940664833958,1.1083214282989502,0,continue,-17.269407553351467
5,24,0,-0.5657527428206948,0.97625,4.55351251943238,1.1122486591339111,0,continue,-17.835160296172162
5,25,0,-0.494150370375954,0.97625,4.611865928329242,1.10842764377594,0,continue,-18.329310666548118
5,26,0,-0.21330382848855425,0.97625,4.620724304512584,1.1710319519042969,0,continue,-18.542614495036673
5,27,0,-0.274061538791147,0.97625,4.638695348604794,1.235886573791504,0,continue,-18.81667603382782
5,28,0,-0.5330049982609595,0.97625,4.712759787989823,1.2992277145385742,0,continue,-19.34968103208878
5,29,2,-0.5809808917115891,0.97625,4.788604738494588,1.3560209274291992,0,continue,-19.930661923800372
5,30,0,-0.5435149816762754,0.97625,4.864375028345339,1.4483286142349243,0,continue,-20.474176905476646
5,31,0,-0.5534155854134395,0.97625,4.940129652621831,1.514261245727539,0,continue,-21.027592490890086
5,32,0,-0.597722231680383,0.97625,5.021065499311781,1.5097812414169312,0,continue,-21.62531472257047
5,33,0,-0.24725743875015901,0.97625,5.032631074342073,1.5506113767623901,0,continue,-21.872572161320626
5,34,1,-0.25858767739381205,0.97625,5.044246326209838,1.6626043319702148,0,continue,-22.13115983871444
5,35,0,-0.506764692114614,0.97625,5.108329656106055,1.7028087377548218,0,continue,-22.637924530829054
5,36,0,-0.5331007858509644,0.97625,5.183612665964154,1.8125519752502441,0,continue,-23.17102531668002
5,37,0,-0.49334529182336506,0.97625,5.251041301728473,1.9051382541656494,0,continue,-23.664370608503383
5,38,0,-0.5691187728409237,0.97625,5.327341075724561,1.9284405708312988,0,continue,-24.233489381344306
5,39,0,-0.5861335324321506,0.97625,5.4037583727527805,1.9278993606567383,0,continue,-24.819622913776456
5,40,0,-0.37698684835553636,0.97625,5.439120950945139,1.9233543872833252,0,continue,-25.19660976213199
5,41,0,-0.17951195124616123,0.97625,5.442678470711322,1.8481805324554443,0,continue,-25.376121713378154
5,42,0,-0.49279440923903395,0.97625,5.507516099437505,1.7678345441818237,0,continue,-25.86891612261719
5,43,0,-0.7027734382772648,0.97625,5.610313929866065,1.7152471542358398,0,continue,-26.571689560894455
5,44,0,-0.6544043076342445,0.97625,5.6874093771765635,1.6381447315216064,0,continue,-27.2260938685287
5,45,0,-0.47107023188561703,0.97625,5.764497434695434,1.544918179512024,0,continue,-27.697164100414316
5,46,1,-0.5859776177775228,0.97625,5.841565260945993,1.5272680521011353,0,continue,-28.28314171819184
5,47,0,-0.34513220238232917,0.97625,5.875583661635326,1.5070180892944336,0,continue,-28.62827392057417
5,48,2,-0.20045835394285197,0.97625,5.875659180576099,1.392012596130371,0,continue,-28.828732274517023
5,49,2,-0.2589690443686504,0.97625,5.887424711647327,1.2947397232055664,0,continue,-29.087701318885674
5,50,0,-0.4942703528204313,0.97625,5.951622371729103,1.2496097087860107,0,continue,-29.581971671706107
5,51,0,-0.5745017026181517,0.97625,6.028776385442259,1.2061352729797363,0,continue,-30.156473374324257
5,52,0,-0.5019765693129075,0.97625,6.097693795338626,1.1113405227661133,0,continue,-30.658449943637166
5,53,2,-0.5456209949131132,0.97625,6.166706504517282,1.0855432748794556,0,continue,-31.20407093855028
5,54,0,-0.5409925386976475,0.97625,6.235983701575368,1.0965651273727417,0,continue,-31.74506347724793
5,55,0,-0.6036720712663686,0.97625,6.314066040479423,1.0902410745620728,0,continue,-32.3487355485143
5,56,0,-0.395176497809419,0.97625,6.358156369895012,1.0315401554107666,0,continue,-32.743912046323715
5,57,1,-0.19960923777842304,0.97625,6.358110631308933,0.9551920890808105,0,continue,-32.94352128410214
5,58,0,-0.21395675765434227,0.97625,6.361571693469913,0.8946506381034851,0,continue,-33.157478041756484
5,59,0,-0.17367514553787736,0.97625,6.427541380481274,0.8032815456390381,0,continue,-33.33115318729436
5,60,0,-0.6363410322052693,0.97625,6.522688411382867,0.7397616505622864,0,continue,-33.96749421949963
5,61,0,-0.5988908874356598,0.97625,6.609127690210091,0.6390199661254883,0,continue,-34.566385106935286
5,62,0,-0.6093641991978572,0.97625,6.695410057653043,0.607702374458313,0,continue,-35.17574930613314
5,63,0,-5.595727476185353,0.97625,6.77321716525155,0.6049827337265015,1,stuck,-40.771476782318494
6,1,0,-1.472700258565403,0.9715,3.275830963887431,0.11999999731779099,0,continue,-1.472700258565403
6,2,0,-1.0102517055108864,0.9715,3.2757493811945815,0.11999999731779099,0,continue,-2.4829519640762894
6,3,0,-1.0075973824193498,0.9715,3.275671780477196,0.11999999731779099,0,continue,-3.490549346495639
6,4,2,-30.468639250442653,0.9715,3.2756599252737733,0.11999999731779099,1,crush,-33.95918859693829
7,1,2,-0.10943285175263844,0.96675,4.403086870763689,1.356573462486267,0,continue,-0.10943285175263844
7,2,0,0.07667756826141296,0.96675,4.387487393126447,1.3619683980941772,0,continue,-0.03275528349122547
7,3,0,0.07779050886211358,0.96675,4.36411117045806,1.3509583473205566,0,continue,0.04503522537088811
7,4,0,0.0004724478090778958,0.96675,4.355954626713938,1.357267141342163,0,continue,0.045507673179966006
7,5,2,-0.06901301623171277,0.96675,4.36257368780966,1.3519343137741089,0,continue,-0.023505343051746765
7,6,0,-0.10423044650919353,0.96675,4.379449249981898,1.3564544916152954,0,continue,-0.12773578956094028
7,7,0,-0.16030790185855878,0.96675,4.4077737009983045,1.3312383890151978,0,continue,-0.28804369141949904
7,8,0,-0.1649711352391361,0.96675,4.435597318242975,1.3234506845474243,0,continue,-0.45301482665863513
7,9,0,-0.19759743680663844,0.96675,4.483590934364296,1.2987648248672485,0,continue,-0.6506122634652736
7,10,0,-0.08621460100808861,0.96675,4.533020670674725,1.2893627882003784,0,continue,-0.7368268644733622
7,11,2,-0.2908509425378489,0.96675,4.585592469456385,1.2866730690002441,0,continue,-1.0276778070112111
7,12,0,-1.1850104136089614,0.96675,4.595997577304882,1.3090641498565674,0,continue,-2.212688220620173
7,13,0,-0.20331926835679795,0.96675,4.6031681594897025,1.3205856084823608,0,continue,-2.416007488976971
7,14,0,-1.3532881906402503,0.96675,4.684900813334332,1.3310011625289917,0,continue,-3.7692956796172212
7,15,0,-0.4339532052489127,0.96675,4.7654286004801545,1.3947855234146118,0,continue,-4.203248884866134
7,16,0,-0.3984126046498952,0.96675,4.8465141749663125,1.4425426721572876,0,continue,-4.601661489516029
7,17,2,-1.4301699597953617,0.96675,4.945540829754271,1.4635182619094849,0,continue,-6.03183144931139
7,18,0,-1.2750817882008652,0.96675,5.014484101724993,1.473172664642334,0,continue,-7.306913237512255
7,19,0,-0.01855825633971615,0.96675,5.018512364309303,1.5206325054168701,0,continue,-7.325471493851971
7,20,0,-0.14944858842473874,0.96675,5.053918665583677,1.6058855056762695,0,continue,-7.47492008227671
7,21,2,-0.6068249652564333,0.96675,5.134818692711266,1.6546248197555542,0,continue,-8.081745047533143
7,22,1,-0.6058347194898213,0.96675,5.215607103174403,1.7526311874389648,0,continue,-8.687579767022964
7,23,2,-0.6049931137861395,0.96675,5.29650650035159,1.8082027435302734,0,continue,-9.292572880809104
7,24,0,-0.6262311818915545,0.96675,5.386395074811091,1.8939214944839478,0,continue,-9.918804062700659
7,25,0,-0.5261737266390947,0.96675,5.45028206131133,1.8801960945129395,0,continue,-10.444977789339752
7,26,0,-0.16088426735168443,0.96675,5.450263198603951,1.8999098539352417,0,continue,-10.605862056691437
7,27,0,-0.4712665659460495,0.96675,5.512411953435378,1.8074588775634766,0,continue,-11.077128622637487
7,28,0,-0.5832813370898642,0.96675,5.593295708914631,1.7556335926055908,0,continue,-11.660409959727351
7,29,1,-0.6053804028634778,0.96675,5.674265544822902,1.6595157384872437,0,continue,-12.26579036259083
7,30,1,-0.650018324377649,0.96675,5.764218346471939,1.5717048645019531,0,continue,-12.915808686968479
7,31,1,-0.6051937343256821,0.96675,5.8451611481074295,1.562914490699768,0,continue,-13.521002421294162
7,32,0,-0.3668681609278146,0.96675,5.88170374839466,1.5452613830566406,0,continue,-13.887870582221977
7,33,1,-0.20575518570330997,0.96675,5.8828089727328114,1.4590688943862915,0,continue,-14.093625767925287
7,34,1,-0.418255222486857,0.96675,5.925892690766321,1.4007822275161743,0,continue,-14.511880990412145
7,35,0,-1.3297539242439749,0.96675,5.974353816262844,1.2949111461639404,0,continue,-15.841634914656119
7,36,0,-0.4081602585478963,0.96675,6.015344438961969,1.2484714984893799,0,continue,-16.249795173204014
7,37,0,-0.4348819772556909,0.96675,6.062088124832273,1.1550581455230713,0,continue,-16.684677150459706
7,38,0,-0.37045259415771825,0.96675,6.095080094021056,1.133134365081787,0,continue,-17.055129744617425
7,39,0,-0.2691762822440044,0.96675,6.106233657784775,1.1329879760742188,0,continue,-17.32430602686143
7,40,0,-0.20006798347660903,0.96675,6.106229047959852,1.0978641510009766,0,continue,-17.524374010338036
7,41,0,-0.19097870880153725,0.96675,6.108256893874207,1.0740423202514648,0,continue,-17.715352719139574
7,42,2,-0.4153474779345513,0.96675,6.1495344890698025,1.0374447107315063,0,continue,-18.130700197074127
7,43,2,-0.4814210116627083,0.96675,6.2035853328989345,0.9729341268539429,0,continue,-18.612121208736834
7,44,0,-0.4563291392084224,0.96675,6.266393692930872,0.9290826916694641,0,continue,-19.068450347945255
7,45,0,-0.40908133845876427,0.96675,6.31549789223781,0.9064443707466125,0,continue,-19.47753168640402
7,46,0,-0.49897414269517926,0.96675,6.3687250202725645,0.8920291662216187,0,continue,-19.9765058290992
7,47,0,-0.28539059112391973,0.96675,6.381892172149648,0.8904575109481812,0,continue,-20.26189642022312
7,48,2,-0.24901414985011555,0.96675,6.390706897389416,0.8324618935585022,0,continue,-20.510910570073236
7,49,0,-0.546383797233825,0.96675,6.47071117391942,0.7544870376586914,0,continue,-21.057294367307062
7,50,0,-0.5093063433685594,0.96675,6.534160488516682,0.6911212801933289,0,continue,-21.566600710675623
7,51,1,-0.5205485575306267,0.96675,6.59784585526547,0.6141697764396667,0,continue,-22.08714926820625
7,52,0,-0.4733412672322239,0.96675,6.65617676835307,0.5848147869110107,0,continue,-22.560490535438475
7,53,0,-0.3337714222908987,0.96675,6.68300259448123,0.588953971862793,0,continue,-22.894261957729373
7,54,0,-0.18600163622433163,0.96675,6.683159478568738,0.5321341753005981,0,continue,-23.080263593953706
7,55,0,-0.27224287299086525,0.96675,6.692079149480502,0.4428086578845978,0,continue,-23.352506466944572
7,56,0,-0.556280496233452,0.96675,6.74769730479401,0.38629889488220215,0,continue,-23.908786963178024
7,57,0,-0.5808036114990469,0.96675,6.800464396438678,0.35056358575820923,0,continue,-24.48959057467707
7,58,0,-0.6807268284297816,0.96675,6.853660759200055,0.31217458844184875,0,continue,-25.17031740310685
7,59,1,-0.49248204099381526,0.96675,6.870354822746295,0.2818652391433716,0,continue,-25.662799444100663
7,60,0,-0.6707503353233977,0.96675,6.8786373236666885,0.2768425941467285,0,continue,-26.33354977942406
7,61,0,-0.5801158286582522,0.96675,6.874220712001845,0.26691150665283203,0,continue,-26.91366560808231
7,62,2,-0.5084536048160742,0.96675,6.866801123049571,0.20780819654464722,0,continue,-27.422119212898387
7,63,0,-32.046353400867474,0.96675,6.877384664182024,0.16406011581420898,1,crush,-59.46847261376586
8,1,0,-2.429182199140243,0.962,7.559270260566094,0.11999999731779099,0,continue,-2.429182199140243
8,2,0,-0.9892254910337035,0.962,7.559618615278131,0.11999999731779099,0,continue,-3.4184076901739466
8,3,2,-0.4623576652311269,0.962,7.559072640833688,0.11999999731779099,0,continue,-3.8807653554050736
8,4,0,-30.989417859848196,0.962,7.559593217234092,0.11999999731779099,1,crush,-34.87018321525327
9,1,0,-0.738151212321324,0.95725,4.733917089191469,1.6704494953155518,0,continue,-0.738151212321324
9,2,1,0.17686337076398115,0.95725,4.724206837438337,1.6752489805221558,0,continue,-0.5612878415573428
9,3,1,0.33511448854643333,0.95725,4.682464101160235,1.6646392345428467,0,continue,-0.22617335301090946
9,4,0,0.2201982080277738,0.95725,4.635860504387629,1.6661841869354248,0,continue,-0.005975144983135672
9,5,1,0.34765020150351333,0.95725,4.590413808682054,1.6690258979797363,0,continue,0.34167505652037766
9,6,0,0.2097266119702081,0.95725,4.546563845552426,1.6804651021957397,0,continue,0.5514016684905858
9,7,0,0.19078840913782222,0.95725,4.508162559573377,1.681020736694336,0,continue,0.742190077628408
9,8,0,0.21800894098129903,0.95725,4.466964897866378,1.644800066947937,0,continue,0.9601990186097071
9,9,2,0.1957387320423157,0.95725,4.4272686210628525,1.5801193714141846,0,continue,1.1559377506520228
9,10,0,0.21323184135933318,0.95725,4.3891392129388604,1.5060216188430786,0,continue,1.369169592011356
9,11,0,0.08964371269011359,0.95725,4.37390383809473,1.4849306344985962,0,continue,1.4588133047014695
9,12,0,0.022713714081814863,0.95725,4.373840180735736,1.4188584089279175,0,continue,1.4815270187832843
9,13,0,0.11316783264704555,0.95725,4.358180668106435,1.3493108749389648,0,continue,1.5946948514303299
9,14,1,0.30520886598085123,0.95725,4.334956805753617,1.2906882762908936,0,continue,1.899903717411181
9,15,2,0.11550738922622117,0.95725,4.304692160561771,1.2690680027008057,0,continue,2.0154111066374023
9,16,0,0.19018678718755064,0.95725,4.267046648872409,1.2160779237747192,0,continue,2.2055978938249527
9,17,0,0.198438170882774,0.95725,4.218917596769363,1.2127670049667358,0,continue,2.404036064707727
9,18,0,0.2380030071641563,0.95725,4.167428864916611,1.2123404741287231,0,continue,2.642039071871883
9,19,0,0.038033903843910706,0.95725,4.157528929008649,1.1894664764404297,0,continue,2.680072975715794
9,20,1,0.06684008714961782,0.95725,4.155794443872265,1.1507185697555542,0,continue,2.7469130628654117
9,21,0,0.19764028393959188,0.95725,4.108048889614633,1.0932109355926514,0,continue,2.9445533468050034
9,22,0,0.2924778005090738,0.95725,4.0543331966101315,1.0366806983947754,0,continue,3.2370311473140774
9,23,0,0.2563182912246997,0.95725,4.0025842711526565,1.0050643682479858,0,continue,3.493349438538777
9,24,0,0.11180023734654371,0.95725,3.960180702375871,0.967796266078949,0,continue,3.605149675885321
9,25,0,0.11142520240280376,0.95725,3.9238447382407107,0.9593293070793152,0,continue,3.716574878288125
9,26,0,0.023876291959571503,0.95725,3.9198610637423434,0.9276007413864136,0,continue,3.7404511702476966
9,27,0,-0.022952513778460634,0.95725,3.910969250964818,0.8740865588188171,0,continue,3.717498656469236
9,28,1,0.1815952500884675,0.95725,3.873770201038964,0.8502228260040283,0,continue,3.8990939065577033
9,29,0,-0.2774021036724292,0.95725,3.834153489602161,0.7994893789291382,0,continue,3.621691802885274
9,30,1,0.18582264581473634,0.95725,3.795929562894694,0.7727057933807373,0,continue,3.8075144487000103
9,31,0,-0.07609026977934552,0.95725,3.7606019471005707,0.7405174970626831,0,continue,3.7314241789206646
9,32,0,0.05448514521814435,0.95725,3.7289398481008385,0.7313726544380188,0,continue,3.785909324138809
9,33,0,0.01713195837829628,0.95725,3.723416072330879,0.7303725481033325,0,continue,3.803041282517105
9,34,1,0.00648665235284015,0.95725,3.72195311828392,0.70280522108078,0,continue,3.809527934869945
9,35,1,0.09199951774514886,0.95725,3.7018060839010873,0.681278645992279,0,continue,3.901527452615094
9,36,0,0.01744154820436266,0.95725,3.6871064572358674,0.6702699065208435,0,continue,3.9189690008194566
9,37,0,-0.07330560249781809,0.95725,3.68623779918251,0.6369431018829346,0,continue,3.8456633983216384
9,38,1,-0.07934376884959152,0.95725,3.6976239386497802,0.6301875114440918,0,continue,3.7663196294720467
9,39,2,-0.11144565488492877,0.95725,3.715547107119284,0.6290675401687622,0,continue,3.654873974587118
9,40,1,-0.14789717595770413,0.95725,3.7388486492524184,0.6113670468330383,0,continue,3.506976798629414
9,41,1,-0.13885915294482576,0.95725,3.7666204798413836,0.5919184684753418,0,continue,3.3681176456845883
9,42,0,-0.39118328846377237,0.95725,3.7668687704534496,0.5923045873641968,0,continue,2.976934357220816
9,43,2,-0.18942273875117488,0.95725,3.8047533182036846,0.6020823121070862,0,continue,2.787511618469641
9,44,0,-0.7534322483471951,0.95725,3.8785316706059727,0.6157342195510864,0,continue,2.0340793701224458
9,45,0,-0.646747998701935,0.95725,3.94967469542952,0.6321790814399719,0,continue,1.3873313714205109
9,46,0,-0.6995259475788252,0.95725,4.030483508049381,0.660235583782196,0,continue,0.6878054238416856
9,47,1,-0.580835388556826,0.95725,4.106650585760746,0.6527390480041504,0,continue,0.1069700352848596
9,48,1,-0.5306094561206096,0.95725,4.172772476984868,0.7137177586555481,0,continue,-0.42363942083575
9,49,1,-0.2240818735145766,0.95725,4.176833476531949,0.7582849860191345,0,continue,-0.6477212943503265
9,50,0,-0.1674848843776355,0.95725,4.176882722704945,0.8392844796180725,0,continue,-0.8152061787279621
9,51,0,-0.19380795059645206,0.95725,4.180050283371383,0.9258629679679871,0,continue,-1.0090141293244141
9,52,0,-0.5286745946300418,0.95725,4.252582165696382,1.0163582563400269,0,continue,-1.537688723954456
9,53,1,-0.58087295911378,0.95725,4.3287164095602195,1.0817779302597046,0,continue,-2.1185616830682363
9,54,2,-0.5336913866605175,0.95725,4.3952459749444035,1.0920995473861694,0,continue,-2.652253069728754
9,55,0,-0.6180106889740826,0.95725,4.479870135593054,1.0901285409927368,0,continue,-3.2702637587028365
9,56,0,-0.4334554632184925,0.95725,4.527222840208167,1.0846141576766968,0,continue,-3.703719221921329
9,57,1,-0.5075341376522133,0.95725,4.588572610190253,1.141284704208374,0,continue,-4.211253359573542
9,58,0,-0.585112382251705,0.95725,4.6743434164929205,1.2202260494232178,0,continue,-4.796365741825246
9,59,2,-0.3209392378641418,0.95725,4.6984225012484355,1.2956067323684692,0,continue,-5.117304979689388
9,60,0,-0.17037929864255763,0.95725,4.698668360318311,1.3627525568008423,0,continue,-5.2876842783319455
9,61,0,-0.3676766537604864,0.95725,4.7373219103422475,1.429909348487854,0,continue,-5.655360932092432
9,62,2,-0.5542477517179349,0.95725,4.808005132078844,1.4521420001983643,0,continue,-6.209608683810367
9,63,0,-0.4798106198083226,0.95725,4.870890965686281,1.5431770086288452,0,continue,-6.689419303618689
9,64,0,-0.3096225001518763,0.95725,4.895264276825593,1.5814018249511719,0,continue,-6.999041803770566
9,65,1,-0.5582491756365281,0.95725,4.966628167693511,1.5966193675994873,0,continue,-7.557290979407094
9,66,1,-0.5384798704921931,0.95725,5.034091935950611,1.6067287921905518,0,continue,-8.095770849899287
9,67,0,-0.5082688403839659,0.95725,5.098186599990355,1.6375871896743774,0,continue,-8.604039690283253
9,68,0,-0.5055297474377909,0.95725,5.164237593260793,1.7288588285446167,0,continue,-9.109569437721044
9,69,0,-0.21589979291025607,0.95725,5.171215667976804,1.7535603046417236,0,continue,-9.3254692306313
9,70,2,-0.30159213060065776,0.95725,5.191466583539623,1.7842332124710083,0,continue,-9.62706136123196
9,71,2,-0.45248260469149204,0.95725,5.2389023998287625,1.8705276250839233,0,continue,-10.07954396592345
9,72,0,-0.3817988819818626,0.95725,5.27228980545038,1.9011552333831787,0,continue,-10.461342847905314
9,73,0,-0.35386439950328513,0.95725,5.302422599274119,1.883710503578186,0,continue,-10.8152072474086
9,74,2,-0.3320734149761455,0.95725,5.323715941037067,1.8330804109573364,0,continue,-11.147280662384745
9,75,0,-0.2761047380591424,0.95725,5.335501790686166,1.8345003128051758,0,continue,-11.423385400443888
9,76,1,-0.21623059552330934,0.95725,5.335551908910882,1.7947449684143066,0,continue,-11.639615995967198
9,77,0,-0.20723812148266899,0.95725,5.340621734883903,1.7709914445877075,0,continue,-11.846854117449867
9,78,0,-0.33738363503839175,0.95725,5.356979013940443,1.7231484651565552,0,continue,-12.18423775248826
9,79,1,-0.3308246244837696,0.95725,5.381730277136284,1.694612741470337,0,continue,-12.515062376972029
9,80,1,-0.30510614664722235,0.95725,5.402270316251663,1.6899950504302979,0,continue,-12.820168523619252
9,81,2,-0.31016426210818815,0.95725,5.423718229379781,1.6573396921157837,0,continue,-13.13033278572744
9,82,2,-0.3080910244041274,0.95725,5.444808461860735,1.6657005548477173,0,continue,-13.438423810131567
9,83,0,-0.2698563309911971,0.95725,5.450340053141947,1.6729336977005005,0,continue,-13.708280141122765
9,84,0,-0.2766030659290747,0.95725,5.452646998187038,1.668125867843628,0,continue,-13.98488320705184
9,85,0,-0.312812800271499,0.95725,5.476038589621371,1.6605082750320435,0,continue,-14.29769600732334
9,86,0,-0.305446949254695,0.95725,5.502176516881348,1.6398985385894775,0,continue,-14.603142956578035
9,87,0,-0.3101716014111845,0.95725,5.525838200021392,1.6476958990097046,0,continue,-14.913314557989219
9,88,0,-0.3443906871718414,0.95725,5.55375983383534,1.651475191116333,0,continue,-15.25770524516106
9,89,0,-0.381645755245605,0.95725,5.5832462947469015,1.6492605209350586,0,continue,-15.639351000406666
9,90,0,-0.24334197543840455,0.95725,5.5936146611158035,1.6432878971099854,0,continue,-15.882692975845071
9,91,0,-0.2008805234850121,0.95725,5.594925587830151,1.6404821872711182,0,continue,-16.083573499330083
9,92,0,-0.32939698459268985,0.95725,5.620059049696423,1.6308786869049072,0,continue,-16.412970483922773
9,93,0,-0.36710395358182124,0.95725,5.654637523643822,1.6257859468460083,0,continue,-16.780074437504595
9,94,0,-0.37179935407140774,0.95725,5.686073615905057,1.6147485971450806,0,continue,-17.151873791576
9,95,0,-0.3252992006786401,0.95725,5.711985803542509,1.6110116243362427,0,continue,-17.47717299225464
9,96,0,-0.30858774730024113,0.95725,5.734615322771478,1.6201188564300537,0,continue,-17.78576073955488
9,97,0,-0.340224478046658,0.95725,5.7614789143553615,1.6127362251281738,0,continue,-18.12598521760154
9,98,0,-0.3533749547570343,0.95725,5.79284509709538,1.6084976196289062,0,continue,-18.47936017235857
9,99,0,-0.26185474001562403,0.95725,5.8052661449901795,1.5931825637817383,0,continue,-18.741214912374197
9,100,1,-0.21607098703221014,0.95725,5.808433610585406,1.587277889251709,0,continue,-18.957285899406408
9,101,0,-0.34863572172440993,0.95725,5.837272343107367,1.5962258577346802,0,continue,-19.305921621130818
9,102,0,-0.3372528637855753,0.95725,5.866207062903777,1.5803807973861694,0,continue,-19.643174484916393
9,103,1,-0.4134639739512629,0.95725,5.908495301819615,1.578893780708313,0,continue,-20.056638458867656
9,104,0,-0.3420110841329357,0.95725,5.937206572310409,1.572360873222351,0,continue,-20.39864954300059
9,105,0,-0.2108500267293207,0.95725,5.93904040451857,1.5744644403457642,0,continue,-20.609499569729913
9,106,2,-0.26882569590659267,0.95725,5.952582551054668,1.5746803283691406,0,continue,-20.878325265636505
9,107,0,-0.35235772252315645,0.95725,5.978130339528018,1.5567824840545654,0,continue,-21.23068298815966
9,108,1,-0.6183150381276941,0.95725,6.0470896834224295,1.5455238819122314,0,continue,-21.848998026287354
9,109,0,-0.4648871503009233,0.95725,6.0969361642328765,1.4659439325332642,0,continue,-22.31388517658828
9,110,0,-0.4009651789172072,0.95725,6.128067603321453,1.4643216133117676,0,continue,-22.714850355505487
9,111,0,-1.1444291726347853,0.95725,6.128952731336333,1.412142276763916,0,continue,-23.85927952814027
9,112,0,-1.3990744868902467,0.95725,6.166473427619989,1.3647736310958862,0,continue,-25.258354015030516
9,113,0,-0.23218302208984515,0.95725,6.214746920835693,1.320765495300293,0,continue,-25.49053703712036
9,114,0,-0.7458952215238304,0.95725,6.264659239020403,1.2661113739013672,0,continue,-26.236432258644193
9,115,0,-0.4947688053312503,0.95725,6.308368251633898,1.24457848072052,0,continue,-26.731201063975444
9,116,1,-0.316265465646805,0.95725,6.328041297224505,1.2246439456939697,0,continue,-27.04746652962225
9,117,2,-0.2146322747245127,0.95725,6.328706816242655,1.2209044694900513,0,continue,-27.26209880434676
9,118,2,-0.3976607042370737,0.95725,6.366820881088018,1.1926624774932861,0,continue,-27.659759508583832
9,119,0,-0.37269051753808147,0.95725,6.414670556099847,1.1698877811431885,0,continue,-28.032450026121914
9,120,0,-0.23955914010666812,0.95725,6.478194660780306,1.1252706050872803,0,continue,-28.27200916622858
9,121,0,-0.45664568421686036,0.95725,6.528829330723516,1.1010572910308838,0,continue,-28.72865485044544
9,122,0,-0.8840214759166372,0.95725,6.5795872036902505,1.0906671285629272,0,continue,-29.612676326362077
9,123,0,-0.26397424006649617,0.95725,6.585135427613082,1.0882759094238281,0,continue,-29.876650566428573
9,124,0,-0.018845138383602328,0.95725,6.609717093602593,1.0168424844741821,0,continue,-29.895495704812177
9,125,2,-0.4595722658429103,0.95725,6.661038091984868,0.922481119632721,0,continue,-30.35506797065509
9,126,1,-0.49244015686724024,0.95725,6.719428042896408,0.8703750967979431,0,continue,-30.847508127522328
9,127,2,-0.45979165870740474,0.95725,6.771282951967157,0.7793344259262085,0,continue,-31.307299786229734
9,128,2,-0.454431352421316,0.95725,6.822091218342462,0.7327030897140503,0,continue,-31.76173113865105
9,129,0,-0.4909054595394797,0.95725,6.879866659573297,0.7157235741615295,0,continue,-32.25263659819053
9,130,0,-0.4871766260239791,0.95725,6.936921919097701,0.6485908627510071,0,continue,-32.73981322421451
9,131,0,-0.24886186375791355,0.95725,6.946653182101382,0.6152771711349487,0,continue,-32.988675087972425
9,132,0,-0.20111812099295046,0.95725,6.946783714979801,0.5566521883010864,0,continue,-33.189793208965376
9,133,0,-0.38371514928772926,0.95725,6.979471165647366,0.4532511234283447,0,continue,-33.57350835825311
9,134,1,-0.5476905647221493,0.95725,7.039321501574184,0.4177747964859009,0,continue,-34.12119892297525
9,135,0,-0.49087648820901014,0.95725,7.073164117639023,0.34539276361465454,0,continue,-34.612075411184264
9,136,2,-0.5181198143633596,0.95725,7.090115462532638,0.2829756438732147,0,continue,-35.130195225547624
9,137,1,-0.501589905618461,0.95725,7.089068743798998,0.23722945153713226,0,continue,-35.63178513116608
9,138,0,-0.7422206877152147,0.95725,7.089193118126235,0.233480766415596,0,continue,-36.3740058188813
9,139,0,-31.052714795353126,0.95725,7.088695160156499,0.18148022890090942,1,crush,-67.42672061423443
10,1,0,-2.9511647808037362,0.9525,7.434562435745224,0.11999999731779099,0,continue,-2.9511647808037362
10,2,0,-0.9772748996990106,0.9525,7.434459148999998,0.11999999731779099,0,continue,-3.9284396805027466
10,3,0,-0.9654176718294509,0.9525,7.434636230431702,0.11999999731779099,0,continue,-4.893857352332198
10,4,0,-30.96981514881906,0.9525,7.4342825002052875,0.11999999731779099,1,crush,-35.86367250115126
11,1,1,-0.790783481108495,0.94775,3.7189761039765834,0.11999999731779099,0,continue,-0.790783481108495
11,2,2,-0.4660464942806262,0.94775,3.718565923084955,0.11999999731779099,0,continue,-1.2568299753891212
11,3,0,-1.0214873853093969,0.94775,3.7188331709732623,0.11999999731779099,0,continue,-2.278317360698518
11,4,0,-31.039628858794966,0.94775,3.7188100002189604,0.11999999731779099,1,crush,-33.317946219493486
12,1,0,-0.4864322351221066,0.9430000000000001,3.094464107669894,0.11999999731779099,0,continue,-0.4864322351221066
12,2,2,-0.44256614760153334,0.9430000000000001,3.0895443320964433,0.11999999731779099,0,continue,-0.9289983827236399
12,3,0,-0.9900015290200093,0.9430000000000001,3.089681991447592,0.11999999731779099,0,continue,-1.9189999117436491
12,4,0,-30.98195144498513,0.9430000000000001,3.0889586815111065,0.11999999731779099,1,crush,-32.900951356728775
13,1,1,-0.18852788558091063,0.93825,5.033698848360876,1.862300992012024,0,continue,-0.18852788558091063
13,2,2,-0.00030168348713344173,0.93825,5.0337564295914685,1.8758541345596313,0,continue,-0.18882956906804407
13,3,0,-0.01863682790608192,0.93825,5.033807111890787,1.8714679479599,0,continue,-0.207466396974126
13,4,1,0.027604433586389688,0.93825,5.030545082160701,1.8685944080352783,0,continue,-0.1798619633877363
13,5,0,0.06466511401997584,0.93825,5.016404256796757,1.8705247640609741,0,continue,-0.11519684936776046
13,6,0,0.07943160365186892,0.93825,4.993366983789306,1.8676531314849854,0,continue,-0.03576524571589154
13,7,0,0.00931805214178811,0.93825,4.984902346135356,1.8734362125396729,0,continue,-0.026447193574103432
13,8,0,-0.026082199757486223,0.93825,4.986616977461755,1.8658896684646606,0,continue,-0.05252939333158965
13,9,0,0.03986212722749873,0.93825,4.974790310520253,1.8700896501541138,0,continue,-0.01266726610409092
13,10,0,0.15996486711777425,0.93825,4.942372610986936,1.836236596107483,0,continue,0.14729760101368333
13,11,0,0.0936142655092752,0.93825,4.923381727955029,1.8268420696258545,0,continue,0.24091186652295854
13,12,0,-0.007980231520764255,0.93825,4.921782653498055,1.7933849096298218,0,continue,0.23293163500219427
13,13,0,0.015658651280062275,0.93825,4.912341514033878,1.8075878620147705,0,continue,0.24859028628225655
13,14,0,0.011153181697865389,0.93825,4.906650267720665,1.804227352142334,0,continue,0.25974346798012193
13,15,0,0.007520911028789358,0.93825,4.907400646889269,1.7697690725326538,0,continue,0.2672643790089113
13,16,0,-0.08189366577657661,0.93825,4.920199037929328,1.730246901512146,0,continue,0.1853707132323347
13,17,2,-0.10837019828107283,0.93825,4.938312168142699,1.7110018730163574,0,continue,0.07700051495126187
13,18,0,-0.03675561964854781,0.93825,4.940610264755574,1.7008229494094849,0,continue,0.04024489530271406
13,19,0,-0.005206299325554607,0.93825,4.944877308882037,1.663427710533142,0,continue,0.03503859597715945
13,20,0,-0.14184945470509114,0.93825,4.985153940285526,1.6574426889419556,0,continue,-0.1068108587279317
13,21,0,-0.14752240602533395,0.93825,5.030574994918048,1.6381913423538208,0,continue,-0.2543332647532657
13,22,0,-0.4140538569471369,0.93825,5.074499568370936,1.6402549743652344,0,continue,-0.6683871217004026
13,23,1,-0.44535900607672696,0.93825,5.122206968238521,1.6420906782150269,0,continue,-1.1137461277771297
13,24,1,-0.41811969111203273,0.93825,5.165715064806496,1.6374993324279785,0,continue,-1.5318658188891625
13,25,1,-0.21035299441789546,0.93825,5.167062672368316,1.6609480381011963,0,continue,-1.742218813307058
13,26,0,-0.2897208182988471,0.93825,5.192470882697514,1.663304328918457,0,continue,-2.031939631605905
13,27,0,-0.3544518530160454,0.93825,5.220727034011503,1.686447024345398,0,continue,-2.3863914846219503
13,28,0,-0.41441560312849807,0.93825,5.237231782244347,1.7139053344726562,0,continue,-2.8008070877504485
13,29,2,-0.25196225757045204,0.93825,5.241294259235447,1.7368311882019043,0,continue,-3.0527693453209004
13,30,2,-0.19831235037957518,0.93825,5.23648690110693,1.7528001070022583,0,continue,-3.2510816957004756
13,31,0,-0.161512311260282,0.93825,5.223245138050459,1.745292067527771,0,continue,-3.4125940069607577
13,32,0,-0.3689173647765127,0.93825,5.208317887185535,1.777785301208496,0,continue,-3.7815113717372704
13,33,0,-0.44497848339953416,0.93825,5.204915025626538,1.7839622497558594,0,continue,-4.226489855136805
13,34,0,-0.056933868941914434,0.93825,5.1582950928732885,1.7618591785430908,0,continue,-4.28342372407872
13,35,0,-0.020044171148491607,0.93825,5.123253082552093,1.7440948486328125,0,continue,-4.303467895227211
13,36,0,-0.03323507798685449,0.93825,5.091304516015407,1.7215632200241089,0,continue,-4.336702973214066
13,37,0,0.03262637433092663,0.93825,5.05275957811163,1.7015773057937622,0,continue,-4.304076598883139
13,38,0,-0.012775134700540008,0.93825,5.008556855264864,1.7076013088226318,0,continue,-4.316851733583679
13,39,0,-0.014793666150606344,0.93825,4.97069735896819,1.6974241733551025,0,continue,-4.331645399734286
13,40,2,-0.042354392795049295,0.93825,4.938368360133322,1.65363347530365,0,continue,-4.373999792529335
13,41,0,0.08831990604431089,0.93825,4.925157025098291,1.6103520393371582,0,continue,-4.285679886485024
13,42,1,0.16801649938810762,0.93825,4.903192567317788,1.528307318687439,0,continue,-4.117663387096917
13,43,0,0.2529627595446519,0.93825,4.858926877401303,1.4421064853668213,0,continue,-3.864700627552265
13,44,0,0.2512327773486694,0.93825,4.815420345022396,1.356695294380188,0,continue,-3.6134678502035955
13,45,0,0.1929896125579257,0.93825,4.7778530284577,1.3178585767745972,0,continue,-3.42047823764567
13,46,1,0.20836044951216687,0.93825,4.745511865608634,1.225502371788025,0,continue,-3.212117788133503
13,47,1,0.16135735532061174,0.93825,4.721492748014345,1.2327567338943481,0,continue,-3.050760432812891
13,48,0,0.01917605713006716,0.93825,4.721573201527507,1.2019153833389282,0,continue,-3.031584375682824
13,49,0,0.07254047401068077,0.93825,4.7132693176106555,1.109575867652893,0,continue,-2.959043901672143
13,50,0,0.1773846451507576,0.93825,4.679254970294387,1.023131012916565,0,continue,-2.7816592565213853
13,51,0,0.13953135397594138,0.93825,4.64621297125792,0.9893074035644531,0,continue,-2.642127902545444
13,52,1,0.1917305640799148,0.93825,4.614286735064815,0.8973818421363831,0,continue,-2.450397338465529
13,53,0,0.13473744424291437,0.93825,4.583418880822668,0.8709813952445984,0,continue,-2.3156598942226148
13,54,0,0.12013488688546894,0.93825,4.556271576167949,0.8652686476707458,0,continue,-2.195525007337146
13,55,1,0.03723829890085199,0.93825,4.553235613454606,0.8240525722503662,0,continue,-2.158286708436294
13,56,0,0.014407424823494445,0.93825,4.540856845826303,0.7392382025718689,0,continue,-2.1438792836127996
13,57,0,0.12736161675613836,0.93825,4.509990863487744,0.7015228867530823,0,continue,-2.0165176668566613
13,58,0,0.08221431182458158,0.93825,4.472030267785831,0.5668474435806274,0,continue,-1.9343033550320798
13,59,0,0.11463075888654477,0.93825,4.444867019232365,0.5292002558708191,0,continue,-1.8196725961455351
13,60,0,0.09979594768907232,0.93825,4.4215025952228535,0.511812686920166,0,continue,-1.7198766484564627
13,61,0,-0.04174614408876373,0.93825,4.419517253554337,0.4642842710018158,0,continue,-1.7616227925452264
13,62,0,-0.11066438066171506,0.93825,4.412191580177082,0.37516340613365173,0,continue,-1.8722871732069415
13,63,0,-0.14052167191091075,0.93825,4.406674010407449,0.3316941559314728,0,continue,-2.0128088451178523
13,64,0,-0.5917369355564158,0.93825,4.404058449301751,0.24688564240932465,0,continue,-2.6045457806742682
13,65,0,-30.894567837408292,0.93825,4.385817965318371,0.1566816121339798,1,crush,-33.49911361808256
14,1,0,-0.9542178452118204,0.9335,3.087902962160033,0.11999999731779099,0,continue,-0.9542178452118204
14,2,1,-0.4643153360535071,0.9335,3.087708156865508,0.11999999731779099,0,continue,-1.4185331812653275
14,3,2,-0.46675637890865734,0.9335,3.0874650107149106,0.11999999731779099,0,continue,-1.8852895601739847
14,4,0,-30.90119721201253,0.9335,3.0883987652752176,0.11999999731779099,1,crush,-32.786486772186514
15,1,0,0.051797837316352624,0.92875,4.476110111655738,1.4333481788635254,0,continue,0.051797837316352624
15,2,1,0.0009736989057623546,0.92875,4.475915069878227,1.4371877908706665,0,continue,0.05277153622211498
15,3,0,0.2633349527665449,0.92875,4.422659205232533,1.4427165985107422,0,continue,0.3161064889886599
15,4,2,0.4423265207409544,0.92875,4.333878613731198,1.444907546043396,0,continue,0.7584330097296144
15,5,0,0.3537588666761778,0.92875,4.2630744486050425,1.4438223838806152,0,continue,1.112191876405792
15,6,0,0.34807098084525184,0.92875,4.192450314656465,1.437045693397522,0,continue,1.4602628572510439
15,7,2,0.30846336139559355,0.92875,4.130731658960234,1.4403384923934937,0,continue,1.7687262186466375
15,8,0,0.34739590632225675,0.92875,4.060248016610146,1.4255222082138062,0,continue,2.116122124968894
15,9,2,0.4424194310997905,0.92875,3.971891907889667,1.386466145515442,0,continue,2.558541556068685
15,10,0,0.3995757838529664,0.92875,3.90112334201778,1.2969428300857544,0,continue,2.9581173399216514
15,11,0,0.4037926800954103,0.92875,3.8223825410201897,1.2450182437896729,0,continue,3.3619100200170617
15,12,0,0.1438837287241715,0.92875,3.8028286487691503,1.1422209739685059,0,continue,3.505793748741233
15,13,2,0.00025017192603387083,0.92875,3.802776989538683,1.0919179916381836,0,continue,3.506043920667267
15,14,0,0.06862851012975098,0.92875,3.795593105198843,0.9980369806289673,0,continue,3.5746724307970177
15,15,0,0.2007257456935686,0.92875,3.7594832743349813,0.9483146071434021,0,continue,3.775398176490586
15,16,2,0.231931321705128,0.92875,3.707333202307294,0.861201822757721,0,continue,4.007329498195714
15,17,0,0.18151548027279324,0.92875,3.6662718926486537,0.7945472002029419,0,continue,4.188844978468508
15,18,0,0.1406955842556469,0.92875,3.633550798731341,0.7537580728530884,0,continue,4.329540562724154
15,19,2,0.11989725486820765,0.92875,3.605265500671456,0.7583001255989075,0,continue,4.4494378175923615
15,20,0,0.07770954725255753,0.92875,3.5847341893430253,0.7079679369926453,0,continue,4.527147364844919
15,21,0,0.010292623352990454,0.92875,3.5778100711251435,0.6859738230705261,0,continue,4.537439988197909
15,22,0,-0.020244998569206696,0.92875,3.5776858480266887,0.6311818957328796,0,continue,4.5171949896287025
15,23,1,-0.018153985961364593,0.92875,3.580839063001055,0.5821639895439148,0,continue,4.499041003667338
15,24,0,-0.5198612030583599,0.92875,3.579562335387384,0.561798632144928,0,continue,3.9791798006089776
15,25,2,0.14419020683945383,0.92875,3.5746774635533205,0.5149297118186951,0,continue,4.123370007448432
15,26,0,-0.2153830812704451,0.92875,3.57388146850191,0.4873245358467102,0,continue,3.9079869261779865
15,27,1,-0.029791629020311884,0.92875,3.5784120761978127,0.4766445457935333,0,continue,3.8781952971576747
15,28,0,-0.5206287418875827,0.92875,3.584836021591587,0.4662688970565796,0,continue,3.357566555270092
15,29,0,-0.30614332213598344,0.92875,3.5858000417223925,0.4637784957885742,0,continue,3.0514232331341087
15,30,2,-0.028580507105162876,0.92875,3.585879402187374,0.4416583478450775,0,continue,3.0228427260289457
15,31,0,-0.4479949388992741,0.92875,3.5869719591335567,0.4286026656627655,0,continue,2.5748477871296718
15,32,0,-0.655891872452135,0.92875,3.5898855815046153,0.41061028838157654,0,continue,1.9189559146775368
15,33,0,-1.071734468386801,0.92875,3.586676009883074,0.39303696155548096,0,continue,0.8472214462907357
15,34,1,-0.022357549341325486,0.92875,3.573774411357107,0.3764398694038391,0,continue,0.8248638969494102
15,35,1,0.07221281751819154,0.92875,3.5453022831042036,0.3928506672382355,0,continue,0.8970767144676017
15,36,0,-1.0016631660996451,0.92875,3.50686571781663,0.38661420345306396,0,continue,-0.10458645163204339
15,37,0,-1.0349516624127542,0.92875,3.4802735605041546,0.36861851811408997,0,continue,-1.1395381140447975
15,38,0,-0.5405064415667051,0.92875,3.478692830944327,0.36435016989707947,0,continue,-1.6800445556115027
15,39,1,0.007703018638944598,0.92875,3.4553583071118585,0.35991716384887695,0,continue,-1.672341536972558
15,40,1,0.277609544265422,0.92875,3.3636232829942627,0.3156313896179199,0,continue,-1.394731992707136
15,41,1,-0.12321615860468943,0.92875,3.3420878779996066,0.2681119441986084,0,continue,-1.5179481513118254
15,42,0,-0.5594021705233011,0.92875,3.3449761372183704,0.24679480493068695,0,continue,-2.0773503218351266
15,43,0,-0.5789769926223886,0.92875,3.3487106499759687,0.23905518651008606,0,continue,-2.6563273144575152
15,44,0,-0.6191982145049226,0.92875,3.34812667063968,0.22393889725208282,0,continue,-3.275525528962438
15,45,1,-0.3078606828876554,0.92875,3.3461227372810725,0.20691490173339844,0,continue,-3.5833862118500934
15,46,0,-30.931846467980982,0.92875,3.3381610172215748,0.14355850219726562,1,crush,-34.51523267983107
16,1,1,-0.8527982907930647,0.924,7.260803020689196,0.11999999731779099,0,continue,-0.8527982907930647
16,2,0,-0.9993077054510451,0.924,7.260996981723932,0.11999999731779099,0,continue,-1.8521059962441098
16,3,0,-0.9803416023207607,0.924,7.260828091189882,0.11999999731779099,0,continue,-2.8324475985648707
16,4,0,-30.984680604979136,0.924,7.26112840486055,0.11999999731779099,1,crush,-33.81712820354401
17,1,0,-0.9588953039936947,0.91925,4.850260347531269,1.6965291500091553,0,continue,-0.9588953039936947
17,2,0,-0.008192335159967689,0.91925,4.849655720507637,1.6980175971984863,0,continue,-0.9670876391536624
17,3,2,0.34046030056689935,0.91925,4.809531510868536,1.7135415077209473,0,continue,-0.626627338586763
17,4,0,0.2116691223743201,0.91925,4.76422435249822,1.7047584056854248,0,continue,-0.4149582162124429
17,5,2,0.3877913202475903,0.91925,4.715106258445622,1.7088408470153809,0,continue,-0.02716689596485261
17,6,1,0.18975245072009636,0.91925,4.676773988049363,1.7055916786193848,0,continue,0.16258555475524375
17,7,0,0.1782331626276477,0.91925,4.64395605230135,1.6999059915542603,0,continue,0.3408187173828915
17,8,0,0.20814260871603743,0.91925,4.602684331301217,1.6911675930023193,0,continue,0.5489613260989289
17,9,0,0.18775608679782302,0.91925,4.566752010798474,1.6612550020217896,0,continue,0.736717412896752
17,10,2,0.4008350039319424,0.91925,4.527311288421519,1.5826029777526855,0,continue,1.1375524168286943
17,11,0,0.2048183778054538,0.91925,4.489358423702601,1.538652777671814,0,continue,1.342370794634148
17,12,1,0.046574564662350396,0.91925,4.479921342094764,1.4744247198104858,0,continue,1.3889453592964984
17,13,2,0.45961146520606916,0.91925,4.451438367406681,1.3642648458480835,0,continue,1.8485568245025676
17,14,0,0.16763308238309393,0.91925,4.419334620625912,1.3307181596755981,0,continue,2.0161899068856615
17,15,0,0.20708228953665517,0.91925,4.384482640978724,1.2648953199386597,0,continue,2.2232721964223168
17,16,0,0.19283195202065082,0.91925,4.350829956272896,1.1836433410644531,0,continue,2.4161041484429675
17,17,1,0.14230664460042194,0.91925,4.321930603538621,1.1851491928100586,0,continue,2.5584107930433895
17,18,0,0.12255346413154866,0.91925,4.297612861289676,1.1691244840621948,0,continue,2.680964257174938
17,19,1,0.003008853673805589,0.91925,4.296998231887389,1.1472749710083008,0,continue,2.683973110848744
17,20,2,0.361495226343877,0.91925,4.288563712550774,1.0635367631912231,0,continue,3.045468337192621
17,21,0,0.13225241783540587,0.91925,4.26644839390323,0.9895172119140625,0,continue,3.1777207550280266
17,22,0,0.12290741344186511,0.91925,4.239083835765867,0.9440941214561462,0,continue,3.300628168469892
17,23,0,0.17366389458165213,0.91925,4.202415611123231,0.8843804001808167,0,continue,3.474292063051544
17,24,0,0.20020060885024035,0.91925,4.160149231536025,0.865633487701416,0,continue,3.6744926719017843
17,25,0,0.20196012071576006,0.91925,4.115020091917109,0.8632876873016357,0,continue,3.8764527926175445
17,26,0,0.112233665942914,0.91925,4.089497113477063,0.8311300873756409,0,continue,3.9886864585604584
17,27,2,0.3149157474969896,0.91925,4.089330219180491,0.804872989654541,0,continue,4.303602206057448
17,28,0,-0.06458954043222388,0.91925,4.089330849546579,0.7558835744857788,0,continue,4.239012665625224
17,29,2,0.15990595133765223,0.91925,4.054944074058357,0.6913200616836548,0,continue,4.3989186169628764
17,30,0,0.35569089917534036,0.91925,3.9842834180246833,0.6731586456298828,0,continue,4.754609516138217
17,31,0,0.4532034304703548,0.91925,3.8869198227067394,0.6144533157348633,0,continue,5.207812946608572
17,32,0,0.2066110854642573,0.91925,3.8065074390632136,0.5916120409965515,0,continue,5.414424032072829
17,33,1,0.3988100730956748,0.91925,3.726020926851979,0.5966229438781738,0,continue,5.813234105168504
17,34,0,0.27498166141812225,0.91925,3.6895313002832912,0.5939132571220398,0,continue,6.088215766586626
17,35,0,0.11536237916773404,0.91925,3.6884843379684886,0.5231916904449463,0,continue,6.20357814575436
17,36,0,0.22860568993071445,0.91925,3.645760601567511,0.47636115550994873,0,continue,6.432183835685074
17,37,0,0.006541704326989903,0.91925,3.5972688848138907,0.3790739178657532,0,continue,6.438725540012064
17,38,0,-0.005439086744212757,0.91925,3.5597189756345085,0.333906352519989,0,continue,6.4332864532678515
17,39,0,-0.48276947535859177,0.91925,3.559280846194467,0.24036391079425812,0,continue,5.95051697790926
17,40,1,-0.30441673234200045,0.91925,3.5574451111418406,0.211411714553833,0,continue,5.6461002455672595
17,41,0,-0.6510748453670067,0.91925,3.5571420487238257,0.21774530410766602,0,continue,4.9950254002002525
17,42,0,-31.02769088602795,0.91925,3.5527317281444604,0.15194359421730042,1,crush,-26.0326654858277
18,1,1,-0.5734760174615582,0.9145,3.178520371132913,0.11999999731779099,0,continue,-0.5734760174615582
18,2,0,-1.0527532949117138,0.9145,3.1785206668145096,0.11999999731779099,0,continue,-1.626229312373272
18,3,0,-0.9850823873327683,0.9145,3.178522319138534,0.11999999731779099,0,continue,-2.6113116997060404
18,4,0,-31.003211228241213,0.9145,3.1787527107507945,0.11999999731779099,1,crush,-33.614522927947256
19,1,0,-0.59908187761808,0.9097500000000001,4.5063380537360365,1.4771981239318848,0,continue,-0.59908187761808
19,2,2,0.001053854949922961,0.9097500000000001,4.506126912075766,1.4759160280227661,0,continue,-0.598028022668157
19,3,0,0.22447463481353475,0.9097500000000001,4.461378673864199,1.477123737335205,0,continue,-0.3735533878546223
19,4,0,0.40714639935763897,0.9097500000000001,4.380371062824603,1.4824966192245483,0,continue,0.03359301150301669
19,5,1,0.36022687691347277,0.9097500000000001,4.308431259668623,1.4783192873001099,0,continue,0.39381988841648946
19,6,1,0.4036693253023625,0.9097500000000001,4.227681176194833,1.4861279726028442,0,continue,0.797489213718852
19,7,0,0.3468864689458971,0.9097500000000001,4.156045966413442,1.4919776916503906,0,continue,1.144375682664749
19,8,2,0.2701748206803684,0.9097500000000001,4.102385224531389,1.4806928634643555,0,continue,1.4145505033451176
19,9,0,0.27618278164893273,0.9097500000000001,4.048715706966546,1.465551733970642,0,continue,1.6907332849940504
19,10,2,0.40944390165103867,0.9097500000000001,3.9679352974813993,1.374589443206787,0,continue,2.100177186645089
19,11,1,0.40520916718061073,0.9097500000000001,3.887031317378396,1.331804871559143,0,continue,2.5053863538257
19,12,0,0.5010698935907739,0.9097500000000001,3.7970281497866236,1.2317811250686646,0,continue,3.006456247416474
19,13,0,0.5315767232888746,0.9097500000000001,3.697971507763546,1.1264125108718872,0,continue,3.5380329707053484
19,14,1,0.3582593817508081,0.9097500000000001,3.6263000673650883,1.0237783193588257,0,continue,3.8962923524561566
19,15,0,0.028215939788273747,0.9097500000000001,3.625454597694225,0.9906992316246033,0,continue,3.9245082922444303
19,16,2,-0.0001027020318267624,0.9097500000000001,3.625468213904413,0.8925445079803467,0,continue,3.9244055902126034
19,17,1,0.004906771782854658,0.9097500000000001,3.6244731287353393,0.7852829694747925,0,continue,3.929312361995458
19,18,0,0.20227104755263242,0.9097500000000001,3.5865299127005597,0.7365404367446899,0,continue,4.131583409548091
19,19,2,0.1934098483212326,0.9097500000000001,3.5443331410130563,0.6326824426651001,0,continue,4.324993257869323
19,20,2,0.23895892972692467,0.9097500000000001,3.4878729282107175,0.5926580429077148,0,continue,4.563952187596248
19,21,2,0.23442435778834217,0.9097500000000001,3.4323729637232168,0.5907538533210754,0,continue,4.79837654538459
19,22,0,0.13750527707367058,0.9097500000000001,3.40097639029466,0.5833457708358765,0,continue,4.935881822458261
19,23,0,0.019691640426878456,0.9097500000000001,3.3941145159344557,0.5621259808540344,0,continue,4.955573462885139
19,24,0,-0.0030049122869169054,0.9097500000000001,3.392334549116496,0.5498999357223511,0,continue,4.952568550598222
19,25,0,0.14307822481905927,0.9097500000000001,3.350928971850735,0.483999639749527,0,continue,5.095646775417282
19,26,1,0.19125014287062442,0.9097500000000001,3.308805754131805,0.44677600264549255,0,continue,5.286896918287907
19,27,0,0.16750831709763767,0.9097500000000001,3.2596888707179072,0.396068274974823,0,continue,5.454405235385544
19,28,2,0.1486476638105233,0.9097500000000001,3.2044454660736186,0.35112908482551575,0,continue,5.603052899196068
19,29,0,0.06664953913702816,0.9097500000000001,3.1680355525865167,0.3564501702785492,0,continue,5.669702438333096
19,30,0,-0.09160568874504632,0.9097500000000001,3.160887725295654,0.34210696816444397,0,continue,5.57809674958805
19,31,0,-0.19147774939514142,0.9097500000000001,3.1595731322481857,0.30517899990081787,0,continue,5.386619000192908
19,32,0,-0.49442350266655455,0.9097500000000001,3.157064698447056,0.2512270510196686,0,continue,4.8921954975263535
19,33,0,-0.6806407497226455,0.9097500000000001,3.153734922893497,0.21472355723381042,0,continue,4.211554747803708
19,34,0,-30.906586111802717,0.9097500000000001,3.144022075770423,0.15565043687820435,1,crush,-26.695031363999007
20,1,0,-2.1670946595924856,0.905,7.283651502409463,0.11999999731779099,0,continue,-2.1670946595924856
20,2,0,-1.0874052177373221,0.905,7.284433259455059,0.11999999731779099,0,continue,-3.254499877329808
20,3,0,-1.0223828455494637,0.905,7.284454063799096,0.11999999731779099,0,continue,-4.276882722879272
20,4,1,-30.468158166834677,0.905,7.28426643725289,0.11999999731779099,1,crush,-34.74504088971395
21,1,1,-0.17990194244243055,0.90025,4.528968564319196,1.480356216430664,0,continue,-0.17990194244243055
21,2,0,-0.008757460216587742,0.90025,4.528969151379758,1.4698785543441772,0,continue,-0.1886594026590183
21,3,1,0.03405172646615908,0.90025,4.522096148982972,1.4873749017715454,0,continue,-0.1546076761928592
21,4,1,0.08921824319250371,0.90025,4.50349813611835,1.4808812141418457,0,continue,-0.06538943300035549
21,5,0,0.06620775329549929,0.90025,4.48529948407165,1.4734333753585815,0,continue,0.0008183202951437957
21,6,0,-0.020669732559357074,0.90025,4.483832982705321,1.4928232431411743,0,continue,-0.01985141226421328
21,7,1,0.05266260428369076,0.90025,4.473101194455952,1.4836548566818237,0,continue,0.03281119201947748
21,8,1,0.11451655915689661,0.90025,4.446159217405603,1.486849069595337,0,continue,0.1473277511763741
21,9,0,0.13259596942694932,0.90025,4.419798379146702,1.4691510200500488,0,continue,0.2799237206033234
21,10,1,0.08233136158652996,0.90025,4.400900189480673,1.4380009174346924,0,continue,0.36225508218985336
21,11,1,0.15325418260394674,0.90025,4.370008794623221,1.425557017326355,0,continue,0.5155092647938001
21,12,0,0.12103708950736121,0.90025,4.3480914795242285,1.4058729410171509,0,continue,0.6365463543011614
21,13,0,0.30780435307983145,0.90025,4.319810556889428,1.3916367292404175,0,continue,0.9443507073809928
21,14,2,0.387662505510913,0.90025,4.2972296888120285,1.3587316274642944,0,continue,1.3320132128919058
21,15,0,-0.11066481195837316,0.90025,4.292647172948871,1.3307548761367798,0,continue,1.2213484009335327
21,16,0,-0.019525816290473463,0.90025,4.292664692415058,1.297298550605774,0,continue,1.2018225846430592
21,17,0,0.03334414617938631,0.90025,4.292701678871114,1.269862174987793,0,continue,1.2351667308224457
21,18,0,0.010704227669762789,0.90025,4.290015773723861,1.2262861728668213,0,continue,1.2458709584922085
21,19,1,0.04423074289605104,0.90025,4.278053475060634,1.1934690475463867,0,continue,1.2901017013882596
21,20,0,-0.057121590868355776,0.90025,4.276634476957768,1.1734586954116821,0,continue,1.2329801105199039
21,21,0,-0.05029117445963713,0.90025,4.282870739689784,1.175023078918457,0,continue,1.1826889360602668
21,22,0,-0.10111399132862758,0.90025,4.301597498920013,1.1707775592803955,0,continue,1.0815749447316392
21,23,0,-0.14715679851086894,0.90025,4.328049095682342,1.1672954559326172,0,continue,0.9344181462207702
21,24,0,-0.25908286990584445,0.90025,4.359125693961804,1.155541181564331,0,continue,0.6753352763149258
21,25,0,-0.39088379784893584,0.90025,4.3785701627928635,1.143678903579712,0,continue,0.28445147846599
21,26,1,-0.06799333491714651,0.90025,4.390013014192448,1.1212644577026367,0,continue,0.2164581435488435
21,27,0,-0.26641333052208727,0.90025,4.437458270556524,1.1319490671157837,0,continue,-0.049955186973243776
21,28,1,-0.47376972764104774,0.90025,4.48621671954175,1.1319513320922852,0,continue,-0.5237249146142915
21,29,0,-1.3750417184707644,0.90025,4.539292620479943,1.142831802368164,0,continue,-1.8987666330850559
21,30,0,-0.46554970214239105,0.90025,4.591678628438845,1.160099744796753,0,continue,-2.3643163352274468
21,31,0,-0.3692595751612352,0.90025,4.622246279569573,1.1523884534835815,0,continue,-2.733575910388682
21,32,0,-0.20541593995542018,0.90025,4.623088643078543,1.2034780979156494,0,continue,-2.938991850344102
21,33,0,-0.3821089275617169,0.90025,4.663365191765047,1.2166528701782227,0,continue,-3.321100777905819
21,34,0,-0.6378128972478178,0.90025,4.745967003671071,1.2751970291137695,0,continue,-3.9589136751536365
21,35,0,-0.5842389434025543,0.90025,4.8298426183037995,1.3172330856323242,0,continue,-4.54315261855619
21,36,0,-0.5107413655379194,0.90025,4.8966779077606795,1.3543097972869873,0,continue,-5.05389398409411
21,37,0,-0.5902670127805916,0.90025,4.971401125205014,1.368951678276062,0,continue,-5.644160996874701
21,38,0,-0.5759602405732472,0.90025,5.0463461613264435,1.3864840269088745,0,continue,-6.220121237447948
21,39,2,-0.5228320214383546,0.90025,5.1103699100202915,1.4416942596435547,0,continue,-6.742953258886303
21,40,0,-0.21214668778750953,0.90025,5.1227587322961705,1.5361638069152832,0,continue,-6.955099946673812
21,41,0,-0.1771325250441445,0.90025,5.122871221975961,1.5880990028381348,0,continue,-7.132232471717956
21,42,1,-0.32456187578987816,0.90025,5.147725071614261,1.680411458015442,0,continue,-7.456794347507834
21,43,0,-0.5081775573890771,0.90025,5.214939211683491,1.7216569185256958,0,continue,-7.964971904896911
21,44,0,-0.5068242507209789,0.90025,5.282510544887552,1.816595196723938,0,continue,-8.47179615561789
21,45,0,-0.5073255899216134,0.90025,5.350270578138224,1.8816887140274048,0,continue,-8.979121745539503
21,46,0,-0.5788649252837353,0.90025,5.426670532738329,1.9126851558685303,0,continue,-9.557986670823238
21,47,2,-0.5831635471671822,0.90025,5.503204819584761,1.9045048952102661,0,continue,-10.14115021799042
21,48,1,-0.3738055311379832,0.90025,5.537898598770111,1.9218934774398804,0,continue,-10.514955749128402
21,49,0,-0.1862931350905107,0.90025,5.541262188806164,1.8439228534698486,0,continue,-10.701248884218913
21,50,2,-0.4216027947751656,0.90025,5.584826957571805,1.8066374063491821,0,continue,-11.122851678994078
21,51,0,-0.4085473561031647,0.90025,5.629470658309678,1.708330512046814,0,continue,-11.531399035097243
21,52,1,-0.4544050542490239,0.90025,5.671682258602614,1.6053098440170288,0,continue,-11.985804089346267
21,53,0,-0.3788217398704222,0.90025,5.706427914773393,1.5304545164108276,0,continue,-12.36462582921669
21,54,2,-0.33332581270738826,0.90025,5.727498697377557,1.5295580625534058,0,continue,-12.697951641924078
21,55,0,-0.19630317343345294,0.90025,5.7278388736814145,1.4716954231262207,0,continue,-12.894254815357531
21,56,0,-0.24721835496070646,0.90025,5.738176073274435,1.3970719575881958,0,continue,-13.141473170318237
21,57,0,-0.22630998368653665,0.90025,5.746648707380903,1.3919401168823242,0,continue,-13.367783154004774
21,58,2,-0.049047932333088046,0.90025,5.7446475675499995,1.3229600191116333,0,continue,-13.416831086337863
21,59,1,-0.15892048368577294,0.90025,5.729644750357508,1.3025864362716675,0,continue,-13.575751570023636
21,60,0,-0.4383526360371224,0.90025,5.704033484071242,1.2844147682189941,0,continue,-14.014104206060757
21,61,0,-0.24805315081545648,0.90025,5.702397253408003,1.2783125638961792,0,continue,-14.262157356876214
21,62,1,-0.10971190720480353,0.90025,5.684084096067407,1.2546509504318237,0,continue,-14.371869264081017
21,63,0,-0.17530538208171906,0.90025,5.623051372919065,1.2439923286437988,0,continue,-14.547174646162736
21,64,0,-0.053373899723111795,0.90025,5.570831525056168,1.2413750886917114,0,continue,-14.600548545885848
21,65,1,0.1447647468242999,0.90025,5.501282217552677,1.2461464405059814,0,continue,-14.455783799061548
21,66,2,0.407292156532669,0.90025,5.453546460882386,1.2550204992294312,0,continue,-14.048491642528878
21,67,0,0.05378171246086736,0.90025,5.4417365403009645,1.2702468633651733,0,continue,-13.99470993006801
21,68,1,0.0453155021351781,0.90025,5.432303729803614,1.3232871294021606,0,continue,-13.949394427932832
21,69,0,0.1462322672487666,0.90025,5.403738397103029,1.35183846950531,0,continue,-13.803162160684066
21,70,1,0.15066086967174366,0.90025,5.36606794822986,1.3916836977005005,0,continue,-13.652501291012323
21,71,1,0.1905869096634996,0.90025,5.319817129663243,1.4529505968093872,0,continue,-13.461914381348823
21,72,2,0.49438623880108673,0.90025,5.268585736457811,1.4918217658996582,0,continue,-12.967528142547737
21,73,1,0.1859999042502465,0.90025,5.226958381924319,1.485883355140686,0,continue,-12.78152823829749
21,74,0,-0.002264533708449208,0.90025,5.225748052628011,1.5031003952026367,0,continue,-12.783792772005938
21,75,0,0.14321982654078236,0.90025,5.203563870238652,1.539476752281189,0,continue,-12.640572945465156
21,76,1,0.23580957758622234,0.90025,5.155341607193886,1.5837258100509644,0,continue,-12.404763367878934
21,77,0,0.22807780920992674,0.90025,5.10183620953278,1.5960943698883057,0,continue,-12.176685558669007
21,78,1,0.17700102641980894,0.90025,5.0587978294239555,1.6503140926361084,0,continue,-11.999684532249198
21,79,0,0.1784936526113311,0.90025,5.026271196163614,1.6766842603683472,0,continue,-11.821190879637866
21,80,0,0.10410305128317535,0.90025,4.998818959255655,1.6659034490585327,0,continue,-11.71708782835469
21,81,2,-0.014923707447682986,0.90025,4.99831153153648,1.7186200618743896,0,continue,-11.732011535802373
21,82,0,0.019765591356853678,0.90025,4.992148711099321,1.7416797876358032,0,continue,-11.71224594444552
21,83,0,0.1715890707872582,0.90025,4.9572925431179415,1.8116880655288696,0,continue,-11.540656873658262
21,84,1,0.24613990420593562,0.90025,4.9179098567705255,1.8365662097930908,0,continue,-11.294516969452326
21,85,2,0.1688986656809508,0.90025,4.8834130504124555,1.8929576873779297,0,continue,-11.125618303771375
21,86,2,0.17788801453945113,0.90025,4.846330124473779,1.9102542400360107,0,continue,-10.947730289231924
21,87,0,0.23138739582329504,0.90025,4.807788478146172,1.9260333776474,0,continue,-10.716342893408628
21,88,0,0.11760702776940452,0.90025,4.794784160656946,1.9282234907150269,0,continue,-10.598735865639224
21,89,0,-0.012452197800458807,0.90025,4.79320864181839,1.9357503652572632,0,continue,-10.611188063439682
21,90,1,0.16740209399183328,0.90025,4.759709432974698,1.8746533393859863,0,continue,-10.443785969447848
21,91,0,0.18444473878763065,0.90025,4.725184594827407,1.851619005203247,0,continue,-10.259341230660217
21,92,2,0.2436707458549578,0.90025,4.6885075270801275,1.7835118770599365,0,continue,-10.01567048480526
21,93,0,0.17745111954638448,0.90025,4.657118612889227,1.7461152076721191,0,continue,-9.838219365258874
21,94,2,0.2621495413293736,0.90025,4.622669330964754,1.7142915725708008,0,continue,-9.576069823929501
21,95,0,0.027351144224052694,0.90025,4.610988814584281,1.71251380443573,0,continue,-9.548718679705448
21,96,0,0.016249651500431117,0.90025,4.607913125193845,1.6751625537872314,0,continue,-9.532469028205018
21,97,0,0.11829565298402842,0.90025,4.5903723938946674,1.6199991703033447,0,continue,-9.41417337522099
21,98,0,0.11508191786708796,0.90025,4.569214329629179,1.599411129951477,0,continue,-9.299091457353903
21,99,1,0.12019182151887609,0.90025,4.537217351839358,1.5441044569015503,0,continue,-9.178899635835027
21,100,1,0.16703183387913578,0.90025,4.497129079693118,1.5150877237319946,0,continue,-9.01186780195589
21,101,0,0.14756963851264715,0.90025,4.463462189456541,1.4776138067245483,0,continue,-8.864298163443243
21,102,1,0.31027782706686524,0.90025,4.396536161441987,1.4739407300949097,0,continue,-8.554020336376377
21,103,1,0.0469123110284078,0.90025,4.380962062983996,1.4433382749557495,0,continue,-8.50710802534797
21,104,0,-0.10555633081835306,0.90025,4.373808310693182,1.397524118423462,0,continue,-8.612664356166322
21,105,0,0.4668335198146816,0.90025,4.2836389247648095,1.3384603261947632,0,continue,-8.14583083635164
21,106,1,0.44066028598246315,0.90025,4.19395413595692,1.294044017791748,0,continue,-7.705170550369178
21,107,0,0.5100997711362534,0.90025,4.0954224181750565,1.2696001529693604,0,continue,-7.195070779232925
21,108,0,0.3832069867959329,0.90025,4.005341256028895,1.2323461771011353,0,continue,-6.811863792436991
21,109,0,0.3411488854681516,0.90025,3.932399395689687,1.237886667251587,0,continue,-6.47071490696884
21,110,2,-0.002262712576232895,0.90025,3.9319520923080185,1.1451451778411865,0,continue,-6.472977619545072
21,111,0,0.3518682832896731,0.90025,3.8698650393697953,1.0573211908340454,0,continue,-6.121109336255399
21,112,0,0.46449977578547214,0.90025,3.7802850666219134,1.0069302320480347,0,continue,-5.656609560469927
21,113,2,0.5381929575594656,0.90025,3.6726072606146833,0.8580540418624878,0,continue,-5.118416602910461
21,114,1,0.4020091322710245,0.90025,3.591778645860966,0.8237043619155884,0,continue,-4.716407470639436
21,115,1,0.4439773968889992,0.90025,3.502832309215298,0.7941069602966309,0,continue,-4.272430073750437
21,116,0,0.13085041399663802,0.90025,3.4825759769898945,0.7341536283493042,0,continue,-4.141579659753798
21,117,0,0.1148194921598569,0.90025,3.463917616874599,0.6469919085502625,0,continue,-4.026760167593942
21,118,2,0.3963326554977127,0.90025,3.3846195050239998,0.6025742292404175,0,continue,-3.630427512096229
21,119,2,0.4500630836279103,0.90025,3.2944513267233795,0.5052428841590881,0,continue,-3.1803644284683186
21,120,0,0.4275625291380899,0.90025,3.2044867113997726,0.4042471945285797,0,continue,-2.752801899330229
21,121,0,-0.00014478857490443642,0.90025,3.181689251661109,0.36840468645095825,0,continue,-2.7529466879051334
21,122,0,-0.15370469671020504,0.90025,3.184569333971821,0.3620745837688446,0,continue,-2.9066513846153383
21,123,0,-0.3143767337918769,0.90025,3.183872955332184,0.2867201566696167,0,continue,-3.221028118407215
21,124,0,-30.807365584696633,0.90025,3.1835184354917274,0.18118071556091309,1,crush,-34.028393703103845
22,1,2,-0.4684954691859163,0.8955,7.808282830824053,0.11999999731779099,0,continue,-0.4684954691859163
22,2,1,-0.46643525086475673,0.8955,7.808047750369927,0.11999999731779099,0,continue,-0.934930720050673
22,3,0,-2.7697176312256198,0.8955,7.8082235939249856,0.11999999731779099,0,continue,-3.7046483512762927
22,4,0,-32.86136973651373,0.8955,7.808190937062255,0.11999999731779099,1,crush,-36.56601808779002
23,1,1,-0.8721997335251832,0.89075,3.0894709736714536,0.11999999731779099,0,continue,-0.8721997335251832
23,2,0,-1.0031177716627928,0.89075,3.0894809116709068,0.11999999731779099,0,continue,-1.875317505187976
23,3,0,-1.0142455184717085,0.89075,3.0892626788873794,0.11999999731779099,0,continue,-2.8895630236596848
23,4,0,-31.00855205177856,0.89075,3.0894176871376455,0.11999999731779099,1,crush,-33.89811507543825
24,1,0,-0.8723564990826456,0.886,5.012385928686093,1.8528430461883545,0,continue,-0.8723564990826456
24,2,2,0.14070374338320563,0.886,4.994950029584995,1.8636950254440308,0,continue,-0.7316527556994399
24,3,0,0.20894688744654294,0.886,4.951882858176745,1.861153244972229,0,continue,-0.5227058682528969
24,4,0,0.1968721861820052,0.886,4.914707443855895,1.862540602684021,0,continue,-0.3258336820708917
24,5,2,0.26618453750783444,0.886,4.870187534582038,1.854540228843689,0,continue,-0.059649144563057255
24,6,1,0.17419111226019907,0.886,4.834877861668805,1.857523798942566,0,continue,0.11454196769714181
24,7,2,0.20077253872979756,0.886,4.804422218943344,1.846015214920044,0,continue,0.31531450642693937
24,8,0,0.16755273912898067,0.886,4.77481737969649,1.7979408502578735,0,continue,0.48286724555592003
24,9,0,0.15925599678346594,0.886,4.746086650524604,1.770550012588501,0,continue,0.642123242339386
24,10,0,0.18510764344305186,0.886,4.714866329435193,1.6960593461990356,0,continue,0.8272308857824379
24,11,2,0.2776651483591346,0.886,4.688062255923561,1.6649283170700073,0,continue,1.1048960341415723
24,12,0,0.1677169499501861,0.886,4.6586243422568225,1.593324065208435,0,continue,1.2726129840917584
24,13,1,0.012500296118926424,0.886,4.656085206565884,1.5292878150939941,0,continue,1.2851132802106848
24,14,0,0.01887871083632341,0.886,4.654796552294935,1.4944099187850952,0,continue,1.3039919910470081
24,15,0,0.09982602859973942,0.886,4.640616015862952,1.427515983581543,0,continue,1.4038180196467476
24,16,0,0.09257783942992681,0.886,4.620897530876543,1.382692575454712,0,continue,1.4963958590766744
24,17,2,0.34526567983654866,0.886,4.592297008363946,1.330607295036316,0,continue,1.8416615389132232
24,18,0,0.1322433340193563,0.886,4.56366489211429,1.2939375638961792,0,continue,1.9739048729325794
24,19,0,0.1691322528995145,0.886,4.5272308250242705,1.2829620838165283,0,continue,2.1430371258320937
24,20,0,0.13171365741932967,0.886,4.494583032699425,1.2837592363357544,0,continue,2.2747507832514233
24,21,0,0.004950619465676303,0.886,4.493048026276206,1.2655837535858154,0,continue,2.2797014027170994
24,22,1,0.08757837260530302,0.886,4.474823774251874,1.2420145273208618,0,continue,2.3672797753224026
24,23,0,0.3150279603239157,0.886,4.397721545845181,1.2133575677871704,0,continue,2.6823077356463183
24,24,1,0.32564690833516685,0.886,4.330557374069447,1.1712127923965454,0,continue,3.0079546439814853
24,25,0,0.3570733472899497,0.886,4.264614892566667,1.1354191303253174,0,continue,3.365027991271435
24,26,0,0.391523603813767,0.886,4.198047890793434,1.0835273265838623,0,continue,3.756551595085202
24,27,0,0.2781217778264617,0.886,4.131268938050311,1.0628808736801147,0,continue,4.034673372911664
24,28,1,0.08874081378378554,0.886,4.112571055599973,1.0557485818862915,0,continue,4.12341418669545
24,29,1,0.1149173574507941,0.886,4.088378840651144,0.9553313851356506,0,continue,4.238331544146244
24,30,2,0.3696338485573252,0.886,4.014032805585773,0.8946242332458496,0,continue,4.607965392703569
24,31,1,0.37991456817171093,0.886,3.9395261992026405,0.7963086366653442,0,continue,4.98787996087528
24,32,0,0.3981420558687903,0.886,3.8648108352090835,0.7110099196434021,0,continue,5.386022016744071
24,33,1,0.37058508336506774,0.886,3.790306743556346,0.6788269281387329,0,continue,5.756607100109139
24,34,0,0.3445788529497866,0.886,3.7245306388667707,0.6827476024627686,0,continue,6.101185953058925
24,35,0,0.14392568713157164,0.886,3.699904803118689,0.6453694701194763,0,continue,6.245111640190497
24,36,0,0.06753915406046176,0.886,3.693310562766742,0.5464048981666565,0,continue,6.312650794250959
24,37,1,0.19145888537597006,0.886,3.6544303004627325,0.4886154532432556,0,continue,6.504109679626929
24,38,0,0.14731773625560246,0.886,3.604648267976393,0.39089784026145935,0,continue,6.651427415882531
24,39,0,-0.21572223122171696,0.886,3.5711152661788437,0.2961275279521942,0,continue,6.435705184660814
24,40,0,-0.5941876805691677,0.886,3.575990784468108,0.23389935493469238,0,continue,5.841517504091646
24,41,2,-0.30742873761664175,0.886,3.576819991597521,0.222467839717865,0,continue,5.534088766475005
24,42,0,-30.738033883886906,0.886,3.575944603577547,0.19564877450466156,1,crush,-25.2039451174119
25,1,0,-1.230636663701843,0.88125,3.3359428980067856,0.11999999731779099,0,continue,-1.230636663701843
25,2,0,-1.0512326979263458,0.88125,3.3359403280395052,0.12132088094949722,0,continue,-2.281869361628189
25,3,0,-1.0010395832463181,0.88125,3.3359322387884043,0.11999999731779099,0,continue,-3.2829089448745075
25,4,0,-30.967855381129255,0.88125,3.3359001005788143,0.11999999731779099,1,crush,-34.25076432600376
26,1,2,-0.059089587215717665,0.8765000000000001,4.574474110659749,1.5434280633926392,0,continue,-0.059089587215717665
26,2,0,0.00735828613068581,0.8765000000000001,4.574322114818742,1.548501968383789,0,continue,-0.05173130108503186
26,3,2,0.11284563984905512,0.8765000000000001,4.551749043604599,1.5481507778167725,0,continue,0.06111433876402326
26,4,0,0.22403522497536357,0.8765000000000001,4.508393724071614,1.5533783435821533,0,continue,0.2851495637393868
26,5,2,0.15802317062740623,0.8765000000000001,4.471769224956689,1.5587172508239746,0,continue,0.44317273436679305
26,6,2,0.12140791966561212,0.8765000000000001,4.441855337696496,1.5539767742156982,0,continue,0.5645806540324052
26,7,1,0.20271892658757634,0.8765000000000001,4.393409176292769,1.553148865699768,0,continue,0.7672995806199816
26,8,0,0.1355540380807528,0.8765000000000001,4.362745958425788,1.548021674156189,0,continue,0.9028536187007344
26,9,0,0.11326574401187538,0.8765000000000001,4.336671242293417,1.5316585302352905,0,continue,1.0161193627126097
26,10,2,0.08956418280163883,0.8765000000000001,4.312374917421374,1.4760572910308838,0,continue,1.1056835455142486
26,11,0,0.017353110559400208,0.8765000000000001,4.300232112203306,1.43868887424469,0,continue,1.1230366560736489
26,12,0,0.007887871107449484,0.8765000000000001,4.297902405591764,1.3948653936386108,0,continue,1.1309245271810984
26,13,0,-0.01829388594673031,0.8765000000000001,4.304647176578214,1.3413119316101074,0,continue,1.112630641234368
26,14,0,-0.031562791399556867,0.8765000000000001,4.305432346222605,1.3241782188415527,0,continue,1.0810678498348112
26,15,2,-0.004282831551041433,0.8765000000000001,4.305248912239088,1.2598344087600708,0,continue,1.0767850182837697
26,16,1,-0.06033455667766292,0.8765000000000001,4.315011569343385,1.2517759799957275,0,continue,1.0164504616061067
26,17,1,-0.111994033366746,0.8765000000000001,4.336939398581764,1.2343357801437378,0,continue,0.9044564282393608
26,18,0,-0.41245857340311937,0.8765000000000001,4.365874465038369,1.2257202863693237,0,continue,0.4919978548362414
26,19,0,-0.36196003318564673,0.8765000000000001,4.393270080106873,1.2243796586990356,0,continue,0.1300378216505947
26,20,1,-0.17884497307533387,0.8765000000000001,4.4289630810721645,1.2139701843261719,0,continue,-0.04880715142473918
26,21,0,-0.04403937995526026,0.8765000000000001,4.46032519263155,1.2273870706558228,0,continue,-0.09284653137999944
26,22,0,-0.06141425196282405,0.8765000000000001,4.484744379703498,1.2324401140213013,0,continue,-0.1542607833428235
26,23,2,-0.004984398910795651,0.8765000000000001,4.4851137760453845,1.2445249557495117,0,continue,-0.15924518225361917
26,24,1,-0.05017481222683053,0.8765000000000001,4.4947845456976,1.2645310163497925,0,continue,-0.2094199944804497
26,25,0,-0.31604823322740594,0.8765000000000001,4.519639330296093,1.2947748899459839,0,continue,-0.5254682277078556
26,26,0,-0.34887745684763244,0.8765000000000001,4.549162170375613,1.3127104043960571,0,continue,-0.874345684555488
26,27,0,-0.40111593496843845,0.8765000000000001,4.5886196098516105,1.3394088745117188,0,continue,-1.2754616195239263
26,28,0,-0.4834943436906722,0.8765000000000001,4.633446301447269,1.3423978090286255,0,continue,-1.7589559632145986
26,29,1,-0.4281381854574371,0.8765000000000001,4.67427721657354,1.3483589887619019,0,continue,-2.1870941486720357
26,30,0,-0.24854471340203005,0.8765000000000001,4.674960847773054,1.352537989616394,0,continue,-2.435638862074066
26,31,0,-0.6479656213633171,0.8765000000000001,4.709884003513622,1.3677834272384644,0,continue,-3.083604483437383
26,32,0,-0.689560375664539,0.8765000000000001,4.78160269981163,1.3851736783981323,0,continue,-3.7731648591019216
26,33,0,-0.7699047697490136,0.8765000000000001,4.870450361168218,1.4161121845245361,0,continue,-4.543069628850935
26,34,0,-0.5952583670648239,0.8765000000000001,4.950656515006946,1.4335100650787354,0,continue,-5.138327995915759
26,35,2,-0.6974074364935836,0.8765000000000001,5.048832063382965,1.4624780416488647,0,continue,-5.835735432409343
26,36,2,-0.33287044742909,0.8765000000000001,5.075298926251001,1.469705581665039,0,continue,-6.168605879838433
26,37,2,-0.2429510153489597,0.8765000000000001,5.082788982843816,1.5490108728408813,0,continue,-6.411556895187393
26,38,0,-0.4307787283240353,0.8765000000000001,5.134759423734488,1.6429860591888428,0,continue,-6.842335623511428
26,39,0,-1.3227985527761028,0.8765000000000001,5.181158714051656,1.6972225904464722,0,continue,-8.16513417628753
26,40,1,-0.4747958492847011,0.8765000000000001,5.22836800332017,1.7890663146972656,0,continue,-8.639930025572232
26,41,0,-0.41677484731680225,0.8765000000000001,5.271646261391124,1.8378396034240723,0,continue,-9.056704872889034
26,42,0,-0.38552857454853123,0.8765000000000001,5.305647000679998,1.8398610353469849,0,continue,-9.442233447437564
26,43,2,-0.22519926908908372,0.8765000000000001,5.306786617845793,1.8657255172729492,0,continue,-9.667432716526648
26,44,1,-0.29920697174602473,0.8765000000000001,5.325995698487892,1.9225585460662842,0,continue,-9.966639688272672
26,45,0,-0.30295602613445616,0.8765000000000001,5.353521560832898,1.9274494647979736,0,continue,-10.269595714407128
26,46,0,-0.4018323993616169,0.8765000000000001,5.385503303759233,1.8663415908813477,0,continue,-10.671428113768744
26,47,2,-0.35228446054562446,0.8765000000000001,5.407335103425003,1.8292690515518188,0,continue,-11.023712574314368
26,48,0,-0.2768196283739248,0.8765000000000001,5.418568373550114,1.7844676971435547,0,continue,-11.300532202688293
26,49,0,-0.18557535756340063,0.8765000000000001,5.41885444534888,1.7718515396118164,0,continue,-11.486107560251694
26,50,0,-0.19852752067178092,0.8765000000000001,5.418099226349121,1.7402117252349854,0,continue,-11.684635080923476
26,51,0,-0.2139000131927804,0.8765000000000001,5.422174154055002,1.6840959787368774,0,continue,-11.898535094116257
26,52,0,-0.3489942894651623,0.8765000000000001,5.4373083868230045,1.647693157196045,0,continue,-12.24752938358142
26,53,0,-0.3267542484280964,0.8765000000000001,5.462630197036616,1.6332814693450928,0,continue,-12.574283632009516
26,54,0,-0.3541117808522173,0.8765000000000001,5.498115673346674,1.6116975545883179,0,continue,-12.928395412861734
26,55,0,-0.4056207113221276,0.8765000000000001,5.535969992798587,1.6154298782348633,0,continue,-13.334016124183862
26,56,0,-0.2907120237457692,0.8765000000000001,5.540193406711126,1.6143574714660645,0,continue,-13.62472814792963
26,57,2,-0.2616783117283704,0.8765000000000001,5.55171321399905,1.5976616144180298,0,continue,-13.886406459658001
26,58,2,-0.6040879273928719,0.8765000000000001,5.6294783813748115,1.5717360973358154,0,continue,-14.490494387050873
26,59,0,-0.52886754407909,0.8765000000000001,5.69973233942797,1.533239483833313,0,continue,-15.019361931129962
26,60,0,-0.5700080355294224,0.8765000000000001,5.770352143812321,1.4949982166290283,0,continue,-15.589369966659385
26,61,0,-0.5251477671227092,0.8765000000000001,5.83433588332469,1.478800892829895,0,continue,-16.114517733782094
26,62,0,-0.53494137320573,0.8765000000000001,5.901434750670911,1.4847166538238525,0,continue,-16.649459106987823
26,63,2,-0.23926996755276894,0.8765000000000001,5.908830232578834,1.440747857093811,0,continue,-16.888729074540592
26,64,2,-0.2874602329593007,0.8765000000000001,5.92565702203842,1.3954336643218994,0,continue,-17.176189307499893
26,65,0,-0.5128645245316397,0.8765000000000001,5.997108109524561,1.3076249361038208,0,continue,-17.689053832031533
26,66,0,-0.5524595667918444,0.8765000000000001,6.069581812345009,1.2652257680892944,0,continue,-18.24151339882338
26,67,0,-0.5714194053808668,0.8765000000000001,6.150793307332969,1.1682898998260498,0,continue,-18.812932804204245
26,68,0,-0.6171109457182331,0.8765000000000001,6.240009077871937,1.0988341569900513,0,continue,-19.43004374992248
26,69,0,-0.5202727847278729,0.8765000000000001,6.304549180092282,1.0863417387008667,0,continue,-19.95031653465035
26,70,0,-0.1877874201918604,0.8765000000000001,6.305974894985419,1.0364007949829102,0,continue,-20.13810395484221
26,71,1,-0.20101767595984352,0.8765000000000001,6.306018497528198,0.9509092569351196,0,continue,-20.339121630802055
26,72,0,-0.24523929205960618,0.8765000000000001,6.326110097389824,0.8503125309944153,0,continue,-20.58436092286166
26,73,0,-0.4309132029850988,0.8765000000000001,6.374322000057185,0.7631370425224304,0,continue,-21.01527412584676
26,74,0,-0.41784782502331497,0.8765000000000001,6.413038206903828,0.7199999690055847,0,continue,-21.433121950870074
26,75,2,-0.38685202870117696,0.8765000000000001,6.443005046029157,0.6863120198249817,0,continue,-21.81997397957125
26,76,0,-0.32483810227249055,0.8765000000000001,6.464825997935281,0.681267261505127,0,continue,-22.144812081843742
26,77,0,-0.2943701925791598,0.8765000000000001,6.480239420531393,0.677398681640625,0,continue,-22.4391822744229
26,78,0,-0.23731223350410302,0.8765000000000001,6.485510132168406,0.6440746784210205,0,continue,-22.676494507927003
26,79,1,-0.23389241260038393,0.8765000000000001,6.488238709677243,0.5857304334640503,0,continue,-22.910386920527387
26,80,1,-0.1743876592157977,0.8765000000000001,6.487647414214842,0.5646368265151978,0,continue,-23.084774579743183
26,81,0,-0.28090957962132496,0.8765000000000001,6.487499161906872,0.5079763531684875,0,continue,-23.36568415936451
26,82,0,-0.17774948532814305,0.8765000000000001,6.484230572087674,0.48083457350730896,0,continue,-23.54343364469265
26,83,2,-0.1729078770956263,0.8765000000000001,6.4745229385092795,0.47439998388290405,0,continue,-23.716341521788276
26,84,0,-1.0543141722073726,0.8765000000000001,6.469175019343038,0.44924333691596985,0,continue,-24.77065569399565
26,85,2,-0.1964968277832288,0.8765000000000001,6.46244023048196,0.44516006112098694,0,continue,-24.96715252177888
26,86,0,-0.3084831778103647,0.8765000000000001,6.455208504638895,0.44451403617858887,0,continue,-25.275635699589245
26,87,0,-0.24103278166677355,0.8765000000000001,6.45222830027193,0.4447058141231537,0,continue,-25.51666848125602
26,88,0,-0.12249271081344562,0.8765000000000001,6.447762376169708,0.4543858468532562,0,continue,-25.639161192069466
26,89,0,-0.17539538921354506,0.8765000000000001,6.444766544410604,0.45987680554389954,0,continue,-25.81455658128301
26,90,0,-0.2366952535057091,0.8765000000000001,6.444036582188923,0.4654138684272766,0,continue,-26.05125183478872
26,91,0,-0.24024235514134554,0.8765000000000001,6.444053389156605,0.4665532410144806,0,continue,-26.291494189930063
26,92,0,-0.21013035782441283,0.8765000000000001,6.444066947117116,0.48239997029304504,0,continue,-26.501624547754474
26,93,2,-0.20666695174368863,0.8765000000000001,6.443613720711595,0.4752827286720276,0,continue,-26.708291499498163
26,94,0,-0.16935546447873429,0.8765000000000001,6.441266274359203,0.49385008215904236,0,continue,-26.877646963976897
26,95,2,-0.19129236844252107,0.8765000000000001,6.439115472252108,0.49579936265945435,0,continue,-27.06893933241942
26,96,0,-0.19941105069984846,0.8765000000000001,6.438733621517608,0.5029343962669373,0,continue,-27.268350383119266
26,97,0,-0.008754215291293721,0.8765000000000001,6.438416080980932,0.5023212432861328,0,continue,-27.27710459841056
26,98,0,0.001333443548799074,0.8765000000000001,6.439346993425722,0.5006580948829651,0,continue,-27.27577115486176
26,99,0,-0.00883292542609414,0.8765000000000001,6.4417522626577215,0.5014534592628479,0,continue,-27.284604080287856
26,100,0,-0.0016468230641401899,0.8765000000000001,6.442963957345393,0.5108974575996399,0,continue,-27.286250903351995
26,101,1,-0.00015229291193805672,0.8765000000000001,6.442965135892516,0.5154624581336975,0,continue,-27.286403196263933
26,102,0,-0.001998464776249209,0.8765000000000001,6.44328609092234,0.5164392590522766,0,continue,-27.288401661040183
26,103,1,-0.018242904817775973,0.8765000000000001,6.446606187938301,0.5361887812614441,0,continue,-27.306644565857958
26,104,1,-0.02429725619187558,0.8765000000000001,6.451124967043018,0.5322799682617188,0,continue,-27.330941822049834
26,105,1,-0.22928844718696115,0.8765000000000001,6.456613158443754,0.5450009107589722,0,continue,-27.560230269236794
26,106,1,-0.23462417392100515,0.8765000000000001,6.4631420416593635,0.5463937520980835,0,continue,-27.7948544431578
26,107,0,-0.23180521951170366,0.8765000000000001,6.470642994138275,0.5472765564918518,0,continue,-28.026659662669502
26,108,2,-0.2102115297779949,0.8765000000000001,6.472613679868014,0.5440239310264587,0,continue,-28.236871192447495
26,109,2,-0.20695518054092898,0.8765000000000001,6.473943339865493,0.5604804158210754,0,continue,-28.443826372988426
26,110,2,-0.2444198874942241,0.8765000000000001,6.482467414270393,0.5647954940795898,0,continue,-28.68824626048265
26,111,0,-0.2536889539304976,0.8765000000000001,6.493720546415538,0.5700952410697937,0,continue,-28.94193521441315
26,112,0,-0.23553901503630098,0.8765000000000001,6.502415347374829,0.5855000615119934,0,continue,-29.17747422944945
26,113,2,-0.27477339197969836,0.8765000000000001,6.516903536516379,0.5802066922187805,0,continue,-29.45224762142915
26,114,0,-0.27126435656863296,0.8765000000000001,6.531410789964892,0.5889425873756409,0,continue,-29.723511977997784
26,115,0,-0.25610923000593655,0.8765000000000001,6.543820086933914,0.5836881399154663,0,continue,-29.97962120800372
26,116,2,-0.20102912974918438,0.8765000000000001,6.544022445315183,0.6081443428993225,0,continue,-30.180650337752905
26,117,2,-0.21612168912406216,0.8765000000000001,6.547156800506332,0.6085925102233887,0,continue,-30.396772026876967
26,118,0,-0.23953532076040412,0.8765000000000001,6.554993070988546,0.6154776215553284,0,continue,-30.63630734763737
26,119,2,-0.23704932819018662,0.8765000000000001,6.555835236475745,0.6339988708496094,0,continue,-30.873356675827555
26,120,2,-0.19683245552739748,0.8765000000000001,6.547728625715224,0.6285228729248047,0,continue,-31.07018913135495
26,121,2,-0.12146145902517667,0.8765000000000001,6.527651234940978,0.628555953502655,0,continue,-31.191650590380128
26,122,1,0.2772499915196023,0.8765000000000001,6.50527529393003,0.6366794109344482,0,continue,-30.914400598860524
26,123,0,-0.07471421012527837,0.8765000000000001,6.474897063691968,0.6326451301574707,0,continue,-30.989114808985804
26,124,2,-0.09256208061333265,0.8765000000000001,6.448016474274643,0.6288062334060669,0,continue,-31.081676889599137
26,125,0,-0.3447170492228344,0.8765000000000001,6.446897343242047,0.6446580290794373,0,continue,-31.42639393882197
26,126,0,-0.30457191437118764,0.8765000000000001,6.443854950451001,0.6458067893981934,0,continue,-31.730965853193158
26,127,0,0.1478452381123482,0.8765000000000001,6.409594547600108,0.6706393957138062,0,continue,-31.58312061508081
26,128,0,0.14626577774456972,0.8765000000000001,6.377392750274155,0.7063013911247253,0,continue,-31.436854837336238
26,129,0,0.10399823020088164,0.8765000000000001,6.357332244744538,0.735755443572998,0,continue,-31.332856607135355
26,130,2,0.09178941056505519,0.8765000000000001,6.338974362631527,0.7573987245559692,0,continue,-31.2410671965703
26,131,2,0.056256288458444915,0.8765000000000001,6.322544305099555,0.780188262462616,0,continue,-31.184810908111853
26,132,0,0.018633790300864664,0.8765000000000001,6.313901837001549,0.7791232466697693,0,continue,-31.16617711781099
26,133,0,-0.01532035364209223,0.8765000000000001,6.313271224109039,0.7950007319450378,0,continue,-31.18149747145308
26,134,0,-0.0038379254925912064,0.8765000000000001,6.313362515495205,0.8539381623268127,0,continue,-31.18533539694567
26,135,0,0.019922723214283223,0.8765000000000001,6.313227315797002,0.887187123298645,0,continue,-31.16541267373139
26,136,0,0.024403908864767565,0.8765000000000001,6.317839151180576,0.9329659342765808,0,continue,-31.141008764866623
26,137,2,-0.052457011120432516,0.8765000000000001,6.325920399765449,0.9827740788459778,0,continue,-31.193465775987054
26,138,0,-0.07717621291515496,0.8765000000000001,6.34386911243354,0.9923949241638184,0,continue,-31.27064198890221
26,139,2,-0.2561167963140059,0.8765000000000001,6.383896889830543,1.0085934400558472,0,continue,-31.526758785216217
26,140,1,-0.19756937125849935,0.8765000000000001,6.42013051503495,1.0096983909606934,0,continue,-31.724328156474716
26,141,2,-0.2273018484554878,0.8765000000000001,6.462744894770452,1.0060145854949951,0,continue,-31.951630004930202
26,142,1,-0.09718538566909007,0.8765000000000001,6.477570264668493,1.0206953287124634,0,continue,-32.048815390599295
26,143,0,-0.09417632259579233,0.8765000000000001,6.477764621683975,1.0292441844940186,0,continue,-32.14299171319509
26,144,0,-0.1519954626316538,0.8765000000000001,6.522711793891682,1.0473861694335938,0,continue,-32.29498717582674
