episode,step,action,reward,epsilon,distance_to_goal,min_laser,done,reason,total_reward_so_far,monitor_delta_v
1,1,0,0.0,0.9988125,5.999952545853748,0.8980798721313477,0,continue,0.0,0
1,2,1,0.1625836086807329,0.9988125,5.967947767443361,0.9159789085388184,0,continue,0.1625836086807329,0
1,3,2,0.05738435529456384,0.9988125,5.896315363655783,0.9891668558120728,0,continue,0.21996796397529675,0
1,4,0,0.04000918583783908,0.9988125,5.884445615260856,1.0052260160446167,0,continue,0.2599771498131358,0
1,5,0,-0.07206303532428412,0.9988125,5.888497137009386,1.0236667394638062,0,continue,0.18791411448885167,0
1,6,1,-0.08557503834819417,0.9988125,5.904935163328837,1.009805679321289,0,continue,0.1023390761406575,0
1,7,1,-0.05593255760717388,0.9988125,5.909898484127103,1.0025628805160522,0,continue,0.04640651853348362,0
1,8,0,0.050330506036172444,0.9988125,5.896061598023119,1.0115941762924194,0,continue,0.09673702456965606,0
1,9,0,0.36003864881103775,0.9988125,5.823617299378302,1.0517785549163818,0,continue,0.4567756733806938,0
1,10,0,0.3418289533937283,0.9988125,5.756522677007599,1.09595787525177,0,continue,0.7986046267744221,0
1,11,0,0.41565919290278236,0.9988125,5.6819292360206965,1.1957110166549683,0,continue,1.2142638196772044,0
1,12,1,0.2433008130544007,0.9988125,5.6332673553160255,1.291711449623108,0,continue,1.4575646327316052,0
1,13,0,0.10427177616034587,0.9988125,5.610348666318141,1.303518533706665,0,continue,1.561836408891951,0
1,14,1,-0.03356190446736815,0.9988125,5.61195261619226,1.2959545850753784,0,continue,1.528274504424583,0
1,15,0,-0.05717985468843651,0.9988125,5.613654735003939,1.2974117994308472,0,continue,1.4710946497361463,0
1,16,0,0.0022349214070891688,0.9988125,5.6140359585171495,1.314715027809143,0,continue,1.4733295711432355,0
1,17,0,0.3240040924006751,0.9988125,5.5466158961702074,1.3422218561172485,0,continue,1.7973336635439106,0
1,18,2,0.24808210423157928,0.9988125,5.496817843644198,1.4134116172790527,0,continue,2.0454157677754896,0
1,19,0,0.29213847537009313,0.9988125,5.441720551315611,1.4550046920776367,0,continue,2.3375542431455827,0
1,20,0,0.25228448873153514,0.9988125,5.398215100016164,1.5268709659576416,0,continue,2.589838731877118,0
1,21,0,0.19847171450849221,0.9988125,5.361175865100817,1.564997911453247,0,continue,2.7883104463856103,0
1,22,0,0.3352282814383495,0.9988125,5.300854158248956,1.6442469358444214,0,continue,3.1235387278239597,0
1,23,2,0.33577392914493404,0.9988125,5.233345705210481,1.6745003461837769,0,continue,3.4593126569688937,0
1,24,2,0.042695301323551996,0.9988125,5.222152988689903,1.7066868543624878,0,continue,3.5020079582924457,0
1,25,2,-0.04442900054287552,0.9988125,5.222532442663058,1.7114990949630737,0,continue,3.45757895774957,0
1,26,0,0.23336861041607462,0.9988125,5.218447165496526,1.7235569953918457,0,continue,3.6909475681656447,0
1,27,0,0.1226315130952489,0.9988125,5.209333146290577,1.7330743074417114,0,continue,3.813579081260894,0
1,28,0,-0.3289405728870896,0.9988125,5.208662106121296,1.7346882820129395,0,continue,3.4846385083738043,0
1,29,2,-0.0689364632609597,0.9988125,5.2134371827812,1.7319031953811646,0,continue,3.4157020451128446,0
1,30,0,-0.20048907572668945,0.9988125,5.239833253418474,1.7297184467315674,0,continue,3.215212969386155,0
1,31,0,-0.11654045749310961,0.9988125,5.263391548294649,1.714051604270935,0,continue,3.0986725118930454,0
1,32,2,-0.1803358250467078,0.9988125,5.299259921608475,1.6795076131820679,0,continue,2.9183366868463376,0
1,33,0,-0.13933310120319087,0.9988125,5.329088401657157,1.666054368019104,0,continue,2.7790035856431468,0
1,34,0,-0.18682153024687917,0.9988125,5.366083085166616,1.6386529207229614,0,continue,2.592182055396268,0
1,35,1,-0.18137335571278307,0.9988125,5.40212790310819,1.611032485961914,0,continue,2.4108086996834848,0
1,36,2,-0.35234832970361807,0.9988125,5.40814369142641,1.5853242874145508,0,continue,2.0584603699798665,0
1,37,0,0.056107991208820436,0.9988125,5.4084928467533,1.5785226821899414,0,continue,2.1145683611886867,0
1,38,0,0.12572086601068233,0.9988125,5.408659674174343,1.5781692266464233,0,continue,2.2402892271993693,0
1,39,0,-0.0812817988249045,0.9988125,5.413743441318293,1.5822314023971558,0,continue,2.1590074283744647,0
1,40,0,-0.2020912234441385,0.9988125,5.418966453626361,1.5762585401535034,0,continue,1.9569162049303261,0
1,41,0,-0.23267883682039545,0.9988125,5.424454925614189,1.5906767845153809,0,continue,1.7242373681099308,0
1,42,0,-0.23769866225368957,0.9988125,5.431116225566242,1.592093825340271,0,continue,1.4865387058562411,0
1,43,1,-0.23105650664345595,0.9988125,5.437314026621743,1.6040046215057373,0,continue,1.2554821992127851,0
1,44,0,-0.24981245002257862,0.9988125,5.443328528574588,1.616430401802063,0,continue,1.0056697491902065,0
1,45,2,-0.24393256063785676,0.9988125,5.451687388906179,1.6161136627197266,0,continue,0.7617371885523497,0
1,46,0,-0.2408148910771587,0.9988125,5.458861281456416,1.6332920789718628,0,continue,0.520922297475191,0
1,47,0,-0.15317435874223673,0.9988125,5.459291766185453,1.636468529701233,0,continue,0.3677479387329543,0
1,48,0,-0.7553577156917435,0.9988125,5.459878191498904,1.626407504081726,0,continue,-0.3876097769587892,0
1,49,0,-0.3886052577130722,0.9988125,5.4603235780473565,1.615039348602295,0,continue,-0.7762150346718614,0
1,50,0,-0.32594143761464067,0.9988125,5.4603620089353235,1.6210510730743408,0,continue,-1.102156472286502,0
1,51,0,-0.23612085804833682,0.9988125,5.444545145491997,1.6161155700683594,0,continue,-1.3382773303348388,0
1,52,2,0.11687116301307104,0.9988125,5.379571871209625,1.6913599967956543,0,continue,-1.2214061673217678,0
1,53,2,0.11135199663129836,0.9988125,5.317062984663915,1.7285538911819458,0,continue,-1.1100541706904694,0
1,54,0,0.36285429319057905,0.9988125,5.252942200157206,1.8238389492034912,0,continue,-0.7471998774998904,0
1,55,0,0.2998563009003653,0.9988125,5.19571345623734,1.8626279830932617,0,continue,-0.44734357659952506,0
1,56,0,0.3425167557097624,0.9988125,5.13567434773146,1.8907097578048706,0,continue,-0.10482682088976264,0
1,57,0,0.2221434947152241,0.9988125,5.092583623301841,1.870883584022522,0,continue,0.11731667382546146,0
1,58,0,0.10880828244557744,0.9988125,5.07593987307838,1.831618070602417,0,continue,0.2261249562710389,0
1,59,0,0.2561767082966242,0.9988125,5.0283461370459275,1.7998489141464233,0,continue,0.4823016645676631,0
1,60,1,0.22709197840262396,0.9988125,4.981800130900369,1.7113436460494995,0,continue,0.7093936429702871,0
1,61,0,0.5462374206529554,0.9988125,4.875977237714933,1.6516427993774414,0,continue,1.2556310636232424,0
1,62,0,0.2895648751604635,0.9988125,4.824457566135903,1.5794382095336914,0,continue,1.545195938783706,0
1,63,0,0.03931986739162725,0.9988125,4.811143213928295,1.5696865320205688,0,continue,1.5845158061753333,0
1,64,2,0.1707939388237003,0.9988125,4.774837759305898,1.5382704734802246,0,continue,1.7553097449990336,0
1,65,0,0.37801789708498973,0.9988125,4.701795996680527,1.4956659078598022,0,continue,2.1333276420840233,0
1,66,0,0.3735504799839167,0.9988125,4.635184346348983,1.4100608825683594,0,continue,2.50687812206794,0
1,67,0,0.27186315704485786,0.9988125,4.58209729137942,1.3534674644470215,0,continue,2.778741279112798,0
1,68,0,0.045682670223911384,0.9988125,4.577276304616971,1.3430814743041992,0,continue,2.824423949336709,0
1,69,1,-0.14658302014533503,0.9988125,4.60420135110446,1.3562185764312744,0,continue,2.6778409291913743,0
1,70,0,-0.04486971667229155,0.9988125,4.59777392199075,1.3633140325546265,0,continue,2.6329712125190827,0
1,71,1,0.3833472646387289,0.9988125,4.521854245465607,1.3130863904953003,0,continue,3.0163184771578115,0
1,72,0,0.33512936743432176,0.9988125,4.462426635575061,1.2146763801574707,0,continue,3.3514478445921334,0
1,73,0,0.42938917947273075,0.9988125,4.378803867420394,1.1781752109527588,0,continue,3.7808370240648643,0
1,74,1,0.3806895628931428,0.9988125,4.302714457536537,1.0789092779159546,0,continue,4.161526586958007,0
1,75,0,0.39350450548575394,0.9988125,4.227916509480106,1.0282988548278809,0,continue,4.555031092443761,0
1,76,0,0.41499355666699744,0.9988125,4.151907797192788,0.9432598948478699,0,continue,4.9700246491107585,0
1,77,0,0.36358496602010393,0.9988125,4.080714671046928,0.9060256481170654,0,continue,5.333609615130863,0
1,78,0,0.4203366350441822,0.9988125,4.005149382917003,0.8179163336753845,0,continue,5.753946250175045,0
1,79,0,0.35318674096455516,0.9988125,3.9367986434042654,0.7653110027313232,0,continue,6.107132991139601,0
1,80,0,0.33254601147992396,0.9988125,3.8785969014582973,0.6789575815200806,0,continue,6.439679002619525,0
1,81,0,0.40949057141878975,0.9988125,3.8017940580491736,0.6306595206260681,0,continue,6.8491695740383145,0
1,82,2,0.2555383591881403,0.9988125,3.7506684767501257,0.5168455839157104,0,continue,7.104707933226455,0
1,83,2,0.4230972017604945,0.9988125,3.6655703577163243,0.4812809228897095,0,continue,7.5278051349869495,0
1,84,0,0.16856056011241818,0.9988125,3.626210342258368,0.41510099172592163,0,continue,7.6963656950993675,0
1,85,2,-0.041491778585923664,0.9988125,3.6264530205811796,0.4312688708305359,0,continue,7.654873916513444,0
1,86,0,-0.09853046760243839,0.9988125,3.6310116629349074,0.41009092330932617,0,continue,7.556343448911005,0
1,87,0,0.18370773758916825,0.9988125,3.5685562436666487,0.3522789478302002,0,continue,7.740051186500174,0
1,88,1,0.05398355559997567,0.9988125,3.5263254879912194,0.3192034065723419,0,continue,7.794034742100149,0
1,89,0,-0.09657138279534623,0.9988125,3.4879754344584772,0.2999613881111145,0,continue,7.697463359304803,0
1,90,2,0.09633777372892294,0.9988125,3.410159616795884,0.22905650734901428,0,continue,7.793801133033726,0
1,91,0,-45.61263925834404,0.9988125,3.376621436366837,0.1861037015914917,1,crush,-37.818838125310315,1
2,1,0,-16.001569499365203,0.997625,3.3900735118984975,0.14562878012657166,0,continue,-16.001569499365203,1
2,2,0,-15.985177474023779,0.997625,3.389939491725672,0.14301691949367523,0,continue,-31.986746973388982,1
2,3,0,-15.978817012530417,0.997625,3.389833834314932,0.14328902959823608,0,continue,-47.9655639859194,1
2,4,2,-45.44170058384766,0.997625,3.389745831160748,0.1343957632780075,1,crush,-93.40726456976707,1
3,1,1,0.0,0.9964375,5.982979477810379,0.9199261665344238,0,continue,0.0,0
3,2,0,-0.0311689834353815,0.9964375,5.9798655840133845,0.9124405384063721,0,continue,-0.0311689834353815,0
3,3,0,0.27693951754391816,0.9964375,5.92988613620909,0.9973601698875427,0,continue,0.24577053410853666,0
3,4,0,0.4154593479934974,0.9964375,5.849311911926754,1.0508426427841187,0,continue,0.661229882102034,0
3,5,2,0.40078125118753694,0.9964375,5.774207982343864,1.1460933685302734,0,continue,1.062011133289571,0
3,6,0,0.39624668368919724,0.9964375,5.6981669412299,1.1944549083709717,0,continue,1.4582578169787683,0
3,7,0,0.1542708000912281,0.9964375,5.671503551535312,1.238158941268921,0,continue,1.6125286170699964,0
3,8,0,-0.07215194825312381,0.9964375,5.6791518910743015,1.2274831533432007,0,continue,1.5403766688168725,0
3,9,0,0.10044410258880639,0.9964375,5.656109216462127,1.2836052179336548,0,continue,1.6408207714056788,0
3,10,0,0.2981581525582619,0.9964375,5.598401446550334,1.328418493270874,0,continue,1.9389789239639408,0
3,11,0,0.3111017705906857,0.9964375,5.544753950475672,1.4253491163253784,0,continue,2.2500806945546263,0
3,12,0,0.3925239236116665,0.9964375,5.468356110361743,1.472264289855957,0,continue,2.6426046181662928,0
3,13,0,0.29685686618047324,0.9964375,5.415989028180388,1.5494855642318726,0,continue,2.939461484346766,0
3,14,0,0.4697999136683488,0.9964375,5.325713217208578,1.6030553579330444,0,continue,3.4092613980151145,0
3,15,0,0.43073907129299327,0.9964375,5.2468971456910305,1.6872355937957764,0,continue,3.840000469308108,0
3,16,0,0.4325897563199045,0.9964375,5.164353020651383,1.7347253561019897,0,continue,4.272590225628012,0
3,17,0,0.31916033510407693,0.9964375,5.105660124391293,1.8194279670715332,0,continue,4.591750560732089,0
3,18,1,0.3334629048085097,0.9964375,5.038764588903358,1.8626230955123901,0,continue,4.925213465540599,0
3,19,0,1.3633792120695805,0.9964375,4.786059725194846,1.7500263452529907,0,continue,6.28859267761018,0
3,20,0,0.3349476677321233,0.9964375,4.726038998856293,1.6557056903839111,0,continue,6.623540345342303,0
3,21,1,0.3439491465737389,0.9964375,4.6635521733446685,1.6168347597122192,0,continue,6.967489491916043,0
3,22,2,-0.005202191285104874,0.9964375,4.604363303091833,1.5359137058258057,0,continue,6.962287300630938,0
3,23,0,0.3197858660400203,0.9964375,4.542657772861325,1.4678959846496582,0,continue,7.282073166670958,0
3,24,0,0.3487197875262967,0.9964375,4.479326872400023,1.3995299339294434,0,continue,7.630792954197255,0
3,25,0,0.2946872873348405,0.9964375,4.422503787755428,1.3593037128448486,0,continue,7.925480241532096,0
3,26,0,0.3119928343699137,0.9964375,4.367741798770493,1.280495285987854,0,continue,8.23747307590201,0
3,27,0,0.32223068189492093,0.9964375,4.304641131724293,1.2354631423950195,0,continue,8.55970375779693,0
3,28,1,0.31180810455076846,0.9964375,4.2453653292579,1.1497114896774292,0,continue,8.871511862347699,0
3,29,0,0.2968737986561086,0.9964375,4.189555434749198,1.1020840406417847,0,continue,9.168385661003807,0
3,30,2,0.21429807769825748,0.9964375,4.1464829089876325,1.0319561958312988,0,continue,9.382683738702065,0
3,31,0,0.007427918478066787,0.9964375,4.142079081168567,1.024067997932434,0,continue,9.390111657180132,0
3,32,1,-0.015388384959548506,0.9964375,4.142922171061235,0.994253933429718,0,continue,9.374723272220583,0
3,33,2,-0.10888439464316603,0.9964375,4.103442217507857,0.9557337760925293,0,continue,9.265838877577417,0
3,34,1,-0.18028566895925224,0.9964375,4.07945577637613,0.9619603753089905,0,continue,9.085553208618165,0
3,35,0,0.017007472451860205,0.9964375,4.074300401996791,0.9521285891532898,0,continue,9.102560681070026,0
3,36,1,0.01284908215580165,0.9964375,4.0688682088065296,0.9130654335021973,0,continue,9.115409763225827,0
3,37,0,0.4204226188206817,0.9964375,3.9862091385635394,0.8832396864891052,0,continue,9.53583238204651,0
3,38,0,0.31540238279316785,0.9964375,3.928437987826599,0.7919728755950928,0,continue,9.851234764839678,0
3,39,0,0.37800003300390816,0.9964375,3.8567718826621524,0.7454574108123779,0,continue,10.229234797843585,0
3,40,1,0.29022059423827845,0.9964375,3.7991645362943087,0.6664801836013794,0,continue,10.519455392081863,0
3,41,2,0.017752347241673527,0.9964375,3.7353471835926473,0.6087074875831604,0,continue,10.537207739323536,0
3,42,0,0.31281440051985604,0.9964375,3.679127983721983,0.5135476589202881,0,continue,10.850022139843393,0
3,43,0,0.2170595958720188,0.9964375,3.638413883991992,0.4836380183696747,0,continue,11.067081735715412,0
3,44,0,0.16271147824790688,0.9964375,3.5960686726627475,0.38280224800109863,0,continue,11.229793213963319,0
3,45,2,0.23377646933434343,0.9964375,3.522031191381961,0.3348044455051422,0,continue,11.463569683297662,0
3,46,1,-0.3844991828625749,0.9964375,3.5019673666638225,0.2999216318130493,0,continue,11.079070500435087,0
3,47,0,-0.31048648351567293,0.9964375,3.493437337296666,0.29565683007240295,0,continue,10.768584016919414,0
3,48,1,-0.005250402552251621,0.9964375,3.4335346169682626,0.22394824028015137,0,continue,10.763333614367163,0
3,49,0,-0.5891636237645302,0.9964375,3.4104035406241566,0.20311208069324493,0,continue,10.174169990602632,0
3,50,0,-15.685555625762909,0.9964375,3.413451957317945,0.21445967257022858,0,continue,-5.511385635160277,1
3,51,0,-15.622805013868838,0.9964375,3.4115313739729616,0.21906247735023499,0,continue,-21.134190649029115,1
3,52,0,-0.6980316399541981,0.9964375,3.3981588513147916,0.20011579990386963,0,continue,-21.832222288983314,0
3,53,0,-0.7379519872184261,0.9964375,3.4105147649935152,0.2249290645122528,0,continue,-22.57017427620174,0
3,54,1,-15.345296459326631,0.9964375,3.4198648712356103,0.22114185988903046,0,continue,-37.91547073552837,1
3,55,0,-45.72335769160962,0.9964375,3.4179536726378723,0.19934767484664917,1,crush,-83.638828427138,1
4,1,0,0.0,0.99525,4.731258711613216,1.6192830801010132,0,continue,0.0,0
4,2,0,-0.0071803690129416,0.99525,4.729150695983449,1.6029759645462036,0,continue,-0.0071803690129416,0
4,3,0,0.03560665093087166,0.99525,4.714803882785467,1.587713360786438,0,continue,0.028426281917930063,0
4,4,2,0.23057009292820202,0.99525,4.709396266697923,1.566495418548584,0,continue,0.2589963748461321,0
4,5,0,0.002274843227852253,0.99525,4.707485332983145,1.556727647781372,0,continue,0.26127121807398435,0
4,6,0,0.12219326436960457,0.99525,4.7066664966098255,1.5529319047927856,0,continue,0.3834644824435889,0
4,7,0,0.1854334671298351,0.99525,4.6995422120707016,1.5449352264404297,0,continue,0.568897949573424,0
4,8,0,0.10550166763209709,0.99525,4.676764375177666,1.5064553022384644,0,continue,0.6743996172055211,0
4,9,0,0.12584064146158908,0.99525,4.652423030587277,1.4762139320373535,0,continue,0.8002402586671102,0
4,10,1,0.11334757715977795,0.99525,4.629232262934845,1.428651213645935,0,continue,0.9135878358268882,0
4,11,1,0.0954843605108477,0.99525,4.60970024576756,1.3868212699890137,0,continue,1.0090721963377358,0
4,12,0,0.055230799766424435,0.99525,4.586203768423059,1.3570058345794678,0,continue,1.0643029961041603,0
4,13,0,0.04833169648396992,0.99525,4.568489787547684,1.3271621465682983,0,continue,1.1126346925881303,0
4,14,1,0.09042303330830133,0.99525,4.549954873626202,1.2721105813980103,0,continue,1.2030577258964317,0
4,15,0,0.10482162758797924,0.99525,4.5315313836276,1.2424243688583374,0,continue,1.3078793534844109,0
4,16,0,-0.08801144399310938,0.99525,4.525899238339045,1.2127549648284912,0,continue,1.2198679094913014,0
4,17,1,-0.054621547238162066,0.99525,4.525169618340216,1.2105246782302856,0,continue,1.1652463622531393,0
4,18,0,-0.3523992537641944,0.99525,4.523195368314407,1.200043797492981,0,continue,0.8128471084889448,0
4,19,1,-0.03797761526768182,0.99525,4.522534660678388,1.1901638507843018,0,continue,0.774869493221263,0
4,20,2,-0.1529014761012745,0.99525,4.51956757598285,1.1795700788497925,0,continue,0.6219680171199885,0
4,21,2,-0.1170821114467259,0.99525,4.538102275733423,1.1827040910720825,0,continue,0.5048859056732626,0
4,22,0,-0.2749357747635526,0.99525,4.598483640133136,1.2574288845062256,0,continue,0.22995013090971006,0
4,23,0,-0.27607121309820737,0.99525,4.654931747490908,1.278058409690857,0,continue,-0.04612108218849731,0
4,24,0,-0.2742070508712384,0.99525,4.715816595712398,1.338487148284912,0,continue,-0.32032813305973573,0
4,25,2,-0.6035986610985935,0.99525,4.796359043276741,1.375162959098816,0,continue,-0.9239267941583292,0
4,26,0,-0.44677936281394237,0.99525,4.848952885085416,1.4495875835418701,0,continue,-1.3707061569722716,0
4,27,2,-0.2868888228992864,0.99525,4.8630355811984565,1.4349786043167114,0,continue,-1.6575949798715581,0
4,28,0,-0.47507834558932843,0.99525,4.915282237933066,1.4907000064849854,0,continue,-2.1326733254608867,0
4,29,0,-0.56233139074109,0.99525,4.991521322186273,1.5538407564163208,0,continue,-2.695004716201977,0
4,30,0,-0.29630054559004904,0.99525,5.011978887520181,1.6056419610977173,0,continue,-2.991305261792026,0
4,31,0,-1.0965328305276145,0.99525,5.00856685824049,1.6031181812286377,0,continue,-4.0878380923196405,0
4,32,2,-0.4649074725263817,0.99525,5.059821062000126,1.6607191562652588,0,continue,-4.552745564846022,0
4,33,0,-0.4988988427438255,0.99525,5.123501861572718,1.705702781677246,0,continue,-5.051644407589848,0
4,34,1,-0.24594929153650913,0.99525,5.131968812895408,1.7201992273330688,0,continue,-5.297593699126357,0
4,35,0,-0.31660629113948857,0.99525,5.1367459808406455,1.7249083518981934,0,continue,-5.6141999902658455,0
4,36,0,-0.21971039116952898,0.99525,5.14829255810025,1.7396633625030518,0,continue,-5.833910381435374,0
4,37,1,-0.2554298918140913,0.99525,5.151011128337386,1.7198759317398071,0,continue,-6.089340273249466,0
4,38,0,-1.2052570271294283,0.99525,5.166143966592974,1.742936134338379,0,continue,-7.294597300378894,0
4,39,0,-1.4275737146183318,0.99525,5.230310881510014,1.785765290260315,0,continue,-8.722171014997226,0
4,40,0,-0.5383062505777347,0.99525,5.303439386046275,1.8729201555252075,0,continue,-9.260477265574961,0
4,41,0,-0.33376819157587556,0.99525,5.370784672547045,1.9221768379211426,0,continue,-9.594245457150837,0
4,42,0,-0.29724170987574583,0.99525,5.39639544629901,1.902329444885254,0,continue,-9.891487167026582,0
4,43,0,-1.443304186761849,0.99525,5.402180601937215,1.9113800525665283,0,continue,-11.334791353788432,0
4,44,0,-0.4712994725924825,0.99525,5.465016211274008,1.8264071941375732,0,continue,-11.806090826380915,0
4,45,0,-0.3488180943696797,0.99525,5.494054676416514,1.8185666799545288,0,continue,-12.154908920750595,0
4,46,0,-0.1537250191499775,0.99525,5.487692722929794,1.8125401735305786,0,continue,-12.308633939900572,0
4,47,2,-0.3080392588812886,0.99525,5.5032156749827035,1.8112432956695557,0,continue,-12.61667319878186,0
4,48,0,-0.35722793996588115,0.99525,5.552872604476183,1.761902928352356,0,continue,-12.973901138747742,0
4,49,0,-0.440620313500225,0.99525,5.601210607606504,1.7351510524749756,0,continue,-13.414521452247968,0
4,50,1,-0.48584331009123366,0.99525,5.658284356180491,1.6841375827789307,0,continue,-13.900364762339201,0
4,51,2,-0.9058193068167664,0.99525,5.738825057232042,1.62885582447052,0,continue,-14.806184069155968,0
4,52,1,-0.6250575727658207,0.99525,5.763327428363136,1.598300814628601,0,continue,-15.431241641921789,0
4,53,0,-0.6368999564317873,0.99525,5.856124290286702,1.5740761756896973,0,continue,-16.068141598353577,0
4,54,0,-0.46577442708833144,0.99525,5.916352664538324,1.518863320350647,0,continue,-16.533916025441908,0
4,55,1,-0.5235527362199535,0.99525,5.98086088243449,1.4877227544784546,0,continue,-17.057468761661863,0
4,56,0,-0.36490621430731013,0.99525,6.01839344612872,1.4540235996246338,0,continue,-17.422374975969174,0
4,57,0,-0.20751210728608585,0.99525,6.029415142617704,1.4427331686019897,0,continue,-17.62988708325526,0
4,58,0,-0.7825167509123998,0.99525,6.061830481409422,1.4205436706542969,0,continue,-18.41240383416766,0
4,59,0,-0.3837768782578277,0.99525,6.100670722710702,1.4060157537460327,0,continue,-18.796180712425485,0
4,60,0,-0.22150404930025472,0.99525,6.093969824631187,1.4044265747070312,0,continue,-19.01768476172574,0
4,61,1,-0.35294427522203875,0.99525,6.121158996602474,1.3992167711257935,0,continue,-19.37062903694778,0
4,62,0,-0.4856204556390174,0.99525,6.177325083682294,1.3289254903793335,0,continue,-19.856249492586798,0
4,63,2,-0.46414618828771737,0.99525,6.230033200384362,1.2848690748214722,0,continue,-20.320395680874515,0
4,64,0,-0.4115414026835089,0.99525,6.271849717997328,1.2131356000900269,0,continue,-20.731937083558023,0
4,65,0,-0.38174156303659995,0.99525,6.273089882812779,1.2017945051193237,0,continue,-21.11367864659462,0
4,66,0,-0.7657542544273952,0.99525,6.318544390934555,1.162898063659668,0,continue,-21.879432901022017,0
4,67,2,-0.5660496787331271,0.99525,6.390106627049307,1.1342729330062866,0,continue,-22.445482579755144,0
4,68,0,-0.6059899791481602,0.99525,6.465343192213624,1.0845662355422974,0,continue,-23.051472558903303,0
4,69,2,-0.5801811666418358,0.99525,6.54129269009651,1.0478519201278687,0,continue,-23.63165372554514,0
4,70,0,-0.622010245864486,0.99525,6.608679567623726,1.0021840333938599,0,continue,-24.253663971409626,0
4,71,0,-0.6195993426931206,0.99525,6.684677085836836,0.9730616807937622,0,continue,-24.873263314102747,0
4,72,0,-0.6414625205499527,0.99525,6.76071626096892,0.908475935459137,0,continue,-25.5147258346527,0
4,73,0,-0.6043248461249178,0.99525,6.835418743022516,0.8608593940734863,0,continue,-26.11905068077762,0
4,74,0,-0.6363221141131283,0.99525,6.911098166156635,0.7864588499069214,0,continue,-26.755372794890746,0
4,75,1,-0.5273164032587179,0.99525,6.975915989416037,0.747982919216156,0,continue,-27.282689198149463,0
4,76,0,-0.7098007346365005,0.99525,7.0588143873088836,0.6700197458267212,0,continue,-27.992489932785965,0
4,77,0,-0.5530462343560438,0.99525,7.1258407650091575,0.6151272058486938,0,continue,-28.545536167142007,0
4,78,0,-0.4724514864075914,0.99525,7.16844791890614,0.524365246295929,0,continue,-29.0179876535496,0
4,79,0,-0.7890301355654927,0.99525,7.279217655315273,0.4803493022918701,0,continue,-29.807017789115093,0
4,80,0,-0.85867427584285,0.99525,7.3813158886329,0.38272765278816223,0,continue,-30.665692064957945,0
4,81,0,-0.8030162409275794,0.99525,7.4472273769895505,0.3107781410217285,0,continue,-31.468708305885524,0
4,82,2,-0.7597504676519453,0.99525,7.514987253215942,0.2698920965194702,0,continue,-32.22845877353747,0
4,83,0,-1.101545772988505,0.99525,7.5531143501142735,0.20580235123634338,0,continue,-33.33000454652597,0
4,84,0,-46.23994693108841,0.99525,7.591799005856214,0.1797250211238861,1,crush,-79.56995147761438,1
5,1,0,0.0,0.9940625,4.456794000697185,0.936301589012146,0,continue,0.0,0
5,2,0,0.054865766613578226,0.9940625,4.446165005396959,0.9257218837738037,0,continue,0.054865766613578226,0
5,3,0,0.24971638162317478,0.9940625,4.401069332375901,0.8787930011749268,0,continue,0.304582148236753,0
5,4,0,0.2534334156646884,0.9940625,4.361374898607474,0.7555192708969116,0,continue,0.5580155639014415,0
5,5,0,0.2904821588513726,0.9940625,4.307432531181261,0.6916124224662781,0,continue,0.8484977227528141,0
5,6,0,0.34494035154390806,0.9940625,4.2416369957667035,0.652946949005127,0,continue,1.193438074296722,0
5,7,2,0.39158086257419555,0.9940625,4.204448184548291,0.5779256224632263,0,continue,1.5850189368709175,0
5,8,0,0.1899005261121136,0.9940625,4.16800982484091,0.542212188243866,0,continue,1.7749194629830312,0
5,9,0,0.1727360528739701,0.9940625,4.140080359287174,0.4986179769039154,0,continue,1.9476555158570013,0
5,10,0,0.2500480772987131,0.9940625,4.091046861720109,0.47912248969078064,0,continue,2.1977035931557145,0
5,11,0,0.1071784965335286,0.9940625,4.061722657924624,0.4282154142856598,0,continue,2.3048820896892432,0
5,12,1,0.15487163841096283,0.9940625,4.0180839578350955,0.40246930718421936,0,continue,2.459753728100206,0
5,13,0,-0.018341320897223935,0.9940625,4.009245700688188,0.4051133096218109,0,continue,2.441412407202982,0
5,14,0,-0.0705646731456809,0.9940625,4.003997171107635,0.40271082520484924,0,continue,2.370847734057301,0
5,15,0,0.158938265729018,0.9940625,3.9530550184703075,0.37642934918403625,0,continue,2.529785999786319,0
5,16,1,0.1915573638169369,0.9940625,3.8959541827689024,0.37151557207107544,0,continue,2.721343363603256,0
5,17,0,0.14130868862044244,0.9940625,3.8446368673687155,0.35137686133384705,0,continue,2.8626520522236985,0
5,18,0,0.16097681586946339,0.9940625,3.788491268691166,0.3482474684715271,0,continue,3.023628868093162,0
5,19,0,0.1660134073551367,0.9940625,3.735827384789371,0.36824989318847656,0,continue,3.1896422754482985,0
5,20,1,0.6357156212472641,0.9940625,3.6859779005516007,0.3722826838493347,0,continue,3.8253578966955626,0
5,21,2,0.0276017153533179,0.9940625,3.664390269070531,0.3940442204475403,0,continue,3.8529596120488803,0
5,22,0,-0.11916957968400224,0.9940625,3.6637995670897876,0.39580202102661133,0,continue,3.733790032364878,0
5,23,0,1.176130740005696,0.9940625,3.6427369545027837,0.43891751766204834,0,continue,4.909920772370574,0
5,24,0,0.12344337649082894,0.9940625,3.6164121355097874,0.4837278127670288,0,continue,5.033364148861403,0
5,25,1,0.12649154939187168,0.9940625,3.591113825631413,0.5819434523582458,0,continue,5.159855698253274,0
5,26,0,-0.17261443885333733,0.9940625,3.5674545787737846,0.6199965476989746,0,continue,4.987241259399937,0
5,27,1,0.06480315317058727,0.9940625,3.554493948139667,0.7078637480735779,0,continue,5.052044412570524,0
5,28,0,-0.16285372143104543,0.9940625,3.550435602116733,0.6949175596237183,0,continue,4.889190691139478,0
5,29,0,0.07639330599792483,0.9940625,3.5470588586653147,0.7256156206130981,0,continue,4.965583997137403,0
5,30,2,0.1123271888529628,0.9940625,3.542168379096703,0.753817081451416,0,continue,5.0779111859903665,0
5,31,0,0.06715815462675531,0.9940625,3.5406524625601223,0.8298628926277161,0,continue,5.1450693406171215,0
5,32,0,0.027745202847045736,0.9940625,3.540975040501322,0.9011160731315613,0,continue,5.172814543464167,0
5,33,2,-0.01914861897051646,0.9940625,3.543525473365336,0.9885104894638062,0,continue,5.153665924493651,0
5,34,0,0.004509710001075629,0.9940625,3.5460982391733236,1.025136947631836,0,continue,5.158175634494726,0
5,35,2,-0.03561898736916067,0.9940625,3.545922953786166,1.037651538848877,0,continue,5.122556647125565,0
5,36,0,-1.1177382161082083,0.9940625,3.5466869504672003,1.0270569324493408,0,continue,4.004818431017357,0
5,37,0,-0.2511295506484494,0.9940625,3.5463345266716,1.0639514923095703,0,continue,3.753688880368908,0
5,38,1,0.04868918549910426,0.9940625,3.5435195736761753,1.1159511804580688,0,continue,3.802378065868012,0
5,39,1,0.07187623112636611,0.9940625,3.5415104954385086,1.0918179750442505,0,continue,3.874254296994378,0
5,40,0,0.03376163686115181,0.9940625,3.5411025832584517,1.0482478141784668,0,continue,3.90801593385553,0
5,41,0,0.046994688004309816,0.9940625,3.541619185938315,0.9994141459465027,0,continue,3.9550106218598398,0
5,42,0,0.007822778235942442,0.9940625,3.5447567525221655,0.979860782623291,0,continue,3.962833400095782,0
5,43,0,0.016124387609763494,0.9940625,3.545509276847956,0.9482305645942688,0,continue,3.9789577877055455,0
5,44,1,-0.026212026762815133,0.9940625,3.545761469447554,0.9694412350654602,0,continue,3.9527457609427303,0
5,45,0,0.4368569314389208,0.9940625,3.5675562703795216,0.928230881690979,0,continue,4.389602692381651,0
5,46,2,-0.36728951953446765,0.9940625,3.596360693376871,0.8847248554229736,0,continue,4.022313172847183,0
5,47,2,-0.2514836002800631,0.9940625,3.6027879681357686,0.8607142567634583,0,continue,3.77082957256712,0
5,48,0,-0.27523145076057925,0.9940625,3.6369357443966877,0.8351163864135742,0,continue,3.4955981218065406,0
5,49,0,-0.38951663774639245,0.9940625,3.6955690775042314,0.7373548746109009,0,continue,3.106081484060148,0
5,50,0,-0.48191867946067624,0.9940625,3.756604347692189,0.6806135177612305,0,continue,2.6241628045994716,0
5,51,0,-0.3513571739099093,0.9940625,3.785264190859734,0.6022000312805176,0,continue,2.2728056306895623,0
5,52,0,-0.30583616988685053,0.9940625,3.7785471102901322,0.6281847953796387,0,continue,1.9669694608027117,0
5,53,1,-0.405493048671284,0.9940625,3.8172060087590456,0.5761294364929199,0,continue,1.5614764121314277,0
5,54,0,-0.43066488077568926,0.9940625,3.869194668168923,0.5295903086662292,0,continue,1.1308115313557385,0
5,55,1,-0.4863705602094626,0.9940625,3.920318193657727,0.44082924723625183,0,continue,0.644440971146276,0
5,56,0,-0.5502558072590003,0.9940625,3.977085779092107,0.3988893926143646,0,continue,0.09418516388727571,0
5,57,0,-0.3916227185612216,0.9940625,3.9897782144106344,0.3407059609889984,0,continue,-0.2974375546739459,0
5,58,0,-0.30812722168697804,0.9940625,3.987270084478607,0.362549364566803,0,continue,-0.605564776360924,0
5,59,2,-0.5546768045447144,0.9940625,4.02026136929946,0.3010109066963196,0,continue,-1.1602415809056383,0
5,60,0,-0.6862376238255281,0.9940625,4.0401829814314105,0.27099138498306274,0,continue,-1.8464792047311664,0
5,61,0,-0.8416432898558714,0.9940625,4.050787248427829,0.22669582068920135,0,continue,-2.688122494587038,0
5,62,1,-15.594288942538803,0.9940625,4.063282985413765,0.2034880816936493,0,continue,-18.28241143712584,1
5,63,0,-46.29314661966961,0.9940625,4.075709323692454,0.16887395083904266,1,crush,-64.57555805679546,1
6,1,1,0.3296397030353546,0.992875,6.03112825954667,1.144215703010559,0,continue,0.3296397030353546,0
6,2,2,-0.30296753645571495,0.992875,6.031415211394682,1.1411305665969849,0,continue,0.026672166579639667,0
6,3,0,-0.1513128240744599,0.992875,6.030747096692819,1.1281658411026,0,continue,-0.12464065749482023,0
6,4,1,0.3210857325002919,0.992875,6.01343759218657,1.1753380298614502,0,continue,0.19644507500547165,0
6,5,0,0.08108586807357633,0.992875,5.997036633236872,1.1848931312561035,0,continue,0.27753094307904796,0
6,6,1,0.3284105697023108,0.992875,5.993595767440569,1.2088193893432617,0,continue,0.6059415127813588,0
6,7,2,-0.2981068554657307,0.992875,5.988649294517542,1.2075400352478027,0,continue,0.3078346573156281,0
6,8,1,-0.04792101781529656,0.992875,5.986534151507563,1.234486699104309,0,continue,0.25991363950033153,0
6,9,0,0.0026718337042686904,0.992875,5.986686665403516,1.241499423980713,0,continue,0.26258547320460024,0
6,10,1,-0.0048071346161701715,0.992875,5.986899926193347,1.2539681196212769,0,continue,0.2577783385884301,0
6,11,0,-0.29947864330644774,0.992875,5.987914025187404,1.2443649768829346,0,continue,-0.04170030471801767,0
6,12,2,-0.04306454122998536,0.992875,5.987603840982032,1.2428730726242065,0,continue,-0.08476484594800303,0
6,13,0,-0.026717882914785596,0.992875,6.002003121243144,1.25113046169281,0,continue,-0.11148272886278862,0
6,14,0,-0.2342457966165432,0.992875,6.035341267513034,1.2418043613433838,0,continue,-0.34572852547933186,0
6,15,0,-0.09540405087065511,0.992875,6.055029585715962,1.2394328117370605,0,continue,-0.441132576349987,0
6,16,0,-0.020834091164654955,0.992875,6.049259212676316,1.2470653057098389,0,continue,-0.46196666751464194,0
6,17,0,-0.14174851535282892,0.992875,6.057831458926761,1.2407056093215942,0,continue,-0.6037151828674708,0
6,18,0,-0.2636896887270747,0.992875,6.106596002816325,1.2203255891799927,0,continue,-0.8674048715945455,0
6,19,0,-0.16273642249930184,0.992875,6.141890382335634,1.1963825225830078,0,continue,-1.0301412940938472,0
6,20,0,-0.04919748535668733,0.992875,6.151224190507938,1.1868335008621216,0,continue,-1.0793387794505347,0
6,21,2,-0.2521083281362106,0.992875,6.155873964867897,1.1902931928634644,0,continue,-1.3314471075867453,0
6,22,0,-0.2198934776681582,0.992875,6.180980864328332,1.1792731285095215,0,continue,-1.5513405852549036,0
6,23,2,-0.3414691293202496,0.992875,6.208769132269132,1.1730291843414307,0,continue,-1.8928097145751532,0
6,24,0,-0.35516369378743057,0.992875,6.236861714025563,1.1868913173675537,0,continue,-2.2479734083625837,0
6,25,0,-0.33913166727077104,0.992875,6.265661532086877,1.1760447025299072,0,continue,-2.587105075633355,0
6,26,1,-0.35055561642521627,0.992875,6.295421346163662,1.1933213472366333,0,continue,-2.937660692058571,0
6,27,1,-0.35109092457527136,0.992875,6.32502683762219,1.1878948211669922,0,continue,-3.288751616633842,0
6,28,0,-0.35434494186918986,0.992875,6.353777672168194,1.1858078241348267,0,continue,-3.643096558503032,0
6,29,2,-0.36571069012077156,0.992875,6.38657137125482,1.1819640398025513,0,continue,-4.008807248623803,0
6,30,0,-0.38019350579226363,0.992875,6.418494052550716,1.121902346611023,0,continue,-4.389000754416067,0
6,31,2,-0.37319312679801797,0.992875,6.452596818159301,1.0689340829849243,0,continue,-4.762193881214085,0
6,32,1,-0.6835810862609353,0.992875,6.488948501142481,0.9772905707359314,0,continue,-5.44577496747502,0
6,33,0,-0.29269934939498715,0.992875,6.504881568679693,0.9429158568382263,0,continue,-5.738474316870008,0
6,34,2,-0.24008027589366143,0.992875,6.509574343320646,0.9192811846733093,0,continue,-5.978554592763669,0
6,35,0,-0.437297497886065,0.992875,6.532473465929413,0.8654912710189819,0,continue,-6.415852090649734,0
6,36,0,-0.31701655759131253,0.992875,6.540313666959791,0.8208619952201843,0,continue,-6.7328686482410465,0
6,37,0,-0.4552352137846693,0.992875,6.542049216142582,0.8172484636306763,0,continue,-7.188103862025716,0
6,38,1,-0.22803232928462025,0.992875,6.542756528883386,0.7696403861045837,0,continue,-7.416136191310336,0
6,39,0,-0.20695142958181037,0.992875,6.536967210554397,0.7392421364784241,0,continue,-7.6230876208921465,0
6,40,0,-0.1743133636234506,0.992875,6.526980320474455,0.6805606484413147,0,continue,-7.797400984515597,0
6,41,0,-0.18847087331519807,0.992875,6.5265253573934405,0.6730677485466003,0,continue,-7.985871857830794,0
6,42,0,-0.1342295543563689,0.992875,6.526636016243454,0.679097056388855,0,continue,-8.120101412187163,0
6,43,2,-0.2749269103305766,0.992875,6.53597772829542,0.6734099984169006,0,continue,-8.395028322517739,0
6,44,1,-0.6054345490143626,0.992875,6.557037719499923,0.6126711964607239,0,continue,-9.0004628715321,0
6,45,0,-0.54340279104186,0.992875,6.561109878072488,0.5830808281898499,0,continue,-9.54386566257396,0
6,46,0,-0.39691189424456785,0.992875,6.562646997689158,0.5635746717453003,0,continue,-9.940777556818528,0
6,47,0,-0.20264482221762856,0.992875,6.561369984083946,0.4892887771129608,0,continue,-10.143422379036156,0
6,48,1,-0.20636894731402355,0.992875,6.56143061092174,0.49870753288269043,0,continue,-10.34979132635018,0
6,49,0,-0.32053670417383756,0.992875,6.560552018224758,0.49087801575660706,0,continue,-10.670328030524018,0
6,50,0,-0.20981509290720435,0.992875,6.558825307819946,0.48030146956443787,0,continue,-10.880143123431223,0
6,51,2,-0.22025191131642768,0.992875,6.559237929719201,0.4652846157550812,0,continue,-11.10039503474765,0
6,52,0,-0.22895618685483438,0.992875,6.558335666629912,0.42466261982917786,0,continue,-11.329351221602485,0
6,53,2,-0.2570449082916055,0.992875,6.558303830467141,0.41086113452911377,0,continue,-11.58639612989409,0
6,54,0,-0.31700454985077453,0.992875,6.553467583714454,0.39615458250045776,0,continue,-11.903400679744866,0
6,55,0,-0.3102322500167224,0.992875,6.540440265040146,0.3319242298603058,0,continue,-12.213632929761589,0
6,56,0,-0.4149841654366281,0.992875,6.527602931346882,0.2952404320240021,0,continue,-12.628617095198218,0
6,57,2,-0.24795881106740028,0.992875,6.517838948727511,0.22042147815227509,0,continue,-12.876575906265618,0
6,58,0,-30.696250521243115,0.992875,6.5044654861727516,0.17861072719097137,1,crush,-43.57282642750873,0
7,1,0,0.0,0.9916875,5.005134902117009,1.9002776145935059,0,continue,0.0,0
7,2,0,0.3553673296797298,0.9916875,4.9403544567639,1.8085684776306152,0,continue,0.3553673296797298,0
7,3,0,0.42710226897367276,0.9916875,4.859769256573471,1.7672392129898071,0,continue,0.7824695986534025,0
7,4,0,0.3193332444091259,0.9916875,4.802751967916161,1.6671682596206665,0,continue,1.1018028430625284,0
7,5,0,0.38841489675621227,0.9916875,4.729100909664707,1.6391899585723877,0,continue,1.4902177398187406,0
7,6,0,0.42479942050033104,0.9916875,4.653628001329807,1.5276685953140259,0,continue,1.9150171603190715,0
7,7,0,0.3559162343247383,0.9916875,4.587964013383224,1.4784376621246338,0,continue,2.27093339464381,0
7,8,2,0.37376736611221845,0.9916875,4.514178891490158,1.380524754524231,0,continue,2.6447007607560282,0
7,9,2,0.32621101771636374,0.9916875,4.448837829105324,1.3275508880615234,0,continue,2.970911778472392,0
7,10,0,0.4119465738472943,0.9916875,4.374950157878803,1.2253854274749756,0,continue,3.382858352319686,0
7,11,0,0.17075249266560022,0.9916875,4.3420356817567605,1.1976224184036255,0,continue,3.553610844985286,0
7,12,0,-0.009372278967954697,0.9916875,4.332688750431602,1.178067922592163,0,continue,3.5442385660173312,0
7,13,0,-0.05870405313546969,0.9916875,4.327676112328598,1.1933990716934204,0,continue,3.4855345128818613,0
7,14,0,0.2619436518569672,0.9916875,4.275790825297594,1.1486611366271973,0,continue,3.7474781647388284,0
7,15,0,0.39007020955907107,0.9916875,4.200780732567585,1.1056650876998901,0,continue,4.137548374297899,0
7,16,0,0.38600785799145115,0.9916875,4.128901192326632,1.014040231704712,0,continue,4.5235562322893506,0
7,17,0,0.3491629362626902,0.9916875,4.062983510110682,0.9706161618232727,0,continue,4.872719168552041,0
7,18,0,0.2862641964108541,0.9916875,4.0146695596058875,0.8716354370117188,0,continue,5.158983364962895,0
7,19,0,0.477810833437926,0.9916875,3.9242499050825064,0.8247469663619995,0,continue,5.63679419840082,0
7,20,0,0.44175525931600007,0.9916875,3.842269555259064,0.7309256196022034,0,continue,6.078549457716821,0
7,21,0,0.3850195154699924,0.9916875,3.769793794127552,0.6869514584541321,0,continue,6.463568973186813,0
7,22,2,0.3596815664472085,0.9916875,3.697671829538931,0.5994486212730408,0,continue,6.823250539634022,0
7,23,2,0.38875417856611727,0.9916875,3.619752854979448,0.5603862404823303,0,continue,7.212004718200139,0
7,24,0,0.26569402946065834,0.9916875,3.569757547231044,0.4733275771141052,0,continue,7.4776987476607975,0
7,25,2,0.3209842228915053,0.9916875,3.4981720726214554,0.43130016326904297,0,continue,7.798682970552303,0
7,26,0,0.25448417727228595,0.9916875,3.425529443846785,0.3507865369319916,0,continue,8.053167147824588,0
7,27,0,0.1439293077023381,0.9916875,3.3531961548032494,0.3148750364780426,0,continue,8.197096455526927,0
7,28,0,-0.274439588054881,0.9916875,3.293550118529435,0.2286338061094284,0,continue,7.922656867472045,0
7,29,0,-45.608677381815944,0.9916875,3.2533922526210217,0.1764802634716034,1,crush,-37.6860205143439,1
8,1,0,0.0,0.9905,5.339592108587995,1.5721763372421265,0,continue,0.0,0
8,2,0,0.35917712175836347,0.9905,5.271493906191423,1.6326546669006348,0,continue,0.35917712175836347,0
8,3,1,0.18339011797725452,0.9905,5.234635876324836,1.6898266077041626,0,continue,0.542567239735618,0
8,4,1,0.2588731802959366,0.9905,5.18259623416445,1.733322262763977,0,continue,0.8014404200315546,0
8,5,2,-0.2212137799511698,0.9905,5.179611688620226,1.7671139240264893,0,continue,0.5802266400803848,0
8,6,0,-0.06896319616595138,0.9905,5.185205710856538,1.7590974569320679,0,continue,0.5112634439144335,0
8,7,0,-0.03992174882842754,0.9905,5.181391447019972,1.7444652318954468,0,continue,0.47134169508600593,0
8,8,2,0.19982112865042306,0.9905,5.162792829144644,1.7684993743896484,0,continue,0.671162823736429,0
8,9,1,-0.2367553869194368,0.9905,5.145756278291675,1.771209478378296,0,continue,0.43440743681699223,0
8,10,0,0.2772694983197754,0.9905,5.090863638210399,1.8169814348220825,0,continue,0.7116769351367676,0
8,11,0,0.22364567003109156,0.9905,5.055435494857616,1.8584749698638916,0,continue,0.9353226051678591,0
8,12,0,-0.003302698211509858,0.9905,5.0497290173907095,1.8799560070037842,0,continue,0.9320199069563493,0
8,13,0,-0.07849025070865853,0.9905,5.04908216402387,1.896837830543518,0,continue,0.8535296562476907,0
8,14,0,-0.024200795727722865,0.9905,5.0527716185451155,1.9131293296813965,0,continue,0.8293288605199679,0
8,15,0,-0.014236178164305356,0.9905,5.054440631741403,1.7198373079299927,0,continue,0.8150926823556626,0
8,16,1,0.03661275506784682,0.9905,5.046407789020663,1.5710365772247314,0,continue,0.8517054374235093,0
8,17,0,0.07794117921642396,0.9905,5.032930945974578,1.5175957679748535,0,continue,0.9296466166399333,0
8,18,0,0.08249307263838475,0.9905,5.018845467543326,1.5873157978057861,0,continue,1.012139689278318,0
8,19,2,0.05928182285202581,0.9905,5.0068459067392075,1.9057464599609375,0,continue,1.0714215121303439,0
8,20,1,-0.2103630804258075,0.9905,4.994937841484453,1.8957948684692383,0,continue,0.8610584317045363,0
8,21,0,0.07714143366846567,0.9905,4.9805669442432325,1.8586348295211792,0,continue,0.938199865373002,0
8,22,0,0.04834030941781449,0.9905,4.969818325647663,1.8505983352661133,0,continue,0.9865401747908166,0
8,23,0,0.058013635742525604,0.9905,4.962646952187478,1.8317515850067139,0,continue,1.0445538105333423,0
8,24,1,0.10931630843113341,0.9905,4.953700388292276,1.8028404712677002,0,continue,1.1538701189644758,0
8,25,1,0.12428911640034843,0.9905,4.945237073591563,1.7774064540863037,0,continue,1.2781592353648241,0
8,26,0,0.03601031879821326,0.9905,4.93856154602564,1.7627043724060059,0,continue,1.3141695541630374,0
8,27,0,0.05054230061500151,0.9905,4.932267867180474,1.7328745126724243,0,continue,1.3647118547780388,0
8,28,0,0.0006421458401357329,0.9905,4.930155932261903,1.7157096862792969,0,continue,1.3653540006181746,0
8,29,0,-0.029520825575081573,0.9905,4.927318528905835,1.5990339517593384,0,continue,1.335833175043093,0
8,30,0,0.11854399856779797,0.9905,4.90441643539903,1.581849217414856,0,continue,1.454377173610891,0
8,31,2,0.1251582575035132,0.9905,4.879077608901389,1.6421548128128052,0,continue,1.5795354311144043,0
8,32,0,0.1297497117115826,0.9905,4.855959894209233,1.6057168245315552,0,continue,1.709285142825987,0
8,33,2,0.02466390478989524,0.9905,4.850042445749184,1.5876803398132324,0,continue,1.7339490476158823,0
8,34,0,-0.047205695880674,0.9905,4.8523080913083465,1.583327054977417,0,continue,1.6867433517352084,0
8,35,0,-0.0469110699301869,0.9905,4.854745643804386,1.6004557609558105,0,continue,1.6398322818050215,0
8,36,0,0.13231808738864337,0.9905,4.831558199358798,1.586469054222107,0,continue,1.7721503691936649,0
8,37,0,0.18341432548548064,0.9905,4.791259339395122,1.5186349153518677,0,continue,1.9555646946791456,0
8,38,1,0.2819224040354127,0.9905,4.742188671732882,1.4775307178497314,0,continue,2.237487098714558,0
8,39,0,0.2086644425666415,0.9905,4.705719672702079,1.4017796516418457,0,continue,2.4461515412811994,0
8,40,0,0.0127344169097229,0.9905,4.698960266656383,1.4036529064178467,0,continue,2.458885958190922,0
8,41,0,0.008552361346405649,0.9905,4.697105096691563,1.3896198272705078,0,continue,2.4674383195373277,0
8,42,0,-0.012223188238934733,0.9905,4.694854743963183,1.4014970064163208,0,continue,2.455215131298393,0
8,43,1,0.2721529767052532,0.9905,4.638507404558703,1.3388895988464355,0,continue,2.7273681080036463,0
8,44,1,0.4845414843244196,0.9905,4.541258411371145,1.2391560077667236,0,continue,3.211909592328066,0
8,45,0,0.38429705465181696,0.9905,4.465851999999912,1.2046983242034912,0,continue,3.596206646979883,0
8,46,0,0.4549660930225834,0.9905,4.3751921147256105,1.112319827079773,0,continue,4.051172740002467,0
8,47,0,0.3242878341455472,0.9905,4.310235019699492,1.0319366455078125,0,continue,4.375460574148014,0
8,48,0,0.36733545808451656,0.9905,4.236603922304578,0.9774356484413147,0,continue,4.742796032232531,0
8,49,0,0.14664147137702788,0.9905,4.210273510030542,0.9183753132820129,0,continue,4.8894375036095585,0
8,50,0,0.07190540143617209,0.9905,4.196664371065123,0.9138143658638,0,continue,4.961342905045731,0
8,51,0,0.33535277778365713,0.9905,4.136788642102121,0.8391700983047485,0,continue,5.296695682829388,0
8,52,0,0.1934677314223391,0.9905,4.097873395940766,0.8032088279724121,0,continue,5.490163414251727,0
8,53,2,0.029597000198682055,0.9905,4.08845403920848,0.7890380024909973,0,continue,5.519760414450409,0
8,54,2,0.16909149749478963,0.9905,4.0492772961530505,0.7574595212936401,0,continue,5.688851911945198,0
8,55,0,0.24756436839705687,0.9905,3.9983629314342264,0.6767044067382812,0,continue,5.936416280342255,0
8,56,1,0.2651920355152997,0.9905,3.9440551482695083,0.6409463882446289,0,continue,6.201608315857555,0
8,57,0,0.29836459224880973,0.9905,3.8878054021931145,0.5604149699211121,0,continue,6.499972908106364,0
8,58,2,0.27943612351352304,0.9905,3.831456705252566,0.5141330361366272,0,continue,6.779409031619887,0
8,59,0,0.25343903308411897,0.9905,3.776809171815986,0.42660796642303467,0,continue,7.032848064704006,0
8,60,1,0.2072809852235374,0.9905,3.717119463912185,0.37305331230163574,0,continue,7.2401290499275435,0
8,61,1,0.004484620579959964,0.9905,3.674572294223085,0.2803433835506439,0,continue,7.244613670507503,0
8,62,0,-0.3974271568131481,0.9905,3.6676552289756823,0.24092863500118256,0,continue,6.847186513694355,0
8,63,0,-0.4978537865443792,0.9905,3.6265492429944466,0.22492899000644684,0,continue,6.349332727149976,0
8,64,0,-45.71052400901482,0.9905,3.6039302135061377,0.1777869015932083,1,crush,-39.36119128186484,1
9,1,2,0.0,0.9893125,5.235001966040996,1.7988277673721313,0,continue,0.0,0
9,2,0,-0.3968625225549349,0.9893125,5.236764137646263,1.788347601890564,0,continue,-0.3968625225549349,0
9,3,0,-0.21424325256247376,0.9893125,5.237149561981498,1.7771012783050537,0,continue,-0.6111057751174087,0
9,4,0,-0.1293103284206824,0.9893125,5.226389728715648,1.790187954902649,0,continue,-0.7404161035380912,0
9,5,0,0.2781110485382226,0.9893125,5.1705728135690014,1.8119508028030396,0,continue,-0.46230505499986857,0
9,6,0,0.2502086091487665,0.9893125,5.126396972358426,1.8851643800735474,0,continue,-0.21209644585110204,0
9,7,0,0.253824096778611,0.9893125,5.079361530784165,1.9337235689163208,0,continue,0.041727650927508964,0
9,8,0,0.29936670148185585,0.9893125,5.026250077429027,1.851457118988037,0,continue,0.3410943524093648,0
9,9,0,0.2822248298657024,0.9893125,4.973835028694167,1.8184473514556885,0,continue,0.6233191822750672,0
9,10,0,0.2721181981077777,0.9893125,4.925234289113271,1.7284953594207764,0,continue,0.8954373803828449,0
9,11,0,0.27163293640923103,0.9893125,4.875004428427772,1.6872718334197998,0,continue,1.167070316792076,0
9,12,1,0.21073627839986048,0.9893125,4.832556559814737,1.6137330532073975,0,continue,1.3778065951919365,0
9,13,1,0.24646224433485725,0.9893125,4.782898967826588,1.5661718845367432,0,continue,1.6242688395267937,0
9,14,0,0.2716940639107008,0.9893125,4.734016838283537,1.4820241928100586,0,continue,1.8959629034374945,0
9,15,2,0.5007061648846463,0.9893125,4.685926667436586,1.439932107925415,0,continue,2.396669068322141,0
9,16,0,0.21185960998033632,0.9893125,4.649792669864345,1.3570122718811035,0,continue,2.6085286783024775,0
9,17,0,0.19543192694383468,0.9893125,4.609845287678002,1.3514769077301025,0,continue,2.803960605246312,0
9,18,1,0.20427178377667551,0.9893125,4.568744209382539,1.2685158252716064,0,continue,3.0082323890229876,0
9,19,2,0.2383916679872653,0.9893125,4.523641772457136,1.2325119972229004,0,continue,3.246624057010253,0
9,20,0,0.2583893634621696,0.9893125,4.478667332507392,1.1428947448730469,0,continue,3.5050134204724226,0
9,21,0,0.24179850098187589,0.9893125,4.434622969732431,1.0963858366012573,0,continue,3.7468119214542983,0
9,22,0,0.20655211687251138,0.9893125,4.3988861092377105,1.014805555343628,0,continue,3.95336403832681,0
9,23,0,0.2687128338143447,0.9893125,4.352215277699932,0.9338192939758301,0,continue,4.222076872141154,0
9,24,0,0.04510888439940488,0.9893125,4.343953669386388,0.9232845902442932,0,continue,4.2671857565405595,0
9,25,0,-0.06526914986121281,0.9893125,4.341916826288869,0.9209471344947815,0,continue,4.2019166066793465,0
9,26,0,-0.6578093088738775,0.9893125,4.3410684650825635,0.9062575697898865,0,continue,3.544107297805469,0
9,27,0,-0.07192827979185001,0.9893125,4.335086981714473,0.8727623820304871,0,continue,3.472179018013619,0
9,28,0,-0.022231864889081965,0.9893125,4.333422229151979,0.8711791038513184,0,continue,3.4499471531245374,0
9,29,2,0.27447715745085516,0.9893125,4.332893349245679,0.8741535544395447,0,continue,3.7244243105753925,0
9,30,0,0.273896341501145,0.9893125,4.3156447835507405,0.8659375905990601,0,continue,3.9983206520765373,0
9,31,0,0.242356830440242,0.9893125,4.296741471676065,0.7920041680335999,0,continue,4.240677482516779,0
9,32,0,-0.06624196617565634,0.9893125,4.295537222376323,0.7857397794723511,0,continue,4.174435516341123,0
9,33,2,0.2904136211165705,0.9893125,4.292019786341278,0.7725314497947693,0,continue,4.464849137457693,0
9,34,0,0.1834211860895779,0.9893125,4.290099358828617,0.7715378403663635,0,continue,4.648270323547271,0
9,35,0,0.18239062330185438,0.9893125,4.289664717379972,0.7547293901443481,0,continue,4.830660946849125,0
9,36,2,0.3581979194211896,0.9893125,4.260348590873639,0.7412015795707703,0,continue,5.188858866270315,0
9,37,0,0.29685316231988323,0.9893125,4.211383659584141,0.6767973303794861,0,continue,5.485712028590198,0
9,38,0,0.31231952345077196,0.9893125,4.153817142439539,0.6290014386177063,0,continue,5.79803155204097,0
9,39,2,0.640997841765703,0.9893125,4.089741502596092,0.5367989540100098,0,continue,6.439029393806673,0
9,40,0,0.2791187300658748,0.9893125,4.033588591084959,0.49589788913726807,0,continue,6.718148123872548,0
9,41,0,0.19696964364792352,0.9893125,3.9843924234412293,0.4174948036670685,0,continue,6.915117767520472,0
9,42,1,0.20363049084149834,0.9893125,3.9255289237352335,0.3755062520503998,0,continue,7.11874825836197,0
9,43,2,0.17670541134564488,0.9893125,3.8647505562612317,0.2714031934738159,0,continue,7.295453669707615,0
9,44,0,-0.0021893487693015468,0.9893125,3.802676669521113,0.22587113082408905,0,continue,7.293264320938313,0
9,45,2,-29.697665776145193,0.9893125,3.7379700022126157,0.11999999731779099,1,crush,-22.40440145520688,0
10,1,0,0.0,0.988125,5.23846433792284,1.789587378501892,0,continue,0.0,0
10,2,1,-0.17924673146030243,0.988125,5.2726010972213535,1.7678720951080322,0,continue,-0.17924673146030243,0
10,3,0,-0.24864191403346947,0.988125,5.275964381986997,1.7466413974761963,0,continue,-0.4278886454937719,0
10,4,0,-0.20631575514101846,0.988125,5.280418100062265,1.7501200437545776,0,continue,-0.6342044006347904,0
10,5,0,-0.06966392374481253,0.988125,5.2845517182532316,1.7675622701644897,0,continue,-0.703868324379603,0
10,6,2,-0.054079919947149335,0.988125,5.294185798196166,1.764616847038269,0,continue,-0.7579482443267523,0
10,7,0,-0.04851534106655926,0.988125,5.305237379529659,1.7420603036880493,0,continue,-0.8064635853933116,0
10,8,0,-0.05327259643675184,0.988125,5.316611440270164,1.756928563117981,0,continue,-0.8597361818300635,0
10,9,0,0.003649553410011431,0.988125,5.316159589212673,1.7714016437530518,0,continue,-0.8560866284200521,0
10,10,0,0.12246323312920668,0.988125,5.314225842778813,1.779198408126831,0,continue,-0.7336233952908454,0
10,11,0,-0.009837167549178204,0.988125,5.352415474301639,1.7644699811935425,0,continue,-0.7434605628400236,0
10,12,0,-0.19283830603777474,0.988125,5.393844456876562,1.75406813621521,0,continue,-0.9362988688777983,0
10,13,0,-0.2728800191075785,0.988125,5.440998352650394,1.7075786590576172,0,continue,-1.2091788879853769,0
10,14,2,-0.23452713295975425,0.988125,5.4876872573589965,1.7039637565612793,0,continue,-1.4437060209451311,0
10,15,0,-0.29682080690402246,0.988125,5.535858547929014,1.6568342447280884,0,continue,-1.7405268278491537,0
10,16,0,-0.2697580819031777,0.988125,5.584801846252533,1.6409060955047607,0,continue,-2.010284909752331,0
10,17,0,-0.25362409143487746,0.988125,5.629622096584374,1.602372646331787,0,continue,-2.2639090011872085,0
10,18,0,-0.27513256352994814,0.988125,5.679244472075235,1.5748662948608398,0,continue,-2.5390415647171567,0
10,19,1,-0.2254892637530584,0.988125,5.724092024686546,1.5334596633911133,0,continue,-2.7645308284702153,0
10,20,2,-0.5853198479754755,0.988125,5.780838382735635,1.5252106189727783,0,continue,-3.3498506764456906,0
10,21,0,-0.5657845242772174,0.988125,5.844821997983894,1.4807547330856323,0,continue,-3.915635200722908,0
10,22,0,-0.4457202024104887,0.988125,5.889358078006909,1.4462902545928955,0,continue,-4.3613554031333965,0
10,23,0,-0.30674004575454655,0.988125,5.905611753479608,1.4344607591629028,0,continue,-4.668095448887943,0
10,24,0,-0.06006734788228005,0.988125,5.914486903070458,1.4451217651367188,0,continue,-4.728162796770223,0
10,25,0,-0.5619678911602146,0.988125,5.968566460847179,1.4246755838394165,0,continue,-5.2901306879304375,0
10,26,0,-0.577399900501739,0.988125,6.029397770070139,1.3729040622711182,0,continue,-5.867530588432176,0
10,27,0,-0.40932716635104205,0.988125,6.072199890490847,1.3378866910934448,0,continue,-6.276857754783219,0
10,28,0,-0.5176966685481821,0.988125,6.143257799986702,1.2674407958984375,0,continue,-6.794554423331401,0
10,29,1,-0.43442139416085657,0.988125,6.190005131466709,1.2338308095932007,0,continue,-7.228975817492257,0
10,30,0,-0.5064693305472698,0.988125,6.257600560555236,1.175216555595398,0,continue,-7.735445148039527,0
10,31,1,-0.556089738761121,0.988125,6.328682931903543,1.1378028392791748,0,continue,-8.291534886800648,0
10,32,1,-0.5505236525148021,0.988125,6.398651570121481,1.0640020370483398,0,continue,-8.842058539315449,0
10,33,2,-0.7461540022814974,0.988125,6.447746992643935,1.0254758596420288,0,continue,-9.588212541596945,0
10,34,1,-0.5683109476559507,0.988125,6.4576704239129645,1.0174192190170288,0,continue,-10.156523489252896,0
10,35,1,-0.23601871239327737,0.988125,6.4571544799651335,1.0135531425476074,0,continue,-10.392542201646174,0
10,36,0,-0.3748219706281231,0.988125,6.456501059584002,1.0081117153167725,0,continue,-10.767364172274297,0
10,37,0,0.11718504112363365,0.988125,6.462586489660234,1.0198124647140503,0,continue,-10.650179131150663,0
10,38,0,-0.47143484584541556,0.988125,6.5234162397844235,0.9956088066101074,0,continue,-11.121613976996079,0
10,39,0,-1.4500569222411916,0.988125,6.588887847048384,0.944831371307373,0,continue,-12.57167089923727,0
10,40,2,-0.5790245624875096,0.988125,6.66395713870948,0.8548505306243896,0,continue,-13.15069546172478,0
10,41,0,-0.6069278635487929,0.988125,6.747988459100598,0.8037824034690857,0,continue,-13.757623325273572,0
10,42,0,-0.5425585544254546,0.988125,6.824445934926735,0.7076279520988464,0,continue,-14.300181879699027,0
10,43,0,-0.4913514339554164,0.988125,6.889433279609216,0.6366229057312012,0,continue,-14.791533313654444,0
10,44,2,-0.6576349397820838,0.988125,6.980938415524454,0.5433606505393982,0,continue,-15.449168253436527,0
10,45,2,-0.5392020252682321,0.988125,7.048771927752336,0.5123924612998962,0,continue,-15.988370278704759,0
10,46,0,-0.5690909946862736,0.988125,7.120415894092959,0.4220808446407318,0,continue,-16.55746127339103,0
10,47,0,-0.6027667996716293,0.988125,7.187770696169548,0.38121041655540466,0,continue,-17.16022807306266,0
10,48,0,-0.8140371220369276,0.988125,7.278558020144029,0.3147476017475128,0,continue,-17.97426519509959,0
10,49,0,-1.14884232393403,0.988125,7.346363333733426,0.2204338163137436,0,continue,-19.12310751903362,0
10,50,1,-30.95705906268435,0.988125,7.419715333678697,0.16360299289226532,1,crush,-50.080166581717975,0
11,1,0,0.0,0.9869375,4.925526158517216,1.8798788785934448,0,continue,0.0,0
11,2,1,0.17951425398287482,0.9869375,4.889851146848174,1.8510504961013794,0,continue,0.17951425398287482,0
11,3,0,-0.029543822141515408,0.9869375,4.891727363027951,1.829337239265442,0,continue,0.14997043184135941,0
11,4,0,0.32064634531007913,0.9869375,4.828892028801318,1.8052200078964233,0,continue,0.47061677715143857,0
11,5,2,0.35840242364544245,0.9869375,4.757646203978512,1.6997959613800049,0,continue,0.8290192007968811,0
11,6,0,0.35356099492556026,0.9869375,4.690386704936462,1.6554434299468994,0,continue,1.1825801957224413,0
11,7,1,0.20351879455298122,0.9869375,4.64957938881646,1.5762102603912354,0,continue,1.3860989902754226,0
11,8,0,0.06229732123834335,0.9869375,4.6365079594821985,1.571297287940979,0,continue,1.448396311513766,0
11,9,2,0.23984532177591414,0.9869375,4.584860198221271,1.5249935388565063,0,continue,1.6882416332896801,0
11,10,0,0.12669541074504093,0.9869375,4.561406978214939,1.496362328529358,0,continue,1.814937044034721,0
11,11,0,0.08041679009618947,0.9869375,4.5389828552266,1.4939208030700684,0,continue,1.8953538341309104,0
11,12,2,0.25992934422297376,0.9869375,4.486632509428011,1.4388190507888794,0,continue,2.1552831783538844,0
11,13,0,9.872166734024163e-05,0.9869375,4.48346872919326,1.4155173301696777,0,continue,2.1553819000212244,0
11,14,0,0.11980807300299638,0.9869375,4.458797921484163,1.3846440315246582,0,continue,2.275189973024221,0
11,15,0,0.4938698734919085,0.9869375,4.36666309601856,1.2977476119995117,0,continue,2.7690598465161296,0
11,16,1,0.4320845590968626,0.9869375,4.281090216364858,1.2468293905258179,0,continue,3.2011444056129923,0
11,17,0,0.3269553209421555,0.9869375,4.2221175708151515,1.1552011966705322,0,continue,3.5280997265551477,0
11,18,0,0.07132117757241638,0.9869375,4.2071007172857335,1.135595679283142,0,continue,3.599420904127564,0
11,19,0,-0.04531355755970685,0.9869375,4.203324367963641,1.1362693309783936,0,continue,3.554107346567857,0
11,20,1,0.2075236516818951,0.9869375,4.164545536668792,1.1218059062957764,0,continue,3.7616309982497524,0
11,21,0,0.3431060206746367,0.9869375,4.1047582515143075,1.049965262413025,0,continue,4.104737018924389,0
11,22,0,0.2584872803263248,0.9869375,4.053374007777883,1.010653018951416,0,continue,4.363224299250714,0
11,23,0,0.32357028752056777,0.9869375,3.993878990299682,0.9344178438186646,0,continue,4.686794586771281,0
11,24,2,0.11625533600441326,0.9869375,3.9700639700746643,0.91771000623703,0,continue,4.803049922775695,0
11,25,1,-0.2075934806169647,0.9869375,3.9600944837818566,0.9000501036643982,0,continue,4.59545644215873,0
11,26,0,0.25472498730192566,0.9869375,3.901665901066181,0.8699933290481567,0,continue,4.850181429460656,0
11,27,1,0.360257929584165,0.9869375,3.8353353123301193,0.7900828123092651,0,continue,5.210439359044821,0
11,28,0,0.311655678859864,0.9869375,3.7760104854525887,0.7504921555519104,0,continue,5.522095037904685,0
11,29,0,0.39113981236614115,0.9869375,3.702518472361572,0.6669811010360718,0,continue,5.913234850270826,0
11,30,1,0.1650216144955308,0.9869375,3.6759677947728466,0.6376546621322632,0,continue,6.0782564647663575,0
11,31,1,0.07178402686213789,0.9869375,3.6628807959231042,0.6396807432174683,0,continue,6.150040491628495,0
11,32,0,0.30471182305919164,0.9869375,3.601167424376011,0.6080354452133179,0,continue,6.454752314687687,0
11,33,0,0.3631646643858582,0.9869375,3.5346314341377276,0.5127652883529663,0,continue,6.817916979073545,0
11,34,0,0.3443559702547189,0.9869375,3.4672670053866637,0.46733149886131287,0,continue,7.162272949328264,0
11,35,0,0.2658452032433321,0.9869375,3.4048490025574867,0.3912937641143799,0,continue,7.428118152571596,0
11,36,2,0.14197357801230323,0.9869375,3.3350442200243626,0.28058287501335144,0,continue,7.570091730583899,0
11,37,0,-0.23142637815496944,0.9869375,3.2760866287185215,0.24286161363124847,0,continue,7.338665352428929,0
11,38,0,-0.6104334840974704,0.9869375,3.2643495798551228,0.20821206271648407,0,continue,6.728231868331459,0
11,39,0,-0.7142462656614673,0.9869375,3.266085032651562,0.20020873844623566,0,continue,6.013985602669992,0
11,40,0,-15.666438183654712,0.9869375,3.279152128684734,0.225641131401062,0,continue,-9.65245258098472,1
11,41,0,-15.584134067177796,0.9869375,3.276440359086613,0.225641131401062,0,continue,-25.236586648162515,1
11,42,1,-15.266811120665405,0.9869375,3.2746713975960278,0.2296791970729828,0,continue,-40.503397768827924,1
11,43,0,-0.5270500653748202,0.9869375,3.280921299444525,0.23647132515907288,0,continue,-41.03044783420275,0
11,44,1,-0.30178345396319883,0.9869375,3.285091642482286,0.25084689259529114,0,continue,-41.33223128816594,0
11,45,0,-0.42858434434070025,0.9869375,3.2445494892746414,0.21763181686401367,0,continue,-41.76081563250664,0
11,46,2,-45.21078812124597,0.9869375,3.214062945203555,0.18098501861095428,1,crush,-86.97160375375262,1
12,1,2,0.06160318851470947,0.98575,4.890741157565175,1.8424025774002075,0,continue,0.06160318851470947,0
12,2,0,-0.02444479044131895,0.98575,4.884668100286463,1.8371301889419556,0,continue,0.037158398073390525,0
12,3,0,0.29956781617701733,0.98575,4.824673526560153,1.807621717453003,0,continue,0.33672621425040783,0
12,4,0,0.31795577101335865,0.98575,4.768819619007203,1.7179538011550903,0,continue,0.6546819852637664,0
12,5,2,0.3864017686098154,0.98575,4.6918979706651465,1.6728771924972534,0,continue,1.0410837538735818,0
12,6,0,0.34269184407723285,0.98575,4.631425282472948,1.575454592704773,0,continue,1.3837755979508146,0
12,7,0,0.3488505219168974,0.98575,4.565648673073733,1.5224474668502808,0,continue,1.732626119867712,0
12,8,1,0.11888128454900415,0.98575,4.540144406188735,1.4797286987304688,0,continue,1.8515074044167161,0
12,9,0,0.07205748863637532,0.98575,4.526217227305692,1.4640705585479736,0,continue,1.9235648930530915,0
12,10,0,0.310881135299064,0.98575,4.466963014151584,1.4277737140655518,0,continue,2.2344460283521554,0
12,11,0,0.4024762638489436,0.98575,4.397177120755357,1.33790123462677,0,continue,2.636922292201099,0
12,12,0,0.11391948005969098,0.98575,4.376883336830451,1.3116261959075928,0,continue,2.75084177226079,0
12,13,0,0.17955980470673877,0.98575,4.342024750549261,1.2788755893707275,0,continue,2.9304015769675287,0
12,14,0,0.3689025693745757,0.98575,4.274025586558388,1.2305550575256348,0,continue,3.2993041463421044,0
12,15,0,0.41245317466381093,0.98575,4.195994160104237,1.1146776676177979,0,continue,3.7117573210059156,0
12,16,0,0.40991240482448915,0.98575,4.119828849063437,1.0679523944854736,0,continue,4.1216697258304045,0
12,17,1,0.3643832617383372,0.98575,4.047033772615581,0.9799458980560303,0,continue,4.486052987568741,0
12,18,0,0.3192546441920403,0.98575,3.985921506127198,0.9486335515975952,0,continue,4.8053076317607815,0
12,19,0,0.4042664868861371,0.98575,3.9112469880591307,0.8444386720657349,0,continue,5.209574118646919,0
12,20,0,0.3586438389527438,0.98575,3.843996054290798,0.8011986613273621,0,continue,5.568217957599662,0
12,21,0,0.41504308077206,0.98575,3.769205217363776,0.7014448642730713,0,continue,5.983261038371722,0
12,22,0,0.383852547224269,0.98575,3.6983082661110864,0.6627885103225708,0,continue,6.367113585595991,0
12,23,0,0.3916188100583902,0.98575,3.626777454643976,0.5608147382736206,0,continue,6.758732395654381,0
12,24,2,0.3645350234945921,0.98575,3.554096819558574,0.5152884721755981,0,continue,7.1232674191489735,0
12,25,0,0.30376602626200633,0.98575,3.484547249129998,0.4222179651260376,0,continue,7.42703344541098,0
12,26,0,0.09737412966728781,0.98575,3.4418791841515732,0.3520762026309967,0,continue,7.524407575078268,0
12,27,0,-0.06553711174965482,0.98575,3.4257831708424415,0.34878265857696533,0,continue,7.458870463328613,0
12,28,0,0.06846168588417631,0.98575,3.359674586577675,0.30367815494537354,0,continue,7.527332149212789,0
12,29,0,-0.1725189546703851,0.98575,3.259870514493648,0.20437844097614288,0,continue,7.3548131945424045,0
12,30,0,-45.814685795920376,0.98575,3.1923758808459675,0.11999999731779099,1,crush,-38.459872601377974,1
13,1,1,0.0,0.9845625,5.341550382159104,1.584060788154602,0,continue,0.0,0
13,2,2,-0.3333539303594065,0.9845625,5.33961938855573,1.589995265007019,0,continue,-0.3333539303594065,0
13,3,0,0.08508715774012428,0.9845625,5.3220816371101325,1.5957382917404175,0,continue,-0.24826677261928226,0
13,4,0,0.24436260583997368,0.9845625,5.275572126286131,1.6253669261932373,0,continue,-0.0039041667793085766,0
13,5,0,0.44967236247107745,0.9845625,5.192224346170282,1.7075787782669067,0,continue,0.44576819569176884,0
13,6,0,0.3442947687076381,0.9845625,5.127010396463034,1.7418731451034546,0,continue,0.7900629643994069,0
13,7,1,0.3384816865385854,0.9845625,5.05859340772805,1.8367165327072144,0,continue,1.1285446509379924,0
13,8,1,0.3841932179014,0.9845625,4.981697510132175,1.8895188570022583,0,continue,1.5127378688393924,0
13,9,0,0.2582422262241996,0.9845625,4.936654117221061,1.8992466926574707,0,continue,1.770980095063592,0
13,10,2,0.05937853556521686,0.9845625,4.922393212469352,1.888098955154419,0,continue,1.8303586306288089,0
13,11,0,-0.09566925024417183,0.9845625,4.9219292255137965,1.8249214887619019,0,continue,1.734689380384637,0
13,12,0,0.18635508980837742,0.9845625,4.881799422551172,1.64572274684906,0,continue,1.9210444701930145,0
13,13,0,0.3255616354721423,0.9845625,4.822730416561612,1.5978666543960571,0,continue,2.246606105665157,0
13,14,0,-0.021186976676608224,0.9845625,4.82560813367015,1.6192525625228882,0,continue,2.2254191289885488,0
13,15,0,-0.046994586995757044,0.9845625,4.829481023552278,1.746595859527588,0,continue,2.1784245419927917,0
13,16,0,-0.02501165770491516,0.9845625,4.824486511887459,1.7683284282684326,0,continue,2.1534128842878766,0
13,17,0,0.3842479009263187,0.9845625,4.746676994198072,1.704227089881897,0,continue,2.5376607852141952,0
13,18,0,0.4184983868277908,0.9845625,4.667574313762944,1.6605571508407593,0,continue,2.956159172041986,0
13,19,0,0.36602151913546127,0.9845625,4.599352407212754,1.5799803733825684,0,continue,3.322180691177447,0
13,20,0,0.3532918467332379,0.9845625,4.530476071437491,1.5347135066986084,0,continue,3.675472537910685,0
13,21,0,0.29308139032422265,0.9845625,4.4807706043478275,1.4418237209320068,0,continue,3.9685539282349076,0
13,22,0,0.4330987457475747,0.9845625,4.396997791517961,1.3789972066879272,0,continue,4.401652673982483,0
13,23,0,0.34657017758929215,0.9845625,4.335668591721858,1.2856063842773438,0,continue,4.748222851571775,0
13,24,0,0.36538303741338607,0.9845625,4.26809729312296,1.241998553276062,0,continue,5.113605888985161,0
13,25,0,0.3676605140867618,0.9845625,4.19976100457354,1.1457358598709106,0,continue,5.481266403071922,0
13,26,0,0.3412706146770833,0.9845625,4.135966301654988,1.1057994365692139,0,continue,5.8225370177490055,0
13,27,0,0.37620750526863966,0.9845625,4.068362937702602,1.0199061632156372,0,continue,6.198744523017645,0
13,28,0,0.35214458971425766,0.9845625,4.002644003352459,0.9440984725952148,0,continue,6.550889112731903,0
13,29,0,0.3475613715917403,0.9845625,3.935737008839728,0.894938051700592,0,continue,6.898450484323643,0
13,30,0,0.3675994351812274,0.9845625,3.8692765032293557,0.8042348027229309,0,continue,7.26604991950487,0
13,31,0,0.27140150918892986,0.9845625,3.8175560727639035,0.7716220021247864,0,continue,7.5374514286938,0
13,32,0,0.45312089605184613,0.9845625,3.730511221174855,0.6985018849372864,0,continue,7.990572324745647,0
13,33,0,0.3245216406066564,0.9845625,3.674084092417619,0.5889183282852173,0,continue,8.315093965352302,0
13,34,0,0.27199384019381595,0.9845625,3.6227224156087376,0.564768373966217,0,continue,8.587087805546117,0
13,35,0,0.41350829318772697,0.9845625,3.5440399070524005,0.4602515995502472,0,continue,9.000596098733844,0
13,36,1,0.23466687882854304,0.9845625,3.4794356606115393,0.37667617201805115,0,continue,9.235262977562387,0
13,37,0,0.16238878605766588,0.9845625,3.4193285754071727,0.3330806791782379,0,continue,9.397651763620052,0
13,38,0,-30.18948925684542,0.9845625,3.3149764751606523,0.19431434571743011,1,crush,-20.791837493225366,0
14,1,1,0.0,0.983375,4.689587317088752,1.656603217124939,0,continue,0.0,0
14,2,1,0.02253501825517732,0.983375,4.6785126422020165,1.6355226039886475,0,continue,0.02253501825517732,0
14,3,0,-0.0256775017533714,0.983375,4.679085122414612,1.6276494264602661,0,continue,-0.0031424834981940777,0
14,4,0,0.13583624396480257,0.983375,4.66972293956499,1.6185851097106934,0,continue,0.1326937604666085,0
14,5,0,0.23908031915475125,0.983375,4.6224611192470295,1.604619026184082,0,continue,0.3717740796213598,0
14,6,0,0.22899791382568593,0.983375,4.580458240386888,1.5370755195617676,0,continue,0.6007719934470457,0
14,7,0,0.24604205931333015,0.983375,4.536111355490899,1.5032564401626587,0,continue,0.8468140527603758,0
14,8,0,0.24532054411264512,0.983375,4.494370371287023,1.443598747253418,0,continue,1.092134596873021,0
14,9,0,0.21457608636161762,0.983375,4.453701946975932,1.4089535474777222,0,continue,1.3067106832346385,0
14,10,0,0.24541914851309926,0.983375,4.411999275360078,1.3510141372680664,0,continue,1.5521298317477377,0
14,11,0,0.30727659906309385,0.983375,4.3588641861332205,1.2889519929885864,0,continue,1.8594064308108316,0
14,12,0,0.25768239043848873,0.983375,4.311495566809443,1.2140823602676392,0,continue,2.1170888212493204,0
14,13,0,0.21284007716329978,0.983375,4.272233980260283,1.199425220489502,0,continue,2.32992889841262,0
14,14,0,0.10931051618911218,0.983375,4.228574077765082,1.1310285329818726,0,continue,2.439239414601732,0
14,15,0,0.09381160263372842,0.983375,4.194208848695284,1.0814406871795654,0,continue,2.5330510172354606,0
14,16,1,0.19835729216282705,0.983375,4.153863613076663,1.0385900735855103,0,continue,2.7314083093982875,0
14,17,1,0.1475394047376688,0.983375,4.123724174553479,1.0112767219543457,0,continue,2.8789477141359563,0
14,18,0,0.04969888020146443,0.983375,4.0933058742512785,0.9502552151679993,0,continue,2.9286465943374207,0
14,19,0,0.12883103579014923,0.983375,4.0443993266525755,0.8847463130950928,0,continue,3.05747763012757,0
14,20,0,0.07222884962086326,0.983375,4.013182210499041,0.8219475150108337,0,continue,3.1297064797484335,0
14,21,0,-0.18982708279104765,0.983375,4.008861783565258,0.7989916801452637,0,continue,2.939879396957386,0
14,22,0,-0.4006257243976828,0.983375,4.006955803416315,0.7878816723823547,0,continue,2.539253672559703,0
14,23,0,-0.26381243244186725,0.983375,4.015379646353691,0.7828940153121948,0,continue,2.2754412401178357,0
14,24,0,-0.22213503232597454,0.983375,4.0510674382101035,0.7788782119750977,0,continue,2.053306207791861,0
14,25,0,-0.1824287566679086,0.983375,4.0881237166586475,0.7820174098014832,0,continue,1.8708774511239525,0
14,26,0,-0.21247323993576955,0.983375,4.130383831804472,0.8035857677459717,0,continue,1.658404211188183,0
14,27,0,-0.20931136237030215,0.983375,4.170441257196596,0.816158652305603,0,continue,1.4490928488178807,0
14,28,0,-0.19900335716806997,0.983375,4.209439520984714,0.8079781532287598,0,continue,1.2500894916498106,0
14,29,0,-0.2351609706023115,0.983375,4.257833797285302,0.8384018540382385,0,continue,1.0149285210474992,0
14,30,0,-0.2267101238325936,0.983375,4.303105203439444,0.8460046648979187,0,continue,0.7882183972149056,0
14,31,0,-0.24066067029482993,0.983375,4.35213918622159,0.8634717464447021,0,continue,0.5475577269200756,0
14,32,1,-0.417640906652209,0.983375,4.395273940075954,0.8688210248947144,0,continue,0.12991682026786666,0
14,33,2,-0.6913795028050307,0.983375,4.433197526248398,0.8834164142608643,0,continue,-0.561462682537164,0
14,34,1,-0.6859277645691068,0.983375,4.4700584388604785,0.9084912538528442,0,continue,-1.247390447106271,0
14,35,0,-0.4627353843709487,0.983375,4.52042274778917,0.9148434400558472,0,continue,-1.7101258314772196,0
14,36,2,-0.39321225524058023,0.983375,4.558655464570779,0.9527987241744995,0,continue,-2.1033380867178,0
14,37,0,-0.4421941177741592,0.983375,4.607882916747711,0.9626879096031189,0,continue,-2.545532204491959,0
14,38,0,-0.46086748646790204,0.983375,4.660713065257782,0.9964460730552673,0,continue,-3.006399690959861,0
14,39,0,-0.46740566254630667,0.983375,4.722929507153041,1.054606318473816,0,continue,-3.4738053535061675,0
14,40,2,-0.505245415541421,0.983375,4.783524732042813,1.1213757991790771,0,continue,-3.9790507690475883,0
14,41,0,-0.45150054007041035,0.983375,4.833821638449586,1.1593483686447144,0,continue,-4.430551309117998,0
14,42,0,-0.3306228833078819,0.983375,4.857575381512138,1.1911429166793823,0,continue,-4.76117419242588,0
14,43,2,-0.22667650392393304,0.983375,4.856043348823033,1.2168704271316528,0,continue,-4.987850696349813,0
14,44,2,-0.10792166608839095,0.983375,4.8427269875613295,1.201615333557129,0,continue,-5.095772362438204,0
14,45,0,-0.1817323821880865,0.983375,4.856477573197249,1.1907225847244263,0,continue,-5.277504744626291,0
14,46,2,-0.255623851568037,0.983375,4.863656113400047,1.2088466882705688,0,continue,-5.533128596194328,0
14,47,0,-0.4451383245482562,0.983375,4.904827122028383,1.2264776229858398,0,continue,-5.978266920742584,0
14,48,0,-0.5049543585897021,0.983375,4.970849881932364,1.1644703149795532,0,continue,-6.483221279332286,0
14,49,0,-0.375243037732142,0.983375,5.0100514256065365,1.1233646869659424,0,continue,-6.858464317064428,0
14,50,2,-0.18949954284281878,0.983375,5.0027036359557995,1.1311215162277222,0,continue,-7.047963859907247,0
14,51,2,-0.29384539800361825,0.983375,5.0145419147598345,1.110555648803711,0,continue,-7.341809257910866,0
14,52,1,-0.735502661174769,0.983375,5.059532875070214,1.0268858671188354,0,continue,-8.077311919085634,0
14,53,0,-0.465225168261708,0.983375,5.112030020604936,0.9292641878128052,0,continue,-8.542537087347343,0
14,54,1,-0.3516816468540781,0.983375,5.14233365949355,0.8520997166633606,0,continue,-8.894218734201422,0
14,55,2,-0.6054912919302697,0.983375,5.160267312195472,0.8193176984786987,0,continue,-9.499710026131691,0
14,56,0,-0.36966190949864464,0.983375,5.193282938818475,0.7395434379577637,0,continue,-9.869371935630335,0
14,57,0,-0.3592663879246155,0.983375,5.224726128493751,0.6963467597961426,0,continue,-10.22863832355495,0
14,58,1,-0.28328084803979986,0.983375,5.240940004840778,0.6327277421951294,0,continue,-10.51191917159475,0
14,59,0,-0.2397261821561905,0.983375,5.242983708280073,0.6266825199127197,0,continue,-10.75164535375094,0
14,60,1,-0.2562630625984591,0.983375,5.243041551374639,0.6090602278709412,0,continue,-11.007908416349398,0
14,61,0,-0.20051019861707156,0.983375,5.244393868572756,0.5975328087806702,0,continue,-11.208418614966469,0
14,62,0,-0.8404553399378472,0.983375,5.253427425748686,0.5944423079490662,0,continue,-12.048873954904316,0
14,63,0,-0.71419566649169,0.983375,5.231703248420992,0.5861443877220154,0,continue,-12.763069621396006,0
14,64,2,-0.060880999122701895,0.983375,5.199094708733238,0.5868021249771118,0,continue,-12.823950620518708,0
14,65,0,0.07688249131160424,0.983375,5.137074141366581,0.6131277084350586,0,continue,-12.747068129207104,0
14,66,0,0.1477158876421284,0.983375,5.067799621795036,0.6346498131752014,0,continue,-12.599352241564976,0
14,67,2,-0.05995610956116637,0.983375,5.0383964913127475,0.6512656211853027,0,continue,-12.659308351126143,0
14,68,2,-0.17594959557402295,0.983375,5.033586410427552,0.6413979530334473,0,continue,-12.835257946700166,0
14,69,0,-0.09766738356373623,0.983375,5.030733379999019,0.6507049798965454,0,continue,-12.932925330263902,0
14,70,0,0.06173813738832373,0.983375,4.989490186413813,0.6611329913139343,0,continue,-12.87118719287558,0
14,71,2,0.012736432257136077,0.983375,4.985450385370274,0.6829463243484497,0,continue,-12.858450760618444,0
14,72,0,-0.15465632427598971,0.983375,4.952371139246804,0.6760488152503967,0,continue,-13.013107084894434,0
14,73,1,1.0513127553353414,0.983375,4.8677358264926,0.6830273866653442,0,continue,-11.961794329559092,0
14,74,0,0.45867656430011616,0.983375,4.776598142040116,0.7054832577705383,0,continue,-11.503117765258976,0
14,75,0,0.26437041530179106,0.983375,4.727261359104797,0.7348801493644714,0,continue,-11.238747349957185,0
14,76,1,0.42888406541782986,0.983375,4.727129547168227,0.7479244470596313,0,continue,-10.809863284539356,0
14,77,0,0.6055267393758513,0.983375,4.699317470305404,0.7463367581367493,0,continue,-10.204336545163505,0
14,78,0,0.07686403649016667,0.983375,4.685690609110668,0.7271932363510132,0,continue,-10.127472508673339,0
14,79,0,0.02346994241876631,0.983375,4.678516641389856,0.7200618386268616,0,continue,-10.104002566254573,0
14,80,0,0.08170690103563757,0.983375,4.660358266368317,0.7108885049819946,0,continue,-10.022295665218936,0
14,81,0,0.1133093923739634,0.983375,4.637686163135205,0.6477497816085815,0,continue,-9.908986272844972,0
14,82,2,0.1032331748101181,0.983375,4.61631908940915,0.6164951324462891,0,continue,-9.805753098034854,0
14,83,0,0.01984366294925649,0.983375,4.610952334686033,0.5853017568588257,0,continue,-9.785909435085598,0
14,84,1,0.4434681932996788,0.983375,4.571243626339029,0.54571133852005,0,continue,-9.342441241785918,0
14,85,2,-0.13007281393828582,0.983375,4.536632718703536,0.5110042095184326,0,continue,-9.472514055724204,0
14,86,2,0.15664481630252933,0.983375,4.503139985519342,0.4771479368209839,0,continue,-9.315869239421675,0
14,87,0,0.034060429272854284,0.983375,4.493038160830021,0.4666968584060669,0,continue,-9.28180881014882,0
14,88,0,-0.9924271415545495,0.983375,4.4924941948974295,0.4610542058944702,0,continue,-10.27423595170337,0
14,89,1,0.8984140459790089,0.983375,4.454469500106228,0.4507800042629242,0,continue,-9.375821905724361,0
14,90,0,0.3140408293011378,0.983375,4.389710464569728,0.4609803855419159,0,continue,-9.061781076423223,0
14,91,1,0.840402877461405,0.983375,4.369216189852758,0.47059449553489685,0,continue,-8.221378198961819,0
14,92,0,0.055420594026924556,0.983375,4.342605555416431,0.47073280811309814,0,continue,-8.165957604934894,0
14,93,1,0.8524272440436331,0.983375,4.316075745179812,0.47574809193611145,0,continue,-7.313530360891261,0
14,94,0,0.5318243742392663,0.983375,4.29485024897578,0.47689753770828247,0,continue,-6.781705986651994,0
14,95,0,-0.4764338602109578,0.983375,4.262236886419109,0.46434181928634644,0,continue,-7.258139846862952,0
14,96,0,0.13618158708890343,0.983375,4.231860185393414,0.4472079277038574,0,continue,-7.121958259774049,0
14,97,0,0.1735292505637544,0.983375,4.204190307960985,0.4284104108810425,0,continue,-6.948429009210295,0
14,98,0,0.02315189395895457,0.983375,4.207383866090619,0.4341563284397125,0,continue,-6.92527711525134,0
14,99,0,0.5836630015975566,0.983375,4.198734880755839,0.4243369400501251,0,continue,-6.341614113653784,0
14,100,2,-0.008589782691941245,0.983375,4.188232633289626,0.4029189646244049,0,continue,-6.350203896345725,0
14,101,1,-0.25607393435564985,0.983375,4.177969341471109,0.3473600745201111,0,continue,-6.606277830701375,0
14,102,0,-0.1671098562996591,0.983375,4.171795761327256,0.32102593779563904,0,continue,-6.773387687001033,0
14,103,0,-0.2580865641767719,0.983375,4.166872426385022,0.2801186144351959,0,continue,-7.031474251177805,0
14,104,0,-0.4958439891319535,0.983375,4.165235022049485,0.22944621741771698,0,continue,-7.527318240309759,0
14,105,1,-30.344673327706648,0.983375,4.167089593472169,0.19798842072486877,1,crush,-37.871991568016405,0
15,1,0,0.0,0.9821875,4.804879397858761,1.751063585281372,0,continue,0.0,0
15,2,1,0.10493067187821783,0.9821875,4.783644708435122,1.7315913438796997,0,continue,0.10493067187821783,0
15,3,0,-0.17615301021503973,0.9821875,4.785204599245382,1.7156918048858643,0,continue,-0.0712223383368219,0
15,4,0,-0.24767977153272366,0.9821875,4.779597458242938,1.702029824256897,0,continue,-0.3189021098695456,0
15,5,1,0.010777475489034072,0.9821875,4.77713827444227,1.7024494409561157,0,continue,-0.3081246343805115,0
15,6,0,-0.019597084455547163,0.9821875,4.776549856410689,1.6943984031677246,0,continue,-0.32772171883605866,0
15,7,0,-0.11890054720646709,0.9821875,4.780592705081172,1.6847970485687256,0,continue,-0.44662226604252575,0
15,8,0,-0.12231583917107455,0.9821875,4.796152747143159,1.6854791641235352,0,continue,-0.5689381052136003,0
15,9,0,-0.06941506945897133,0.9821875,4.811392158402336,1.7007702589035034,0,continue,-0.6383531746725717,0
15,10,0,-0.10527255774828595,0.9821875,4.828340901176261,1.6979570388793945,0,continue,-0.7436257324208576,0
15,11,0,-0.11258853441840934,0.9821875,4.8515189918597885,1.7066385746002197,0,continue,-0.8562142668392669,0
15,12,0,-0.1141851548653723,0.9821875,4.873604463232623,1.7087860107421875,0,continue,-0.9703994217046392,0
15,13,1,-0.14399386787779034,0.9821875,4.901791906304629,1.7168385982513428,0,continue,-1.1143932895824296,0
15,14,0,-0.12860019129119798,0.9821875,4.928099946575809,1.7158440351486206,0,continue,-1.2429934808736276,0
15,15,0,-0.07407698737718646,0.9821875,4.943547075922188,1.7216904163360596,0,continue,-1.317070468250814,0
15,16,0,-0.1258189616980935,0.9821875,4.94487378600525,1.7233086824417114,0,continue,-1.4428894299489077,0
15,17,1,-0.24053749849626754,0.9821875,4.987770867593229,1.7311015129089355,0,continue,-1.6834269284451753,0
15,18,1,-0.3565510640883347,0.9821875,5.057809121060134,1.7755540609359741,0,continue,-2.03997799253351,0
15,19,0,-0.31993785808924596,0.9821875,5.123812036361916,1.8151202201843262,0,continue,-2.3599158506227558,0
15,20,0,-0.13210972328451845,0.9821875,5.150176483183823,1.8520772457122803,0,continue,-2.492025573907274,0
15,21,0,-0.23090988492010026,0.9821875,5.149735246856008,1.852710485458374,0,continue,-2.7229354588273744,0
15,22,2,-0.23791142716937763,0.9821875,5.149408220662973,1.847647786140442,0,continue,-2.960846885996752,0
15,23,1,-1.379378506852979,0.9821875,5.146061619734649,1.7813414335250854,0,continue,-4.340225392849731,0
15,24,0,-0.5628834403182144,0.9821875,5.2163174695273415,1.8868151903152466,0,continue,-4.903108833167945,0
15,25,2,-0.7316000637502635,0.9821875,5.321909680889987,1.9057245254516602,0,continue,-5.634708896918209,0
15,26,0,-0.6376837755221408,0.9821875,5.417670571168585,1.7988014221191406,0,continue,-6.27239267244035,0
15,27,0,-0.24037050897237738,0.9821875,5.428551727190521,1.7425624132156372,0,continue,-6.512763181412727,0
15,28,1,-0.15886850128380292,0.9821875,5.418786504764593,1.7613557577133179,0,continue,-6.67163168269653,0
15,29,0,-0.5519528881978671,0.9821875,5.464599557736782,1.745792031288147,0,continue,-7.223584570894397,0
15,30,0,-0.3868462928305907,0.9821875,5.508205847418999,1.6694658994674683,0,continue,-7.610430863724988,0
15,31,0,-0.30904295284438926,0.9821875,5.532950480373315,1.646321177482605,0,continue,-7.9194738165693765,0
15,32,0,-0.6239047241166703,0.9821875,5.630213528811562,1.576140284538269,0,continue,-8.543378540686048,0
15,33,0,-0.7557145482201886,0.9821875,5.75340861258374,1.4296523332595825,0,continue,-9.299093088906236,0
15,34,2,-0.48828966622497155,0.9821875,5.810932925591232,1.3308924436569214,0,continue,-9.787382755131208,0
15,35,0,-0.44103432452386704,0.9821875,5.851250488729029,1.3204549551010132,0,continue,-10.228417079655076,0
15,36,0,-0.42261496666336107,0.9821875,5.847259888467252,1.3053951263427734,0,continue,-10.651032046318436,0
15,37,0,-0.307460490490722,0.9821875,5.866725203335456,1.2817513942718506,0,continue,-10.958492536809159,0
15,38,1,-0.463296745203653,0.9821875,5.918600170460893,1.2056690454483032,0,continue,-11.421789282012812,0
15,39,0,-0.37666102652626676,0.9821875,5.955351921168638,1.1800410747528076,0,continue,-11.798450308539078,0
15,40,0,-0.37031861196519006,0.9821875,5.994810430047745,1.1116747856140137,0,continue,-12.168768920504268,0
15,41,0,-0.3941165545332544,0.9821875,6.036665453189655,1.0794440507888794,0,continue,-12.562885475037524,0
15,42,0,-0.37872260839973865,0.9821875,6.077356937823885,1.0090328454971313,0,continue,-12.941608083437263,0
15,43,2,-0.23718647715900465,0.9821875,6.079009909888713,0.997681736946106,0,continue,-13.178794560596268,0
15,44,0,-0.44516388534911777,0.9821875,6.1252652070869855,0.9788577556610107,0,continue,-13.623958445945386,0
15,45,0,-0.5191555534222818,0.9821875,6.194473166263771,0.8900789022445679,0,continue,-14.143113999367667,0
15,46,0,-0.5922699895923514,0.9821875,6.273688507998405,0.7973126173019409,0,continue,-14.735383988960018,0
15,47,2,-0.30713006937259524,0.9821875,6.291196365410033,0.7848382592201233,0,continue,-15.042514058332614,0
15,48,0,-0.5985517762057604,0.9821875,6.369345698829446,0.7019046545028687,0,continue,-15.641065834538374,0
15,49,0,-0.5390482305485662,0.9821875,6.439718096022167,0.6265741586685181,0,continue,-16.18011406508694,0
15,50,1,-0.6918408206615252,0.9821875,6.537654514930017,0.525313138961792,0,continue,-16.871954885748465,0
15,51,0,-0.5677262731231674,0.9821875,6.612005557519623,0.45098602771759033,0,continue,-17.439681158871633,0
15,52,0,-0.30598025438314447,0.9821875,6.618932195258605,0.3912845551967621,0,continue,-17.745661413254776,0
15,53,0,-0.501057539684918,0.9821875,6.666759414734922,0.3901274502277374,0,continue,-18.246718952939695,0
15,54,0,-0.9861575710007244,0.9821875,6.762154646293528,0.2944824993610382,0,continue,-19.23287652394042,0
15,55,1,-0.958145685621905,0.9821875,6.847860991304966,0.20053458213806152,0,continue,-20.191022209562323,0
15,56,2,-45.96828832343627,0.9821875,6.861289975702695,0.15793448686599731,1,crush,-66.15931053299859,1
16,1,1,0.0,0.981,5.430595180059402,1.5077892541885376,0,continue,0.0,0
16,2,0,0.0007925420732298738,0.981,5.421301283627531,1.4940690994262695,0,continue,0.0007925420732298738,0
16,3,0,0.4731922963320075,0.981,5.326351383696138,1.5836660861968994,0,continue,0.47398483840523736,0
16,4,0,0.44707937547216015,0.981,5.242137826326204,1.6631168127059937,0,continue,0.9210642138773975,0
16,5,0,0.46722586773167163,0.981,5.156107336354858,1.7410624027252197,0,continue,1.388290081609069,0
16,6,0,0.4003897019467543,0.981,5.081689682929486,1.826611042022705,0,continue,1.7886797835558235,0
16,7,0,0.4554515679216261,0.981,4.996182062554795,1.926276445388794,0,continue,2.2441313514774497,0
16,8,1,0.48327800683061245,0.981,4.904582173154436,1.8747504949569702,0,continue,2.727409358308062,0
16,9,1,0.4250572869589493,0.981,4.828619131839621,1.7678508758544922,0,continue,3.1524666452670114,0
16,10,0,0.22040098589883678,0.981,4.788591060595414,1.731478214263916,0,continue,3.3728676311658483,0
16,11,0,-0.019567915030856087,0.981,4.784932836337899,1.7157243490219116,0,continue,3.353299716134992,0
16,12,0,-0.024180293547626516,0.981,4.786438030068725,1.7315113544464111,0,continue,3.3291194225873655,0
16,13,0,0.4057062573743986,0.981,4.707016154342165,1.6616833209991455,0,continue,3.734825679961764,0
16,14,0,0.32911366689578325,0.981,4.646443287209347,1.6072235107421875,0,continue,4.0639393468575475,0
16,15,0,0.4558302329284638,0.981,4.558753473389316,1.5224144458770752,0,continue,4.519769579786011,0
16,16,0,0.5666279950938015,0.981,4.453131480594728,1.421195149421692,0,continue,5.086397574879813,0
16,17,0,0.5421379298500291,0.981,4.3521908945039085,1.3042478561401367,0,continue,5.628535504729842,0
16,18,0,0.5433511147416761,0.981,4.251633305530259,1.2133864164352417,0,continue,6.171886619471518,0
16,19,2,0.4214609282899966,0.981,4.168207462075379,1.1133434772491455,0,continue,6.593347547761515,0
16,20,0,0.5419557149880508,0.981,4.068073124031308,1.020570158958435,0,continue,7.135303262749566,0
16,21,0,0.5174636163248385,0.981,3.971617969637507,0.9273731708526611,0,continue,7.652766879074404,0
16,22,2,0.5005429780396341,0.981,3.8719038050428622,0.8368688225746155,0,continue,8.153309857114039,0
16,23,0,0.5456659217654425,0.981,3.7711258593444756,0.7353013157844543,0,continue,8.69897577887948,0
16,24,0,0.2576721273945997,0.981,3.723296755144139,0.6859785318374634,0,continue,8.95664790627408,0
16,25,0,0.21620442188549802,0.981,3.6865189008878674,0.6623494625091553,0,continue,9.172852328159578,0
16,26,1,0.3848108237351241,0.981,3.609103630399654,0.6098647117614746,0,continue,9.557663151894703,0
16,27,1,0.2218928824587029,0.981,3.563144117008681,0.4941332936286926,0,continue,9.779556034353405,0
16,28,0,0.14067767896231206,0.981,3.5248943134755684,0.5069065093994141,0,continue,9.920233713315717,0
16,29,2,0.3786934529626786,0.981,3.4387023910178294,0.41514989733695984,0,continue,10.298927166278396,0
16,30,0,0.3172202901965665,0.981,3.3418239803861747,0.31401172280311584,0,continue,10.616147456474962,0
16,31,0,-0.11046225674780166,0.981,3.24464476607127,0.21840228140354156,0,continue,10.50568519972716,0
16,32,1,-30.197949013889914,0.981,3.201545121927175,0.15102405846118927,1,crush,-19.692263814162754,0
17,1,1,0.0,0.9798125,5.850458072461593,1.0633851289749146,0,continue,0.0,0
17,2,0,-0.09477269290400758,0.9798125,5.858418419038392,1.0523532629013062,0,continue,-0.09477269290400758,0
17,3,0,0.09491063982623585,0.9798125,5.828490183029302,1.0476704835891724,0,continue,0.00013794692222826588,0
17,4,0,0.4683679860404794,0.9798125,5.7412494256562105,1.1414812803268433,0,continue,0.4685059329627077,0
17,5,2,0.5243527251855841,0.9798125,5.636201317002321,1.2684376239776611,0,continue,0.9928586581482918,0
17,6,0,0.4995253608210234,0.9798125,5.542257124599128,1.360460638999939,0,continue,1.4923840189693152,0
17,7,0,0.24408462483708662,0.9798125,5.497969036077782,1.4361847639083862,0,continue,1.7364686438064019,0
17,8,0,0.015457629847126064,0.9798125,5.490995532274591,1.424562692642212,0,continue,1.751926273653528,0
17,9,0,0.42695097752564487,0.9798125,5.409566637168592,1.5051523447036743,0,continue,2.178877251179173,0
17,10,0,0.543972528855714,0.9798125,5.307329872670759,1.5918515920639038,0,continue,2.722849780034887,0
17,11,0,0.40571002279802637,0.9798125,5.2326747012694454,1.6765997409820557,0,continue,3.128559802832913,0
17,12,0,0.5076239752472286,0.9798125,5.138044454443169,1.7675703763961792,0,continue,3.6361837780801416,0
17,13,0,0.5063802725586836,0.9798125,5.04377432899877,1.8606733083724976,0,continue,4.142564050638825,0
17,14,0,0.5372548108398599,0.9798125,4.944978691862393,1.9190258979797363,0,continue,4.679818861478685,0
17,15,1,0.49344610989000676,0.9798125,4.846092987398727,1.8172802925109863,0,continue,5.173264971368692,0
17,16,2,0.21839787364948585,0.9798125,4.744351970184391,1.7267154455184937,0,continue,5.391662845018177,0
17,17,0,0.06922671277219848,0.9798125,4.7327923470407995,1.6762338876724243,0,continue,5.4608895577903755,0
17,18,0,0.00172686851121049,0.9798125,4.726202992316298,1.6673024892807007,0,continue,5.462616426301586,0
17,19,0,0.057634680230413265,0.9798125,4.7129431165124105,1.6413675546646118,0,continue,5.520251106531999,0
17,20,0,0.4397370061640968,0.9798125,4.628980059717575,1.5709716081619263,0,continue,5.959988112696096,0
17,21,1,0.37017004017158567,0.9798125,4.554604185495269,1.531845211982727,0,continue,6.330158152867682,0
17,22,0,0.4832126827676361,0.9798125,4.465536468386259,1.437652587890625,0,continue,6.813370835635318,0
17,23,0,0.5448754777638372,0.9798125,4.369185018697481,1.2865222692489624,0,continue,7.358246313399155,0
17,24,0,0.14900775933868152,0.9798125,4.339366064147366,1.2542271614074707,0,continue,7.507254072737837,0
17,25,0,0.06844000001913686,0.9798125,4.3313306458448455,1.2452034950256348,0,continue,7.575694072756973,0
17,26,2,0.37815872951867624,0.9798125,4.271064612741263,1.1847689151763916,0,continue,7.95385280227565,0
17,27,0,0.3687413463154801,0.9798125,4.2027862384144665,1.1108028888702393,0,continue,8.32259414859113,0
17,28,0,0.2810654537294221,0.9798125,4.150866884485582,1.034020185470581,0,continue,8.603659602320551,0
17,29,1,0.31184532650361574,0.9798125,4.087917086200316,0.9572920799255371,0,continue,8.915504928824166,0
17,30,0,0.28318275939491055,0.9798125,4.035841320691879,0.8966391682624817,0,continue,9.198687688219078,0
17,31,1,0.049142148415450525,0.9798125,4.023078011623075,0.8826761841773987,0,continue,9.247829836634528,0
17,32,0,0.06788769626201563,0.9798125,3.9917243750123284,0.8519693613052368,0,continue,9.315717532896544,0
17,33,0,0.3948524466293345,0.9798125,3.9188668103519255,0.7682834267616272,0,continue,9.710569979525879,0
17,34,2,0.3679650251529945,0.9798125,3.8484808039527256,0.6625949144363403,0,continue,10.078535004678873,0
17,35,1,-0.1944000532077012,0.9798125,3.8260430663597775,0.6284278631210327,0,continue,9.884134951471172,0
17,36,0,0.2231763157949633,0.9798125,3.7843181779166115,0.5759446024894714,0,continue,10.107311267266136,0
17,37,0,0.2924491498865831,0.9798125,3.7340816542307342,0.5144168734550476,0,continue,10.399760417152718,0
17,38,0,-0.33407139477428965,0.9798125,3.735553532349158,0.5238810181617737,0,continue,10.065689022378429,0
17,39,2,0.22765525166752842,0.9798125,3.6973834658955376,0.4710298180580139,0,continue,10.293344274045957,0
17,40,0,0.0074106506981670844,0.9798125,3.6569127411140645,0.4073730409145355,0,continue,10.300754924744124,0
17,41,0,-0.15129395822015015,0.9798125,3.640702846258758,0.34397614002227783,0,continue,10.149460966523975,0
17,42,0,0.04019732310708388,0.9798125,3.633074763989332,0.3312893509864807,0,continue,10.189658289631058,0
17,43,0,-0.6510916014006503,0.9798125,3.6255893037793987,0.31692126393318176,0,continue,9.538566688230407,0
17,44,1,-0.1301762999525241,0.9798125,3.611717346525232,0.284889817237854,0,continue,9.408390388277883,0
17,45,0,-1.7076534499351688,0.9798125,3.601936019803239,0.2359205037355423,0,continue,7.700736938342715,0
17,46,0,-1.778148841456916,0.9798125,3.5992601650977463,0.2006908357143402,0,continue,5.922588096885798,0
17,47,0,-0.5319968065304228,0.9798125,3.592689681202221,0.21458247303962708,0,continue,5.390591290355376,0
17,48,1,-30.210439971320984,0.9798125,3.5539982277379503,0.1644544005393982,1,crush,-24.819848680965606,0
18,1,0,0.0,0.978625,5.338601595236611,1.56629478931427,0,continue,0.0,0
18,2,0,0.4157001547134159,0.978625,5.260596461349785,1.6322715282440186,0,continue,0.4157001547134159,0
18,3,2,0.42897468185403287,0.978625,5.174512966932617,1.7445183992385864,0,continue,0.8446748365674488,0
18,4,1,-0.12666555743853444,0.978625,5.159688267991011,1.7366664409637451,0,continue,0.7180092791289143,0
18,5,1,-0.08381225878556205,0.978625,5.1733195257680284,1.7361302375793457,0,continue,0.6341970203433522,0
18,6,1,-0.05452019823508973,0.978625,5.174998894176079,1.7445420026779175,0,continue,0.5796768221082625,0
18,7,0,0.2186324629807509,0.978625,5.175698812584057,1.755578637123108,0,continue,0.7983092850890134,0
18,8,0,0.10762948681792385,0.978625,5.175379332573492,1.7636386156082153,0,continue,0.9059387719069373,0
18,9,0,-0.45008009986037806,0.978625,5.182822618403915,1.7635254859924316,0,continue,0.4558586720465592,0
18,10,0,-0.1618589007606505,0.978625,5.211888498163589,1.7551827430725098,0,continue,0.2939997712859087,0
18,11,1,-0.13666809124692583,0.978625,5.2383393299576175,1.7188453674316406,0,continue,0.15733168003898287,0
18,12,0,-0.12983182129804474,0.978625,5.2670899136269185,1.702588438987732,0,continue,0.027499858740938132,0
18,13,1,-0.12644063424049007,0.978625,5.291911450640316,1.6804969310760498,0,continue,-0.09894077549955194,0
18,14,0,-0.029534734408007524,0.978625,5.29103351188414,1.6847494840621948,0,continue,-0.12847550990755946,0
18,15,0,-0.2546671257257314,0.978625,5.331637362908323,1.6657463312149048,0,continue,-0.3831426356332909,0
18,16,2,-0.09283127781098677,0.978625,5.349302352627096,1.647613763809204,0,continue,-0.47597391344427764,0
18,17,0,-0.12129721349115644,0.978625,5.367708797936987,1.6424037218093872,0,continue,-0.597271126935434,0
18,18,2,-0.3873460418427983,0.978625,5.44249523542385,1.581001877784729,0,continue,-0.9846171687782324,0
18,19,0,-0.2292315871371899,0.978625,5.491210903063592,1.54405677318573,0,continue,-1.2138487559154223,0
18,20,0,-0.10401670429085139,0.978625,5.50993864852268,1.5283722877502441,0,continue,-1.3178654602062736,0
18,21,0,-0.40523693050354337,0.978625,5.553469767305734,1.479950189590454,0,continue,-1.7231023907098169,0
18,22,1,0.0072795387691535485,0.978625,5.548691595240557,1.483144760131836,0,continue,-1.7158228519406633,0
18,23,0,-0.45370757098789033,0.978625,5.601981320909812,1.436375379562378,0,continue,-2.1695304229285535,0
18,24,0,-0.48673712098131855,0.978625,5.661697795902046,1.3974573612213135,0,continue,-2.656267543909872,0
18,25,0,-0.49578346315371435,0.978625,5.723666298697633,1.3506615161895752,0,continue,-3.1520510070635863,0
18,26,2,-0.5099140424540736,0.978625,5.78521932737816,1.3141694068908691,0,continue,-3.6619650495176597,0
18,27,0,-0.3968936243156958,0.978625,5.825950922303422,1.2804397344589233,0,continue,-4.058858673833355,0
18,28,0,-0.2746825439849636,0.978625,5.837184721323719,1.2813693284988403,0,continue,-4.333541217818318,0
18,29,0,-0.4607173604952914,0.978625,5.893656262264422,1.2373781204223633,0,continue,-4.79425857831361,0
18,30,1,-0.5815547446043642,0.978625,5.969735068911948,1.1751863956451416,0,continue,-5.375813322917974,0
18,31,2,-0.842605375820604,0.978625,6.037970741309334,1.1221684217453003,0,continue,-6.218418698738578,0
18,32,2,-0.2665922987433814,0.978625,6.049273224832264,1.1028671264648438,0,continue,-6.485010997481959,0
18,33,0,-0.4883373527641675,0.978625,6.10770875032084,1.0714704990386963,0,continue,-6.973348350246127,0
18,34,0,-0.5163444833921029,0.978625,6.174861437113553,1.0350841283798218,0,continue,-7.48969283363823,0
18,35,0,-0.5327667967920446,0.978625,6.243225801991157,0.9826388955116272,0,continue,-8.022459630430275,0
18,36,0,-0.5354154280385777,0.978625,6.312470120535909,0.9373440146446228,0,continue,-8.557875058468852,0
18,37,1,-0.46546967839673137,0.978625,6.365402343863974,0.8927717804908752,0,continue,-9.023344736865583,0
18,38,0,-0.20709688685290886,0.978625,6.364443518866273,0.8967151641845703,0,continue,-9.230441623718493,0
18,39,2,-0.2543292656437093,0.978625,6.365985616452052,0.8855003118515015,0,continue,-9.484770889362203,0
18,40,2,-0.2764920387751283,0.978625,6.370758036804766,0.8883882164955139,0,continue,-9.76126292813733,0
18,41,0,-0.3837311379889481,0.978625,6.369189473047034,0.908984363079071,0,continue,-10.144994066126278,0
18,42,0,-0.16502641193943804,0.978625,6.364981178361495,0.9513981342315674,0,continue,-10.310020478065717,0
18,43,0,-0.17316089337068483,0.978625,6.3623026778408125,0.9805948734283447,0,continue,-10.483181371436402,0
18,44,1,0.004079060344245572,0.978625,6.358574245398934,1.0175782442092896,0,continue,-10.479102311092156,0
18,45,0,-0.18081789646372642,0.978625,6.35783927441273,1.0303263664245605,0,continue,-10.659920207555881,0
18,46,0,0.024814689119379146,0.978625,6.364273724092092,1.044541358947754,0,continue,-10.635105518436502,0
18,47,0,-0.3404786488940159,0.978625,6.390617199398564,1.0543893575668335,0,continue,-10.975584167330517,0
18,48,0,-0.32188693690414805,0.978625,6.4042994121800225,1.0579564571380615,0,continue,-11.297471104234665,0
18,49,1,-0.24604671714299242,0.978625,6.405912686642385,1.0683501958847046,0,continue,-11.543517821377657,0
18,50,0,-0.5365633148191824,0.978625,6.403560961955397,1.0501773357391357,0,continue,-12.080081136196839,0
18,51,0,-0.09804338852795434,0.978625,6.38441851672497,1.0816816091537476,0,continue,-12.178124524724792,0
18,52,2,-0.10783915490672982,0.978625,6.365211183235072,1.1574351787567139,0,continue,-12.285963679631521,0
18,53,0,-0.09693668570205499,0.978625,6.360939048982379,1.1944910287857056,0,continue,-12.382900365333576,0
18,54,1,-0.13741665548524523,0.978625,6.354699978096666,1.160344123840332,0,continue,-12.52031702081882,0
18,55,0,-0.12819302951012262,0.978625,6.342179771534585,1.0917888879776,0,continue,-12.648510050328943,0
18,56,0,-0.12090301653881355,0.978625,6.332385706089407,1.0047905445098877,0,continue,-12.769413066867756,0
18,57,1,-0.09996876756403877,0.978625,6.321905248795022,0.9130959510803223,0,continue,-12.869381834431795,0
18,58,0,0.06303258866709481,0.978625,6.3136091824188645,0.8429890275001526,0,continue,-12.8063492457647,0
18,59,0,0.04134052004310454,0.978625,6.308584048428984,0.7725077271461487,0,continue,-12.765008725721595,0
18,60,2,-0.029784544191947912,0.978625,6.308101531310904,0.7708317637443542,0,continue,-12.794793269913542,0
18,61,0,0.10536613374190985,0.978625,6.322317529768341,0.7377108931541443,0,continue,-12.689427136171632,0
18,62,1,-0.14566701796504317,0.978625,6.350649587089327,0.6379069089889526,0,continue,-12.835094154136675,0
18,63,0,-0.6183413390105045,0.978625,6.353890139302818,0.5952350497245789,0,continue,-13.453435493147179,0
18,64,0,-0.5390102906356484,0.978625,6.350554593442004,0.5900026559829712,0,continue,-13.992445783782827,0
18,65,1,0.2226354749016699,0.978625,6.32118817763864,0.5401965975761414,0,continue,-13.769810308881157,0
18,66,0,0.039955618329589014,0.978625,6.315823316735974,0.5158690810203552,0,continue,-13.729854690551567,0
18,67,0,0.21417684805022355,0.978625,6.334682132171986,0.46904751658439636,0,continue,-13.515677842501344,0
18,68,0,-0.34079292309481246,0.978625,6.374017021504544,0.3797451853752136,0,continue,-13.856470765596155,0
18,69,1,-0.6638268539285692,0.978625,6.424920835716691,0.2792648673057556,0,continue,-14.520297619524724,0
18,70,1,-0.45074179341904597,0.978625,6.430217988792358,0.27411317825317383,0,continue,-14.971039412943771,0
18,71,0,-31.31576277174335,0.978625,6.492935418942291,0.1916811764240265,1,crush,-46.28680218468712,0
19,1,0,0.0,0.9774375,5.277066101814832,1.6242563724517822,0,continue,0.0,0
19,2,0,0.39960380251806604,0.9774375,5.205680174275929,1.7213609218597412,0,continue,0.39960380251806604,0
19,3,0,0.3952317155889044,0.9774375,5.132001825975383,1.786218523979187,0,continue,0.7948355181069704,0
19,4,0,0.4597487213529308,0.9774375,5.044848729711298,1.8506979942321777,0,continue,1.2545842394599012,0
19,5,2,0.30468106316745747,0.9774375,4.987227059664568,1.9128907918930054,0,continue,1.5592653026273586,0
19,6,1,0.031622724263583604,0.9774375,4.920770664549353,1.8841452598571777,0,continue,1.5908880268909422,0
19,7,0,0.34929465214775973,0.9774375,4.857412635351294,1.808005928993225,0,continue,1.940182679038702,0
19,8,1,0.03320753877229885,0.9774375,4.846167197806548,1.7784252166748047,0,continue,1.9733902178110008,0
19,9,0,-0.09750948311629162,0.9774375,4.861360666329473,1.609047293663025,0,continue,1.875880734694709,0
19,10,2,0.14699208452552334,0.9774375,4.830319308817691,1.5885165929794312,0,continue,2.0228728192202325,0
19,11,1,-0.3589591538977158,0.9774375,4.8352217012421805,1.713565707206726,0,continue,1.6639136653225166,0
19,12,0,0.2837755842824004,0.9774375,4.803982102518554,1.7213634252548218,0,continue,1.947689249604917,0
19,13,1,0.10349335764025672,0.9774375,4.782601654774729,1.7018202543258667,0,continue,2.0511826072451735,0
19,14,0,-0.17202634432761485,0.9774375,4.788091609256503,1.7139625549316406,0,continue,1.8791562629175587,0
19,15,1,-0.03768752888281657,0.9774375,4.787816836365692,1.71809983253479,0,continue,1.8414687340347422,0
19,16,1,-0.011095570426646582,0.9774375,4.784114399982238,1.6760542392730713,0,continue,1.8303731636080955,0
19,17,1,-0.0397838024834214,0.9774375,4.784986073265897,1.6768689155578613,0,continue,1.7905893611246742,0
19,18,0,-0.278603955734814,0.9774375,4.80678892862238,1.680477261543274,0,continue,1.51198540538986,0
19,19,0,-0.1182798775344418,0.9774375,4.826123301420007,1.6973806619644165,0,continue,1.3937055278554182,0
19,20,0,-0.030674990477294377,0.9774375,4.825382941515865,1.6878025531768799,0,continue,1.363030537378124,0
19,21,1,-0.04015009470410009,0.9774375,4.823712432979188,1.6809625625610352,0,continue,1.322880442674024,0
19,22,0,-0.8968283063824334,0.9774375,4.826119333691902,1.6734575033187866,0,continue,0.42605213629159056,0
19,23,0,-0.40079501348495267,0.9774375,4.911532351592252,1.7412989139556885,0,continue,0.02525712280663789,0
19,24,0,-0.4417864775453293,0.9774375,5.00893010105156,1.8414969444274902,0,continue,-0.4165293547386914,0
19,25,0,-0.6822688874942906,0.9774375,5.114841481737752,1.9287444353103638,0,continue,-1.098798242232982,0
19,26,0,-0.5835936439914198,0.9774375,5.199684655254968,1.8282800912857056,0,continue,-1.6823918862244018,0
19,27,0,-0.5190494186198927,0.9774375,5.2693335131771315,1.7489173412322998,0,continue,-2.2014413048442947,0
19,28,0,-0.1650055146184376,0.9774375,5.257910782206315,1.756253719329834,0,continue,-2.366446819462732,0
19,29,0,-0.5916441544439479,0.9774375,5.32137860115066,1.7128376960754395,0,continue,-2.95809097390668,0
19,30,2,-0.5976609980326592,0.9774375,5.3997821155375805,1.6346163749694824,0,continue,-3.555751971939339,0
19,31,0,-0.5181730327774605,0.9774375,5.47163559541673,1.5457279682159424,0,continue,-4.073925004716799,0
19,32,0,-3.3964338655983806,0.9774375,6.159332493474429,0.8182336688041687,0,continue,-7.47035887031518,0
19,33,0,-1.4203331050281955,0.9774375,6.234323390593402,0.7488455176353455,0,continue,-8.890691975343376,0
19,34,1,-0.795476317147455,0.9774375,6.352494482518042,0.6147699952125549,0,continue,-9.686168292490832,0
19,35,0,-0.7104046148416747,0.9774375,6.461429821937362,0.5171107649803162,0,continue,-10.396572907332507,0
19,36,0,-1.0369919014337028,0.9774375,6.454342959975194,0.5192292332649231,0,continue,-11.43356480876621,0
19,37,0,-0.7321368969104063,0.9774375,6.553135689160389,0.44511085748672485,0,continue,-12.165701705676616,0
19,38,2,-0.8819211338263166,0.9774375,6.666431020843551,0.3521956205368042,0,continue,-13.047622839502933,0
19,39,0,-1.3417054440046887,0.9774375,6.759281996952887,0.21173684298992157,0,continue,-14.389328283507622,0
19,40,2,-1.4448586284241878,0.9774375,6.761946535554558,0.20952045917510986,0,continue,-15.834186911931809,0
19,41,0,-31.263705433454568,0.9774375,6.791893931997613,0.15649928152561188,1,crush,-47.09789234538638,0
20,1,0,0.0,0.97625,5.968745517570587,0.9353206753730774,0,continue,0.0,0
20,2,0,0.6101172100778056,0.97625,5.854580500836129,1.0328587293624878,0,continue,0.6101172100778056,0
20,3,0,0.5242767461470987,0.97625,5.757559213747873,1.124443531036377,0,continue,1.1343939562249044,0
20,4,2,0.2680509341659661,0.97625,5.704051802761859,1.206168293952942,0,continue,1.4024448903908704,0
20,5,0,0.21051607770274894,0.97625,5.661840601797428,1.2145349979400635,0,continue,1.6129609680936192,0
20,6,0,0.6663855478879562,0.97625,5.539408602745296,1.3641304969787598,0,continue,2.2793465159815756,0
20,7,2,0.4051937536666857,0.97625,5.460080129719442,1.444545030593872,0,continue,2.684540269648261,0
20,8,2,-0.07149283607625113,0.97625,5.461731083822883,1.4463021755218506,0,continue,2.61304743357201,0
20,9,1,-0.35257023480482924,0.97625,5.461004623854728,1.452013611793518,0,continue,2.260477198767181,0
20,10,0,-0.08133525173984162,0.97625,5.469281828316154,1.4423773288726807,0,continue,2.179141947027339,0
20,11,0,0.24015390652414795,0.97625,5.409993961336515,1.4746267795562744,0,continue,2.4192958535514872,0
20,12,0,0.5771957542790893,0.97625,5.300673856672792,1.586681604385376,0,continue,2.9964916078305768,0
20,13,0,0.5550469302853099,0.97625,5.197938961282749,1.6800388097763062,0,continue,3.551538538115887,0
20,14,0,0.4748053704790492,0.97625,5.108623066266266,1.7664904594421387,0,continue,4.026343908594936,0
20,15,1,0.32149787548518594,0.97625,5.043969801652001,1.8774042129516602,0,continue,4.347841784080122,0
20,16,0,0.2689448598787459,0.97625,4.995635980715393,1.8945237398147583,0,continue,4.616786643958868,0
20,17,2,0.5259986004094228,0.97625,4.889750759036981,1.8767465353012085,0,continue,5.142785244368291,0
20,18,0,0.16548068985814754,0.97625,4.849094662092928,1.849165678024292,0,continue,5.308265934226438,0
20,19,2,0.5216789737153014,0.97625,4.744806150258301,1.7113463878631592,0,continue,5.829944907941739,0
20,20,1,-0.29909080092494433,0.97625,4.739972307789343,1.705562949180603,0,continue,5.530854107016794,0
20,21,0,0.1010944441937559,0.97625,4.7233181031404765,1.695305347442627,0,continue,5.6319485512105505,0
20,22,0,0.5465962085484444,0.97625,4.6185318593558735,1.5785361528396606,0,continue,6.178544759758995,0
20,23,2,0.5569330221866085,0.97625,4.506832109430028,1.496322512626648,0,continue,6.735477781945603,0
20,24,0,0.07830603328892016,0.97625,4.482013587158685,1.4439449310302734,0,continue,6.813783815234523,0
20,25,0,0.5584407154959843,0.97625,4.37473243881182,1.3530433177947998,0,continue,7.372224530730508,0
20,26,0,0.6516667954819377,0.97625,4.255630248629069,1.214023470878601,0,continue,8.023891326212446,0
20,27,1,0.4128600716962639,0.97625,4.1730558442530565,1.1317590475082397,0,continue,8.43675139790871,0
20,28,1,-0.10283436740486766,0.97625,4.1861607127711,1.141791820526123,0,continue,8.333917030503843,0
20,29,0,0.07789738081216815,0.97625,4.152582268213403,1.141235589981079,0,continue,8.41181441131601,0
20,30,1,0.2437119413875667,0.97625,4.098454353728825,1.0584553480148315,0,continue,8.655526352703577,0
20,31,0,-0.26929180725945917,0.97625,4.0795000589115125,1.0300180912017822,0,continue,8.386234545444118,0
20,32,0,0.009987570921867119,0.97625,4.020418338228619,0.9755867719650269,0,continue,8.396222116365985,0
20,33,1,0.19916170736779987,0.97625,3.9798898755962515,0.9354875683784485,0,continue,8.595383823733785,0
20,34,1,-0.005089571824925629,0.97625,3.9751707254395674,0.9234569072723389,0,continue,8.59029425190886,0
20,35,1,-0.06392876034379978,0.97625,3.975499389339145,0.9079399704933167,0,continue,8.52636549156506,0
20,36,0,-0.13902572917133593,0.97625,3.976607445662723,0.8820917010307312,0,continue,8.387339762393726,0
20,37,0,-0.29485542077758997,0.97625,4.034819195473075,0.9308019876480103,0,continue,8.092484341616135,0
20,38,0,-0.23186472587673415,0.97625,4.086770971547318,0.9841448664665222,0,continue,7.860619615739401,0
20,39,0,-0.3037167667817452,0.97625,4.150489124336891,1.037594199180603,0,continue,7.556902848957655,0
20,40,0,-0.32101266527061884,0.97625,4.221462937368143,1.1170401573181152,0,continue,7.235890183687037,0
20,41,0,-0.36695097874464777,0.97625,4.29770105784657,1.1720298528671265,0,continue,6.8689392049423885,0
20,42,0,-0.3808968384857018,0.97625,4.378311201420614,1.2368991374969482,0,continue,6.488042366456686,0
20,43,0,-0.38200924173333234,0.97625,4.461189500785882,1.3140581846237183,0,continue,6.106033124723354,0
20,44,0,-0.6166118228637423,0.97625,4.5498571958891345,1.3994227647781372,0,continue,5.489421301859612,0
20,45,0,-0.635500296589266,0.97625,4.641255164238354,1.4681950807571411,0,continue,4.853921005270346,0
20,46,0,-0.6132211653646731,0.97625,4.730369986190322,1.527800440788269,0,continue,4.240699839905672,0
20,47,0,-0.626425529879808,0.97625,4.820522432057667,1.5938239097595215,0,continue,3.6142743100258645,0
20,48,0,-0.5704142389181349,0.97625,4.899803516895446,1.6697511672973633,0,continue,3.0438600711077295,0
20,49,0,-0.6308137268445407,0.97625,4.99205952879044,1.7566300630569458,0,continue,2.4130463442631886,0
20,50,2,-0.4671088545295522,0.97625,5.045190535544491,1.7932991981506348,0,continue,1.9459374897336366,0
20,51,1,-0.55042976811595,0.97625,5.053077597560215,1.792580008506775,0,continue,1.3955077216176865,0
20,52,0,-0.31870952102779043,0.97625,5.063095956496772,1.7851816415786743,0,continue,1.0767982005898962,0
20,53,0,-0.65269793493929,0.97625,5.154279996226571,1.852630615234375,0,continue,0.4241002656506062,0
20,54,0,-0.7130231671555161,0.97625,5.268336406543042,1.8808022737503052,0,continue,-0.28892290150490985,0
20,55,0,-0.7327950674576291,0.97625,5.381984369984156,1.7957265377044678,0,continue,-1.0217179689625389,0
20,56,1,-0.8163661899349295,0.97625,5.505209984071095,1.657175064086914,0,continue,-1.8380841588974683,0
20,57,0,-0.370151408149182,0.97625,5.538536232100856,1.6407808065414429,0,continue,-2.2082355670466502,0
20,58,0,-1.5056289832353358,0.97625,5.62372100563991,1.5781819820404053,0,continue,-3.7138645502819863,0
20,59,2,-0.4863213596750096,0.97625,5.6772099432950744,1.495814561843872,0,continue,-4.200185909956996,0
20,60,0,-1.4630469675545614,0.97625,5.709796275343269,1.459977388381958,0,continue,-5.6632328775115575,0
20,61,0,-0.6814145225514145,0.97625,5.810353464499169,1.381105661392212,0,continue,-6.344647400062972,0
20,62,1,-0.543692397825202,0.97625,5.878084017188152,1.2963639497756958,0,continue,-6.888339797888174,0
20,63,0,-0.9980099855854658,0.97625,5.873624342962962,1.308525800704956,0,continue,-7.886349783473641,0
20,64,0,-0.9045352419713253,0.97625,5.980666993460307,1.2000224590301514,0,continue,-8.790885025444966,0
20,65,0,-0.7119832555935326,0.97625,6.08536733304172,1.1074928045272827,0,continue,-9.502868281038499,0
20,66,0,-0.6990485120807017,0.97625,6.184907986091152,1.010326862335205,0,continue,-10.2019167931192,0
20,67,1,-0.566172014891446,0.97625,6.257252563540226,0.8849966526031494,0,continue,-10.768088808010646,0
20,68,0,-0.33945408272065214,0.97625,6.264628981532287,0.8577420115470886,0,continue,-11.107542890731297,0
20,69,0,-0.537463466128695,0.97625,6.32562716003231,0.8199383020401001,0,continue,-11.645006356859993,0
20,70,0,-0.6086923735832146,0.97625,6.412299013331086,0.7400872111320496,0,continue,-12.253698730443208,0
20,71,0,-0.5853749233609196,0.97625,6.495507180240711,0.6312054991722107,0,continue,-12.839073653804128,0
20,72,0,-0.6201197710614543,0.97625,6.584575616047991,0.4938513934612274,0,continue,-13.459193424865582,0
20,73,1,-0.6510558932269415,0.97625,6.665148434586121,0.4193560481071472,0,continue,-14.110249318092523,0
20,74,0,-0.7224016481436637,0.97625,6.746888537336938,0.3358030617237091,0,continue,-14.832650966236187,0
20,75,2,-0.6801203509582574,0.97625,6.789770981120358,0.24031108617782593,0,continue,-15.512771317194444,0
20,76,1,-0.871426296107654,0.97625,6.80690913526437,0.2420058697462082,0,continue,-16.3841976133021,0
20,77,0,-1.2647432437640056,0.97625,6.8368907989406145,0.2074107527732849,0,continue,-17.648940857066105,0
20,78,0,-0.38792262274768324,0.97625,6.83032526859341,0.20819874107837677,0,continue,-18.03686347981379,0
20,79,0,-33.55820118849747,0.97625,6.847748685306896,0.17707623541355133,1,crush,-51.59506466831126,0
21,1,0,0.0,0.9750625,5.728788192581267,1.1681815385818481,0,continue,0.0,0
21,2,0,0.7386928769397485,0.9750625,5.591305501827029,1.2904090881347656,0,continue,0.7386928769397485,0
21,3,0,0.6198111520317049,0.9750625,5.479705302131966,1.4217722415924072,0,continue,1.3585040289714534,0
21,4,0,0.7051629157842568,0.9750625,5.347656011727854,1.530561923980713,0,continue,2.06366694475571,0
21,5,2,0.4414838534908782,0.9750625,5.2606541353557725,1.6736221313476562,0,continue,2.5051507982465884,0
21,6,0,0.16823673043463408,0.9750625,5.2283833629152525,1.6517376899719238,0,continue,2.6733875286812223,0
21,7,2,0.4028924645465808,0.9750625,5.147797213563327,1.7809228897094727,0,continue,3.076279993227803,0
21,8,0,0.19632152786393461,0.9750625,5.103251265353191,1.8130824565887451,0,continue,3.2726015210917376,0
21,9,0,0.5972211945126489,0.9750625,4.99077910425467,1.887739896774292,0,continue,3.8698227156043865,0
21,10,0,0.5785855024962213,0.9750625,4.885599056795967,1.8717557191848755,0,continue,4.4484082181006075,0
21,11,0,0.628226744270596,0.9750625,4.768553264813498,1.7725805044174194,0,continue,5.0766349623712035,0
21,12,1,0.37371061445861997,0.9750625,4.69390080495089,1.6701164245605469,0,continue,5.4503455768298235,0
21,13,1,0.014980649730234233,0.9750625,4.681928159714109,1.6455307006835938,0,continue,5.465326226560058,0
21,14,2,-0.34999785888258694,0.9750625,4.681392193256767,1.6393170356750488,0,continue,5.115328367677471,0
21,15,0,0.0670722870512725,0.9750625,4.687006861535695,1.6294770240783691,0,continue,5.182400654728743,0
21,16,0,-0.2499965759924521,0.9750625,4.68874972946838,1.6492483615875244,0,continue,4.93240407873629,0
21,17,0,0.27588319040283066,0.9750625,4.612999144950855,1.6227953433990479,0,continue,5.208287269139121,0
21,18,0,0.4992851411473842,0.9750625,4.52332936689081,1.4950494766235352,0,continue,5.707572410286505,0
21,19,1,0.520370733033059,0.9750625,4.418720802938503,1.4014118909835815,0,continue,6.227943143319564,0
21,20,2,0.1482009088241263,0.9750625,4.331003099213212,1.3068219423294067,0,continue,6.37614405214369,0
21,21,0,0.067251351106583,0.9750625,4.322192166061614,1.2803676128387451,0,continue,6.443395403250273,0
21,22,0,0.43576419904137675,0.9750625,4.2347384464973405,1.2304511070251465,0,continue,6.87915960229165,0
21,23,0,0.6405021437371491,0.9750625,4.118172555483816,1.0782066583633423,0,continue,7.519661746028799,0
21,24,1,0.5521564697244288,0.9750625,4.007397881183406,0.9577785730361938,0,continue,8.071818215753227,0
21,25,0,0.22079606114872208,0.9750625,3.9650542381448988,0.9065287113189697,0,continue,8.292614276901949,0
21,26,0,0.3113588687519496,0.9750625,3.901845676740206,0.8638973236083984,0,continue,8.603973145653898,0
21,27,0,0.47412514231830094,0.9750625,3.813875808494269,0.7748677134513855,0,continue,9.078098287972198,0
21,28,0,0.43473028853742585,0.9750625,3.734583798855191,0.6880666017532349,0,continue,9.512828576509623,0
21,29,1,0.4388663919731989,0.9750625,3.646275471583326,0.5988602042198181,0,continue,9.951694968482823,0
21,30,1,0.06725742137014448,0.9750625,3.6291296607937853,0.549508810043335,0,continue,10.018952389852966,0
21,31,2,-0.26288351427574175,0.9750625,3.6288470152741237,0.5310752987861633,0,continue,9.756068875577224,0
21,32,0,-0.34051669411830693,0.9750625,3.6293911309227362,0.5452362895011902,0,continue,9.415552181458917,0
21,33,0,0.08647507055304599,0.9750625,3.616838476321386,0.5359513759613037,0,continue,9.502027252011963,0
21,34,2,0.35015337332550645,0.9750625,3.5835980560477987,0.48662129044532776,0,continue,9.85218062533747,0
21,35,0,0.0021988143197769327,0.9750625,3.5761184957424,0.4751679003238678,0,continue,9.854379439657247,0
21,36,0,0.03647486723809011,0.9750625,3.555923530686557,0.4277898073196411,0,continue,9.890854306895337,0
21,37,0,-0.29262124522615424,0.9750625,3.537946309856785,0.39717206358909607,0,continue,9.598233061669182,0
21,38,0,-0.6239519865927097,0.9750625,3.5236254839926393,0.3338579833507538,0,continue,8.974281075076473,0
21,39,0,-1.4830466458876757,0.9750625,3.513359816155814,0.3047323524951935,0,continue,7.491234429188797,0
21,40,2,-0.09492828565147773,0.9750625,3.507417200937745,0.2551625669002533,0,continue,7.396306143537319,0
21,41,0,-2.0092660023610924,0.9750625,3.5048362280975307,0.24667151272296906,0,continue,5.387040141176227,0
21,42,1,-0.20389544896382095,0.9750625,3.496603361447236,0.2533044219017029,0,continue,5.183144692212406,0
21,43,0,-31.330551291474013,0.9750625,3.4745173028110306,0.18353314697742462,1,crush,-26.147406599261608,0
22,1,0,0.0,0.973875,5.918868599659964,0.9735537171363831,0,continue,0.0,0
22,2,0,0.6084013904319742,0.973875,5.80570276954251,1.0884367227554321,0,continue,0.6084013904319742,0
22,3,1,0.5830337788049239,0.973875,5.696004431401368,1.20903480052948,0,continue,1.191435169236898,0
22,4,0,0.09280732178678093,0.973875,5.668451397370614,1.2262811660766602,0,continue,1.284242491023679,0
22,5,0,0.5419941066935909,0.973875,5.566074573888976,1.3054265975952148,0,continue,1.8262365977172699,0
22,6,0,0.6182488284565865,0.973875,5.45314222365386,1.4291067123413086,0,continue,2.4444854261738564,0
22,7,0,0.6150536997765682,0.973875,5.340363121257368,1.5614975690841675,0,continue,3.0595391259504248,0
22,8,2,0.30180516235258303,0.973875,5.279622814822272,1.632714867591858,0,continue,3.361344288303008,0
22,9,0,0.25953623634009454,0.973875,5.230437251300479,1.6678828001022339,0,continue,3.6208805246431024,0
22,10,2,0.5383893603313478,0.973875,5.12264376904497,1.76862633228302,0,continue,4.15926988497445,0
22,11,0,0.026180135125945615,0.973875,5.11404156179679,1.786175012588501,0,continue,4.1854500201003955,0
22,12,0,0.5291301125575845,0.973875,5.020147186921228,1.9036481380462646,0,continue,4.71458013265798,0
22,13,0,0.6038256235597202,0.973875,4.9066593938356124,1.8798258304595947,0,continue,5.3184057562177,0
22,14,0,0.6799084652253168,0.973875,4.78161889200847,1.7390583753585815,0,continue,5.998314221443017,0
22,15,2,0.39374179349386124,0.973875,4.7028315666439156,1.6782326698303223,0,continue,6.392056014936879,0
22,16,0,0.054090851268864155,0.973875,4.685366419765815,1.6475162506103516,0,continue,6.446146866205742,0
22,17,1,0.24334770622558413,0.973875,4.632933151766161,1.5880159139633179,0,continue,6.689494572431326,0
22,18,0,0.14784183609051937,0.973875,4.603424086448801,1.5632740259170532,0,continue,6.837336408521845,0
22,19,0,0.23148584843226405,0.973875,4.554895048418876,1.552173376083374,0,continue,7.0688222569541095,0
22,20,1,0.6635034683338117,0.973875,4.422192315274953,1.407197117805481,0,continue,7.732325725287922,0
22,21,2,0.04138188833488078,0.973875,4.353730922484691,1.32341468334198,0,continue,7.773707613622802,0
22,22,0,-0.05251813584487412,0.973875,4.345475416234658,1.3195656538009644,0,continue,7.721189477777928,0
22,23,0,0.3775808314315268,0.973875,4.2795120747688395,1.239431381225586,0,continue,8.098770309209455,0
22,24,0,0.601183270214192,0.973875,4.16633343206343,1.1455386877059937,0,continue,8.699953579423646,0
22,25,0,0.6477510242569472,0.973875,4.0448843487443815,1.0502711534500122,0,continue,9.347704603680594,0
22,26,0,0.6174957391966432,0.973875,3.9333429894217438,0.9131961464881897,0,continue,9.965200342877237,0
22,27,0,0.6191958982059481,0.973875,3.815891775749736,0.812057614326477,0,continue,10.584396241083185,0
22,28,0,0.5160953709615979,0.973875,3.7199584114855417,0.7183716297149658,0,continue,11.100491612044783,0
22,29,0,0.5254263614368794,0.973875,3.6240159079563288,0.6259929537773132,0,continue,11.625917973481663,0
22,30,0,0.6378992722689981,0.973875,3.503203441447235,0.47077110409736633,0,continue,12.26381724575066,0
22,31,2,0.41060697709468275,0.973875,3.3951620327615637,0.3345116078853607,0,continue,12.674424222845342,0
22,32,0,-0.12442315813072052,0.973875,3.379430841225243,0.3229869604110718,0,continue,12.550001064714621,0
22,33,0,-0.04089654407780513,0.973875,3.2690739037829024,0.2384437769651413,0,continue,12.509104520636816,0
22,34,0,-30.555713082258567,0.973875,3.159881733397452,0.12966705858707428,1,crush,-18.046608561621753,0
23,1,0,0.0,0.9726875,5.907975712963738,0.9894706606864929,0,continue,0.0,0
23,2,0,0.6095240922014692,0.9726875,5.794153336779826,1.0815256834030151,0,continue,0.6095240922014692,0
23,3,0,0.614460155704274,0.9726875,5.67993228687116,1.1752985715866089,0,continue,1.2239842479057432,0
23,4,0,0.6337753822207894,0.9726875,5.5658433722751814,1.3287670612335205,0,continue,1.8577596301265327,0
23,5,2,0.23845882659048911,0.9726875,5.517071429687059,1.392317771911621,0,continue,2.096218456717022,0
23,6,0,0.21234734182466042,0.9726875,5.465873065795724,1.434834361076355,0,continue,2.3085657985416823,0
23,7,0,0.6762623625946197,0.9726875,5.338385470583752,1.529600739479065,0,continue,2.984828161136302,0
23,8,0,0.6239766885214048,0.9726875,5.225848183303993,1.6712390184402466,0,continue,3.6088048496577065,0
23,9,0,0.6423491401815772,0.9726875,5.102525527749097,1.7744066715240479,0,continue,4.251153989839284,0
23,10,1,0.7480122319276006,0.9726875,4.9527558791567525,1.905734658241272,0,continue,4.999166221766885,0
23,11,2,-0.032058759707823334,0.9726875,4.897729140626235,1.8785080909729004,0,continue,4.967107462059062,0
23,12,0,-0.10761390224066787,0.9726875,4.9100475537145885,1.8764662742614746,0,continue,4.859493559818394,0
23,13,1,0.38862906146148635,0.9726875,4.834964269976421,1.807471752166748,0,continue,5.24812262127988,0
23,14,0,-0.030533396326342464,0.9726875,4.838785778739367,1.7957454919815063,0,continue,5.217589224953538,0
23,15,0,0.5906531101096647,0.9726875,4.718542609367882,1.7244932651519775,0,continue,5.808242335063203,0
23,16,0,0.4160751296281348,0.9726875,4.642269163628804,1.6199142932891846,0,continue,6.224317464691338,0
23,17,0,0.6655381451331632,0.9726875,4.51982097124928,1.5298727750778198,0,continue,6.889855609824501,0
23,18,0,0.670724630926194,0.9726875,4.3950384806685525,1.3957046270370483,0,continue,7.560580240750695,0
23,19,1,0.44115954883093256,0.9726875,4.306716681324971,1.2798649072647095,0,continue,8.001739789581627,0
23,20,0,0.2550861860435016,0.9726875,4.249229703309078,1.237729787826538,0,continue,8.256825975625128,0
23,21,2,0.23865482487522344,0.9726875,4.201057277724332,1.171987533569336,0,continue,8.495480800500351,0
23,22,0,0.012540022644201336,0.9726875,4.201074494412982,1.1638777256011963,0,continue,8.508020823144552,0
23,23,0,0.5177426928904356,0.9726875,4.099003646648863,1.1041022539138794,0,continue,9.025763516034987,0
23,24,0,0.6518749734191484,0.9726875,3.9805891631192813,0.9684410095214844,0,continue,9.677638489454136,0
23,25,0,0.5772566356633321,0.9726875,3.876153416193032,0.8676272630691528,0,continue,10.254895125117468,0
23,26,0,0.7401605350490508,0.9726875,3.7403112263693776,0.7100462317466736,0,continue,10.995055660166518,0
23,27,0,0.597485294119922,0.9726875,3.6264097757071854,0.6255539059638977,0,continue,11.59254095428644,0
23,28,0,0.5642954768866976,0.9726875,3.521095055667748,0.5345544815063477,0,continue,12.156836431173137,0
23,29,1,0.5361964964876285,0.9726875,3.3986276626108367,0.3870282471179962,0,continue,12.693032927660765,0
23,30,0,0.001659838651200285,0.9726875,3.318223755921021,0.286344975233078,0,continue,12.694692766311965,0
23,31,0,-0.3462941763530668,0.9726875,3.268732625047237,0.22509261965751648,0,continue,12.348398589958897,0
23,32,0,-30.53356826153724,0.9726875,3.176054309995651,0.13571666181087494,1,crush,-18.185169671578343,0
24,1,0,0.0,0.9715,5.873018020314603,1.0098739862442017,0,continue,0.0,0
24,2,0,0.5741397242984136,0.9715,5.766031795211929,1.091686725616455,0,continue,0.5741397242984136,0
24,3,0,0.27296650314965243,0.9715,5.716797214637593,1.1658340692520142,0,continue,0.8471062274480661,0
24,4,0,0.6419734913652744,0.9715,5.599550680167678,1.293994665145874,0,continue,1.4890797188133404,0
24,5,0,0.5625688299403956,0.9715,5.493813937371715,1.3882324695587158,0,continue,2.051648548753736,0
24,6,0,0.5725889244645997,0.9715,5.387984837335477,1.493481993675232,0,continue,2.6242374732183356,0
24,7,0,0.677066693932326,0.9715,5.265104698713368,1.6366173028945923,0,continue,3.3013041671506613,0
24,8,0,0.6177330093681607,0.9715,5.150746144885554,1.7319159507751465,0,continue,3.919037176518822,0
24,9,0,0.6713426653152619,0.9715,5.028106794755615,1.8785990476608276,0,continue,4.590379841834084,0
24,10,2,0.5212461954562403,0.9715,4.92462988820559,1.9091588258743286,0,continue,5.111626037290324,0
24,11,2,-0.07054449019971346,0.9715,4.931417261052225,1.8970693349838257,0,continue,5.04108154709061,0
24,12,0,-0.07447021784050249,0.9715,4.934747180118444,1.8939173221588135,0,continue,4.9666113292501075,0
24,13,0,0.2893893510451067,0.9715,4.879284585852785,1.8666647672653198,0,continue,5.256000680295214,0
24,14,1,0.5130979459940096,0.9715,4.793817837465122,1.7888251543045044,0,continue,5.769098626289224,0
24,15,0,0.29577724790447596,0.9715,4.741613021977489,1.6982544660568237,0,continue,6.0648758741936994,0
24,16,0,0.22585724502031113,0.9715,4.694971861194288,1.689957618713379,0,continue,6.290733119214011,0
24,17,2,0.49098997382167664,0.9715,4.5964569125420445,1.5676316022872925,0,continue,6.781723093035687,0
24,18,0,0.15783064869022465,0.9715,4.569491433694588,1.5224897861480713,0,continue,6.939553741725912,0
24,19,1,0.3629618694945866,0.9715,4.534525753073976,1.4884010553359985,0,continue,7.302515611220499,0
24,20,0,0.25395965233813,0.9715,4.486509080547133,1.417725920677185,0,continue,7.556475263558629,0
24,21,0,0.03861470110564649,0.9715,4.480312384700918,1.426818609237671,0,continue,7.595089964664275,0
24,22,0,0.3076164794393103,0.9715,4.424061669010405,1.3729482889175415,0,continue,7.902706444103585,0
24,23,0,0.45639209004723064,0.9715,4.34304363893778,1.271888017654419,0,continue,8.359098534150815,0
24,24,0,0.4578891586898853,0.9715,4.255906604719163,1.1876953840255737,0,continue,8.816987692840701,0
24,25,1,0.4285997976304813,0.9715,4.187363314718613,1.080676794052124,0,continue,9.245587490471182,0
24,26,0,0.30121201885330184,0.9715,4.132074544460888,1.0261075496673584,0,continue,9.546799509324485,0
24,27,0,0.21059049991398118,0.9715,4.090129302395301,1.0074535608291626,0,continue,9.757390009238467,0
24,28,2,0.39844812085173786,0.9715,4.00965191578618,0.8950375914573669,0,continue,10.155838130090205,0
24,29,1,-0.10783470818149529,0.9715,3.98191590587432,0.8324145674705505,0,continue,10.048003421908708,0
24,30,0,-0.017157667313062362,0.9715,3.9720038703897926,0.826546311378479,0,continue,10.030845754595646,0
24,31,0,0.03956471399382463,0.9715,3.9563305903253267,0.8135384917259216,0,continue,10.07041046858947,0
24,32,0,0.41228167133611765,0.9715,3.877386408876042,0.7508367300033569,0,continue,10.482692139925588,0
24,33,2,0.4828590022647402,0.9715,3.7801351256669564,0.5967481732368469,0,continue,10.965551142190328,0
24,34,1,-0.09924877148557763,0.9715,3.7406404356014784,0.5391712784767151,0,continue,10.866302370704751,0
24,35,0,-0.06230033112531501,0.9715,3.7409494062652264,0.5292014479637146,0,continue,10.804002039579437,0
24,36,0,-0.1507204419415833,0.9715,3.7478981176665904,0.5314444899559021,0,continue,10.653281597637854,0
24,37,0,0.35830381583035453,0.9715,3.6599116712801556,0.47751951217651367,0,continue,11.011585413468207,0
24,38,0,0.3998046141295925,0.9715,3.5524090576008702,0.3924357295036316,0,continue,11.4113900275978,0
24,39,2,0.3301160736016566,0.9715,3.4330658399621354,0.24070116877555847,0,continue,11.741506101199457,0
24,40,0,-30.476250760307824,0.9715,3.3003675554587697,0.11999999731779099,1,crush,-18.734744659108365,0
25,1,0,0.0,0.9703125,5.975773773670621,0.9032938480377197,0,continue,0.0,0
25,2,0,0.5345158024287499,0.9703125,5.875451481017208,0.9848508834838867,0,continue,0.5345158024287499,0
25,3,0,0.6447751656331425,0.9703125,5.7576775782169225,1.1306657791137695,0,continue,1.1792909680618924,0
25,4,0,0.5194291428543126,0.9703125,5.6608279069888034,1.2205188274383545,0,continue,1.698720110916205,0
25,5,0,0.6131561166980836,0.9703125,5.548964346583211,1.361312985420227,0,continue,2.3118762276142886,0
25,6,1,0.6340265295308078,0.9703125,5.422058762423447,1.4470548629760742,0,continue,2.945902757145096,0
25,7,0,0.4127095928941691,0.9703125,5.347518504105782,1.5636578798294067,0,continue,3.358612350039265,0
25,8,0,0.26897709978689927,0.9703125,5.2947071475219625,1.5723230838775635,0,continue,3.6275894498261643,0
25,9,0,0.43738073117657905,0.9703125,5.216798851040076,1.6817080974578857,0,continue,4.064970181002743,0
25,10,2,0.5545628025515018,0.9703125,5.107150290792614,1.8060166835784912,0,continue,4.619532983554245,0
25,11,0,0.6030864612688762,0.9703125,4.995096568760258,1.8935341835021973,0,continue,5.2226194448231205,0
25,12,0,-0.13501001493374853,0.9703125,5.0060549531722724,1.9035468101501465,0,continue,5.087609429889372,0
25,13,0,0.35083911342803126,0.9703125,4.936382703482255,1.9084978103637695,0,continue,5.438448543317403,0
25,14,2,0.6358306197905083,0.9703125,4.808870541891064,1.8092505931854248,0,continue,6.074279163107911,0
25,15,0,0.5927133572889505,0.9703125,4.702460900037979,1.6856415271759033,0,continue,6.666992520396861,0
25,16,0,0.38388177973323695,0.9703125,4.629142441276743,1.6041275262832642,0,continue,7.050874300130098,0
25,17,1,0.47322724033347535,0.9703125,4.534386232392546,1.4793215990066528,0,continue,7.524101540463573,0
25,18,2,-0.09505125227167024,0.9703125,4.490796963584168,1.4506834745407104,0,continue,7.429050288191903,0
25,19,0,-0.13417910133021146,0.9703125,4.516163733817053,1.4754446744918823,0,continue,7.294871186861692,0
25,20,0,0.4397026786684148,0.9703125,4.428029636096492,1.3990589380264282,0,continue,7.734573865530106,0
25,21,0,0.5581007980719427,0.9703125,4.330529766488514,1.270897388458252,0,continue,8.29267466360205,0
25,22,0,0.5785991119520477,0.9703125,4.219352115142371,1.1855270862579346,0,continue,8.871273775554098,0
25,23,0,0.44697261928329723,0.9703125,4.137332293964141,1.0964043140411377,0,continue,9.318246394837395,0
25,24,0,0.6355312690073754,0.9703125,4.021416023850506,0.9499250650405884,0,continue,9.95377766384477,0
25,25,0,0.6265279528536906,0.9703125,3.9024373776339814,0.854183554649353,0,continue,10.58030561669846,0
25,26,0,0.4359140823806647,0.9703125,3.8225839004501907,0.7716204524040222,0,continue,11.016219699079125,0
25,27,0,0.5148293362206964,0.9703125,3.725828928548135,0.6795260310173035,0,continue,11.531049035299821,0
25,28,0,0.5994217198161816,0.9703125,3.6170554292331105,0.5406158566474915,0,continue,12.130470755116002,0
25,29,0,0.49223537584254135,0.9703125,3.5201453053347356,0.45328372716903687,0,continue,12.622706130958544,0
25,30,0,0.40479501508508126,0.9703125,3.4017974815798007,0.3025495707988739,0,continue,13.027501146043626,0
25,31,0,-0.16684650785264865,0.9703125,3.2963291689773166,0.21377502381801605,0,continue,12.860654638190978,0
25,32,0,-30.558228352712426,0.9703125,3.2055960455266224,0.11999999731779099,1,crush,-17.697573714521447,0
26,1,0,0.0,0.969125,5.914869739393738,1.0095850229263306,0,continue,0.0,0
26,2,0,0.8256123242086898,0.969125,5.757183923031862,1.1129260063171387,0,continue,0.8256123242086898,0
26,3,0,0.43286354078455336,0.969125,5.678008030376738,1.1857211589813232,0,continue,1.258475864993243,0
26,4,0,0.6220855859182156,0.969125,5.56773441205327,1.340743064880371,0,continue,1.8805614509114585,0
26,5,2,0.656313252088864,0.969125,5.436443076362282,1.4481474161148071,0,continue,2.5368747030003225,0
26,6,2,0.14742109219390342,0.969125,5.407241840843811,1.4985549449920654,0,continue,2.6842957951942257,0
26,7,0,-0.09053449969178334,0.969125,5.409215875781337,1.5049279928207397,0,continue,2.5937612955024423,0
26,8,0,0.20230149062567765,0.969125,5.369433089588346,1.527040958404541,0,continue,2.79606278612812,0
26,9,0,0.42598448942631095,0.969125,5.289259249812667,1.5961403846740723,0,continue,3.2220472755544307,0
26,10,0,0.4604272875218184,0.969125,5.203295507892429,1.689943552017212,0,continue,3.682474563076249,0
26,11,2,0.4219742219833008,0.969125,5.130772305411966,1.7626770734786987,0,continue,4.10444878505955,0
26,12,1,-0.0382206011938432,0.969125,5.0770490850328756,1.8567460775375366,0,continue,4.066228183865707,0
26,13,2,-0.37270462067708504,0.969125,5.088920043586415,1.8427808284759521,0,continue,3.6935235631886223,0
26,14,2,0.08590245322168885,0.969125,5.073547307240021,1.8310192823410034,0,continue,3.7794260164103113,0
26,15,2,0.04090430524659725,0.969125,5.069103634071935,1.845585823059082,0,continue,3.8203303216569084,0
26,16,1,-0.3599362405607811,0.969125,5.068740139517253,1.8728076219558716,0,continue,3.460394081096127,0
26,17,2,-0.37380527474710257,0.969125,5.070368623742387,1.845198631286621,0,continue,3.0865888063490248,0
26,18,0,0.08814234407054236,0.969125,5.0526829389212375,1.8812451362609863,0,continue,3.174731150419567,0
26,19,0,0.2972799878759916,0.969125,4.993307974855006,1.9131397008895874,0,continue,3.4720111382955587,0
26,20,0,0.3158356037833329,0.969125,4.934794268857287,1.8927603960037231,0,continue,3.7878467420788917,0
26,21,1,0.3056083424103251,0.969125,4.883999267282379,1.8093887567520142,0,continue,4.093455084489217,0
26,22,0,0.06129007701123834,0.969125,4.868712776312216,1.7855191230773926,0,continue,4.154745161500456,0
26,23,0,0.3928624348214355,0.969125,4.797295240919746,1.731021761894226,0,continue,4.547607596321892,0
26,24,2,0.320672527384686,0.969125,4.732646163840007,1.632475733757019,0,continue,4.868280123706578,0
26,25,0,-0.08675599375281409,0.969125,4.734841185825555,1.6285415887832642,0,continue,4.781524129953763,0
26,26,0,0.08842254670313127,0.969125,4.714676343306647,1.5859785079956055,0,continue,4.869946676656895,0
26,27,2,0.07494081832641122,0.969125,4.698573485872574,1.5682878494262695,0,continue,4.9448874949833055,0
26,28,0,0.041857632033668636,0.969125,4.690026221629508,1.5364152193069458,0,continue,4.986745127016974,0
26,29,0,0.03981690146295081,0.969125,4.692537723947552,1.5296686887741089,0,continue,5.026562028479924,0
26,30,0,-0.057949258878801806,0.969125,4.704155915633704,1.5157570838928223,0,continue,4.968612769601123,0
26,31,0,-0.07729876712633459,0.969125,4.720662048405444,1.4875870943069458,0,continue,4.891314002474788,0
26,32,0,-0.10141514004474526,0.969125,4.739367261358412,1.4729864597320557,0,continue,4.789898862430043,0
26,33,0,-0.0955869457001458,0.969125,4.758813860837943,1.4608025550842285,0,continue,4.694311916729897,0
26,34,1,-0.11664875007791839,0.969125,4.781456933628022,1.4609603881835938,0,continue,4.577663166651979,0
26,35,1,-0.06457703170439814,0.969125,4.784815926595686,1.4584168195724487,0,continue,4.513086134947581,0
26,36,0,-0.04351823132135189,0.969125,4.786318990749469,1.4710267782211304,0,continue,4.469567903626229,0
26,37,0,0.23892548399275176,0.969125,4.7446259686804755,1.4010366201400757,0,continue,4.70849338761898,0
26,38,0,0.36056487333450665,0.969125,4.677679582257162,1.337331771850586,0,continue,5.069058260953487,0
26,39,0,0.3854289312608877,0.969125,4.6081490637365885,1.2240391969680786,0,continue,5.454487192214375,0
26,40,1,0.2383959309296034,0.969125,4.573568669112357,1.1643494367599487,0,continue,5.692883123143979,0
26,41,2,-0.31767755739607406,0.969125,4.567798186386974,1.15402352809906,0,continue,5.375205565747905,0
26,42,0,-0.008286508202444184,0.969125,4.568330126093233,1.1399742364883423,0,continue,5.36691905754546,0
26,43,0,0.1823040830930491,0.969125,4.5300130565792855,1.0870815515518188,0,continue,5.549223140638509,0
26,44,0,0.25136919347659326,0.969125,4.486459184900173,0.9828597903251648,0,continue,5.800592334115103,0
26,45,0,0.26171312850736955,0.969125,4.4422359012409816,0.8715921640396118,0,continue,6.062305462622472,0
26,46,0,0.16193473167380223,0.969125,4.412108208538152,0.8196078538894653,0,continue,6.224240194296274,0
26,47,0,0.17794777405317327,0.969125,4.384392503944842,0.7226616144180298,0,continue,6.402187968349447,0
26,48,0,0.16216416431251396,0.969125,4.360350633578497,0.6193432211875916,0,continue,6.564352132661961,0
26,49,1,0.15601341309961203,0.969125,4.340788704712499,0.5561924576759338,0,continue,6.720365545761573,0
26,50,0,0.08368970370100744,0.969125,4.329298469543637,0.4891429543495178,0,continue,6.80405524946258,0
26,51,0,-0.1940426617929967,0.969125,4.314411138868418,0.4982511103153229,0,continue,6.610012587669583,0
26,52,0,0.2529921915707929,0.969125,4.278867373339989,0.3883846700191498,0,continue,6.863004779240376,0
26,53,0,-0.2779054701825042,0.969125,4.250805365279852,0.26497364044189453,0,continue,6.585099309057872,0
26,54,1,-30.22208680582473,0.969125,4.227489505045944,0.18991217017173767,1,crush,-23.636987496766857,0
27,1,2,0.0,0.9679375,5.956162085760403,0.946161687374115,0,continue,0.0,0
27,2,0,0.1045135934508093,0.9679375,5.927974100181239,0.9719312191009521,0,continue,0.1045135934508093,0
27,3,0,0.5551352756451936,0.9679375,5.824370735395794,1.06168794631958,0,continue,0.659648869096003,0
27,4,2,0.6797131454144365,0.9679375,5.696175009646735,1.1794042587280273,0,continue,1.3393620145104395,0
27,5,0,0.1271608922231136,0.9679375,5.668507666047861,1.2360035181045532,0,continue,1.466522906733553,0
27,6,1,0.5298574423318869,0.9679375,5.560131378370902,1.3423278331756592,0,continue,1.99638034906544,0
27,7,0,0.235138023955077,0.9679375,5.516427478651862,1.399185061454773,0,continue,2.231518373020517,0
27,8,0,0.2972736561835363,0.9679375,5.4543989968991085,1.424811601638794,0,continue,2.5287920292040535,0
27,9,1,0.6013778217785585,0.9679375,5.333955920266717,1.5778756141662598,0,continue,3.130169850982612,0
27,10,0,0.10148139179797383,0.9679375,5.312340248468477,1.6080082654953003,0,continue,3.2316512427805857,0
27,11,0,0.13440559574567215,0.9679375,5.265842455604899,1.6213252544403076,0,continue,3.3660568385262577,0
27,12,0,0.4693273174221172,0.9679375,5.180469084660896,1.7089399099349976,0,continue,3.835384155948375,0
27,13,0,0.47014132521559543,0.9679375,5.092012248328157,1.7928893566131592,0,continue,4.30552548116397,0
27,14,0,0.4632876040297553,0.9679375,5.006044442010604,1.8858634233474731,0,continue,4.768813085193726,0
27,15,2,0.4860098715187467,0.9679375,4.908735744041543,1.911793828010559,0,continue,5.254822956712473,0
27,16,0,0.5046074468795942,0.9679375,4.820661099572468,1.7869844436645508,0,continue,5.7594304035920665,0
27,17,0,0.1746670955399161,0.9679375,4.77597741907029,1.762452483177185,0,continue,5.934097499131982,0
27,18,1,0.5773020831497138,0.9679375,4.6590848684862864,1.6248559951782227,0,continue,6.511399582281696,0
27,19,0,0.29129017897934334,0.9679375,4.6030018325530175,1.5670009851455688,0,continue,6.802689761261039,0
27,20,0,0.2150792341015272,0.9679375,4.553372334811124,1.525091528892517,0,continue,7.017768995362566,0
27,21,1,0.406590701817917,0.9679375,4.471712771153689,1.4287517070770264,0,continue,7.424359697180483,0
27,22,0,0.41732984005748414,0.9679375,4.394325995354997,1.3537580966949463,0,continue,7.841689537237968,0
27,23,0,0.3097474647740206,0.9679375,4.335887611413409,1.291934609413147,0,continue,8.151437002011988,0
27,24,0,0.5306193600422531,0.9679375,4.234787977178154,1.1963342428207397,0,continue,8.682056362054242,0
27,25,2,0.517206995595446,0.9679375,4.13683657031272,1.0711021423339844,0,continue,9.199263357649688,0
27,26,0,0.32348910827817745,0.9679375,4.07189395554191,1.017649531364441,0,continue,9.522752465927866,0
27,27,0,0.2787447941053223,0.9679375,4.016705532358593,0.9700452089309692,0,continue,9.801497260033187,0
27,28,0,0.567366955181404,0.9679375,3.9102048400402567,0.8832712173461914,0,continue,10.368864215214591,0
27,29,0,0.5894233343877848,0.9679375,3.8040041054105562,0.7409617304801941,0,continue,10.958287549602376,0
27,30,0,0.6027295051151709,0.9679375,3.688368350368862,0.6571547389030457,0,continue,11.561017054717547,0
27,31,0,0.6225643085280845,0.9679375,3.576724925005969,0.5251595377922058,0,continue,12.183581363245633,0
27,32,0,0.5343575949042887,0.9679375,3.4685388061569427,0.4260059893131256,0,continue,12.717938958149922,0
27,33,1,0.36348423779247807,0.9679375,3.3554042053541804,0.2822679579257965,0,continue,13.081423195942401,0
27,34,0,-0.4158174651836446,0.9679375,3.315978810442996,0.22848297655582428,0,continue,12.665605730758756,0
27,35,2,-30.108145665490685,0.9679375,3.2647435181518,0.1866977959871292,1,crush,-17.44253993473193,0
28,1,0,0.0,0.96675,5.938516031481739,0.9599939584732056,0,continue,0.0,0
28,2,0,0.5807746612892576,0.96675,5.828844248574553,1.047247052192688,0,continue,0.5807746612892576,0
28,3,2,0.29386579825630443,0.96675,5.7753235524253705,1.1174941062927246,0,continue,0.874640459545562,0
28,4,0,0.11671110248955155,0.96675,5.743764782718036,1.156503438949585,0,continue,0.9913515620351135,0
28,5,2,0.7460615672333338,0.96675,5.629190679831468,1.2456756830215454,0,continue,1.7374131292684474,0
28,6,0,0.08131586976784125,0.96675,5.6136931013287645,1.2902626991271973,0,continue,1.8187289990362887,0
28,7,0,0.5269044623150444,0.96675,5.51626745397359,1.3906283378601074,0,continue,2.345633461351333,0
28,8,1,0.44493721072910686,0.96675,5.42702014914045,1.4546109437942505,0,continue,2.79057067208044,0
28,9,0,0.33577356572563327,0.96675,5.368467751896556,1.5484620332717896,0,continue,3.126344237806073,0
28,10,0,0.27209637648616125,0.96675,5.315480134084931,1.5905112028121948,0,continue,3.3984406142922343,0
28,11,0,0.47774147347144336,0.96675,5.2277209323574905,1.6971231698989868,0,continue,3.8761820877636777,0
28,12,0,0.4876083087475824,0.96675,5.13730115059743,1.768682837486267,0,continue,4.36379039651126,0
28,13,1,0.3925861184008743,0.96675,5.058382820455355,1.8864692449569702,0,continue,4.756376514912135,0
28,14,0,0.30257344962429034,0.96675,5.002095827648288,1.926815390586853,0,continue,5.058949964536425,0
28,15,0,0.028201937991546543,0.96675,4.977947937427032,1.9032620191574097,0,continue,5.087151902527972,0
28,16,0,0.4824458088524123,0.96675,4.885433180078081,1.8340363502502441,0,continue,5.569597711380384,0
28,17,0,0.6417408415551973,0.96675,4.768587185768921,1.6897929906845093,0,continue,6.211338552935581,0
28,18,0,0.5062037383550085,0.96675,4.675527026468785,1.5876973867416382,0,continue,6.71754229129059,0
28,19,2,0.4890690238094435,0.96675,4.577759566329014,1.5037280321121216,0,continue,7.206611315100034,0
28,20,1,0.25926087465949177,0.96675,4.466869645027743,1.4033960103988647,0,continue,7.4658721897595255,0
28,21,0,0.31497503425210893,0.96675,4.41239678102823,1.3134673833847046,0,continue,7.780847224011635,0
28,22,0,-0.02105261242718679,0.96675,4.402774222948914,1.318841576576233,0,continue,7.759794611584448,0
28,23,0,0.20281226522044674,0.96675,4.363992092031725,1.2700772285461426,0,continue,7.962606876804895,0
28,24,0,0.608415787289451,0.96675,4.24787500486628,1.1773532629013062,0,continue,8.571022664094347,0
28,25,0,0.58154564060639,0.96675,4.142018948942169,1.0165863037109375,0,continue,9.152568304700736,0
28,26,0,0.6467699806015377,0.96675,4.021145264586779,0.9327090978622437,0,continue,9.799338285302273,0
28,27,0,0.6366382899764923,0.96675,3.905913412435286,0.7756593227386475,0,continue,10.435976575278765,0
28,28,0,0.6345670910788718,0.96675,3.7860550587859776,0.6900840401649475,0,continue,11.070543666357636,0
28,29,0,0.5698690595740772,0.96675,3.681043015648171,0.5685217976570129,0,continue,11.640412725931714,0
28,30,1,0.4792209066928137,0.96675,3.576270837607171,0.42314425110816956,0,continue,12.119633632624527,0
28,31,0,0.41225976150580046,0.96675,3.464575613936433,0.32773712277412415,0,continue,12.531893394130329,0
28,32,0,-30.297140051914088,0.96675,3.3714180949065238,0.18852598965168,1,crush,-17.76524665778376,0
29,1,1,0.09152266383171082,0.9655625,5.929701487312396,0.9761501550674438,0,continue,0.09152266383171082,0
29,2,0,-0.0035022864322644814,0.9655625,5.932961983661846,0.9757809638977051,0,continue,0.08802037739944633,0
29,3,0,0.26683369578905086,0.9655625,5.896412931527069,1.0132372379302979,0,continue,0.3548540731884972,0
29,4,2,0.18359627918443444,0.9655625,5.859114210527923,1.0521517992019653,0,continue,0.5384503523729316,0
29,5,0,0.15409462284223152,0.9655625,5.831097604374729,1.1025354862213135,0,continue,0.6925449752151631,0
29,6,0,-0.2684912852104404,0.9655625,5.829108230228702,1.0913805961608887,0,continue,0.4240536900047227,0
29,7,2,0.3824611075613755,0.9655625,5.748853769675571,1.1377415657043457,0,continue,0.8065147975660982,0
29,8,0,0.4569668404307254,0.9655625,5.6659545579134445,1.2604763507843018,0,continue,1.2634816379968237,0
29,9,0,0.05160929599435287,0.9655625,5.652977974205864,1.2697999477386475,0,continue,1.3150909339911765,0
29,10,0,0.299537397756424,0.9655625,5.593687214575519,1.3059501647949219,0,continue,1.6146283317476005,0
29,11,0,0.5362746590225178,0.9655625,5.496535015033035,1.4060845375061035,0,continue,2.1509029907701183,0
29,12,0,0.4620674091276971,0.9655625,5.411581473062982,1.5261509418487549,0,continue,2.6129703998978155,0
29,13,2,0.30284057634393013,0.9655625,5.350723044437425,1.5740480422973633,0,continue,2.9158109762417457,0
29,14,1,0.008109782584231307,0.9655625,5.316918668426245,1.641034483909607,0,continue,2.923920758825977,0
29,15,0,-0.01604888953599927,0.9655625,5.305419814445226,1.6301960945129395,0,continue,2.907871869289978,0
29,16,1,0.2622417378599305,0.9655625,5.279765551152401,1.648494005203247,0,continue,3.1701136071499083,0
29,17,0,0.5622552625222419,0.9655625,5.177379786042868,1.775427222251892,0,continue,3.7323688696721504,0
29,18,0,0.17205960796729677,0.9655625,5.145206949419896,1.8150657415390015,0,continue,3.9044284776394473,0
29,19,0,0.47054867755299323,0.9655625,5.059051927205609,1.8812077045440674,0,continue,4.374977155192441,0
29,20,0,0.5522219435818805,0.9655625,4.956734223675338,1.864047884941101,0,continue,4.927199098774321,0
29,21,2,0.5199829477976373,0.9655625,4.872568405252247,1.7631782293319702,0,continue,5.4471820465719585,0
29,22,0,0.37496059502360063,0.9655625,4.802490858976481,1.6756190061569214,0,continue,5.822142641595559,0
29,23,0,0.21336282907543924,0.9655625,4.763187634123105,1.6246297359466553,0,continue,6.035505470670999,0
29,24,0,0.5276530388838865,0.9655625,4.6654643142959475,1.5100514888763428,0,continue,6.563158509554885,0
29,25,0,0.49680404316589055,0.9655625,4.572810465419355,1.4261350631713867,0,continue,7.059962552720775,0
29,26,0,0.4768553552775218,0.9655625,4.4848481105092155,1.2988882064819336,0,continue,7.536817907998297,0
29,27,0,0.4552138110551744,0.9655625,4.404623695237048,1.1776872873306274,0,continue,7.992031719053472,0
29,28,2,0.4493219311965999,0.9655625,4.321471840736767,1.0859202146530151,0,continue,8.441353650250072,0
29,29,0,0.19014676270388184,0.9655625,4.287972255562076,1.0200982093811035,0,continue,8.631500412953955,0
29,30,0,0.09783038024770595,0.9655625,4.265703619389165,0.9985942840576172,0,continue,8.72933079320166,0
29,31,0,0.5426841460275088,0.9655625,4.165977234172576,0.9131339192390442,0,continue,9.27201493922917,0
29,32,0,0.6136532756991672,0.9655625,4.0543081711015105,0.7731778025627136,0,continue,9.885668214928337,0
29,33,0,0.6121463845399172,0.9655625,3.938797250598906,0.6761052012443542,0,continue,10.497814599468255,0
29,34,0,0.6896272777362706,0.9655625,3.808127867015701,0.5301582217216492,0,continue,11.187441877204526,0
29,35,0,0.5985911474400314,0.9655625,3.6673181272116473,0.3622921407222748,0,continue,11.786033024644556,0
29,36,1,0.31756401908409176,0.9655625,3.546820611345398,0.22934861481189728,0,continue,12.103597043728648,0
29,37,0,-30.659800173759194,0.9655625,3.4569501630641324,0.11999999731779099,1,crush,-18.556203130030546,0
30,1,0,0.0,0.964375,5.951036418358322,0.9232941269874573,0,continue,0.0,0
30,2,0,0.6838920364470216,0.964375,5.824224619878299,1.0653748512268066,0,continue,0.6838920364470216,0
30,3,2,0.5191573416539823,0.964375,5.720128206456857,1.153010606765747,0,continue,1.2030493781010039,0
30,4,0,-0.009135514359304486,0.964375,5.723154309230567,1.1875534057617188,0,continue,1.1939138637416993,0
30,5,0,0.10901055267226034,0.964375,5.686397358129422,1.200188398361206,0,continue,1.3029244164139597,0
30,6,0,0.6795456114354438,0.964375,5.559883393459888,1.3236887454986572,0,continue,1.9824700278494034,0
30,7,0,0.7098778183799607,0.964375,5.429892376484834,1.4614580869674683,0,continue,2.692347846229364,0
30,8,2,0.6124960209350494,0.964375,5.324599450975323,1.546052098274231,0,continue,3.3048438671644136,0
30,9,1,0.2572569116313152,0.964375,5.2129743157280775,1.6944491863250732,0,continue,3.562100778795729,0
30,10,2,-0.13329398546258678,0.964375,5.201769509380403,1.6972134113311768,0,continue,3.428806793333142,0
30,11,1,-0.3096560515421715,0.964375,5.195782780555541,1.7068476676940918,0,continue,3.1191507417909707,0
30,12,0,-0.08518377188390831,0.964375,5.198647009778928,1.7075519561767578,0,continue,3.0339669699070626,0
30,13,2,0.03570152830128324,0.964375,5.187719534040642,1.6986037492752075,0,continue,3.0696684982083458,0
30,14,0,0.48334472931304345,0.964375,5.0999055277794145,1.7983369827270508,0,continue,3.5530132275213893,0
30,15,0,0.05619861688989909,0.964375,5.081620269337589,1.8073965311050415,0,continue,3.609211844411288,0
30,16,2,0.5381662784247195,0.964375,4.97681854242805,1.9217959642410278,0,continue,4.147378122836008,0
30,17,0,0.40548443214661034,0.964375,4.899142032998309,1.8713473081588745,0,continue,4.552862554982618,0
30,18,0,-0.03912085568465964,0.964375,4.8974144796202825,1.8453445434570312,0,continue,4.513741699297959,0
30,19,1,0.411069724163967,0.964375,4.829035781279763,1.7814422845840454,0,continue,4.924811423461926,0
30,20,1,0.31918028486430455,0.964375,4.784776666949446,1.7330328226089478,0,continue,5.243991708326231,0
30,21,0,-0.06380581993717868,0.964375,4.785385411987101,1.735959529876709,0,continue,5.180185888389052,0
30,22,0,-0.07071107591059389,0.964375,4.790583820336084,1.7449268102645874,0,continue,5.109474812478458,0
30,23,2,0.4412304171059498,0.964375,4.693617460405777,1.6585183143615723,0,continue,5.550705229584408,0
30,24,0,0.5307186467423051,0.964375,4.590812006585051,1.5735723972320557,0,continue,6.081423876326713,0
30,25,2,0.0729629700209495,0.964375,4.57207798742316,1.5383323431015015,0,continue,6.154386846347663,0
30,26,0,0.37368533044521157,0.964375,4.499325308017811,1.4581928253173828,0,continue,6.528072176792874,0
30,27,0,-0.019722951117022422,0.964375,4.494476123024162,1.453811526298523,0,continue,6.508349225675852,0
30,28,0,0.4629731866714741,0.964375,4.40644558562176,1.3869177103042603,0,continue,6.971322412347326,0
30,29,0,0.5194395110466526,0.964375,4.307477702202257,1.3036226034164429,0,continue,7.490761923393978,0
30,30,0,0.6577280565017624,0.964375,4.184071969358933,1.1622912883758545,0,continue,8.148489979895741,0
30,31,0,0.654627464725196,0.964375,4.065077901518173,1.0148364305496216,0,continue,8.803117444620938,0
30,32,0,0.5415978023413511,0.964375,3.962799195716424,0.9391447305679321,0,continue,9.34471524696229,0
30,33,1,0.5876503348560301,0.964375,3.8449969179757457,0.7944777011871338,0,continue,9.93236558181832,0
30,34,0,0.14121768644162114,0.964375,3.8187742743107913,0.7646855711936951,0,continue,10.073583268259942,0
30,35,0,0.019707842233137117,0.964375,3.81743098931169,0.7666592001914978,0,continue,10.093291110493078,0
30,36,0,0.46328775697537095,0.964375,3.722037161912766,0.6704156398773193,0,continue,10.556578867468449,0
30,37,1,0.6807530911983708,0.964375,3.586322560042144,0.5668870210647583,0,continue,11.23733195866682,0
30,38,0,0.4303440474882619,0.964375,3.5059338834381433,0.45082566142082214,0,continue,11.667676006155082,0
30,39,0,0.11723906782840324,0.964375,3.4663923818304285,0.4507203698158264,0,continue,11.784915073983486,0
30,40,0,0.4450317772488656,0.964375,3.3547148285890187,0.33468514680862427,0,continue,12.229946851232352,0
30,41,1,0.2167021596587001,0.964375,3.2580664634405663,0.2398526668548584,0,continue,12.446649010891052,0
30,42,0,-30.513024991614973,0.964375,3.1627546080443367,0.1443437784910202,1,crush,-18.06637598072392,0
31,1,0,0.0,0.9631875,5.890873609973118,1.0061845779418945,0,continue,0.0,0
31,2,1,0.6955039035233033,0.9631875,5.757282975304152,1.0906163454055786,0,continue,0.6955039035233033,0
31,3,0,0.24127561373629114,0.9631875,5.712183590345086,1.1918323040008545,0,continue,0.9367795172595944,0
31,4,2,0.3908920378715797,0.9631875,5.629413866579862,1.2641404867172241,0,continue,1.3276715551311742,0
31,5,0,0.37025508036964505,0.9631875,5.562536078653066,1.3404114246368408,0,continue,1.6979266355008193,0
31,6,0,0.3558110092647921,0.9631875,5.4892511391242165,1.3711899518966675,0,continue,2.0537376447656115,0
31,7,0,0.5981145418415613,0.9631875,5.380537176678472,1.5077459812164307,0,continue,2.6518521866071727,0
31,8,2,0.5621660370873143,0.9631875,5.267768583953741,1.6106067895889282,0,continue,3.214018223694487,0
31,9,1,0.23436826741833083,0.9631875,5.179547828939988,1.7160252332687378,0,continue,3.448386491112818,0
31,10,0,0.031470723283931794,0.9631875,5.175642221003955,1.7322064638137817,0,continue,3.47985721439675,0
31,11,0,-0.06617578774526045,0.9631875,5.175978248270103,1.7457622289657593,0,continue,3.4136814266514897,0
31,12,0,0.45990787444205145,0.9631875,5.089457575638814,1.7887990474700928,0,continue,3.873589301093541,0
31,13,0,0.5788098871936432,0.9631875,4.983587679499891,1.9192291498184204,0,continue,4.452399188287185,0
31,14,0,0.4300896904798541,0.9631875,4.902224896074442,1.8801103830337524,0,continue,4.882488878767039,0
31,15,0,0.43097378119988367,0.9631875,4.826048941726945,1.7691317796707153,0,continue,5.313462659966922,0
31,16,2,0.567161473006974,0.9631875,4.732067595248503,1.6897624731063843,0,continue,5.880624132973896,0
31,17,0,0.24380782739122062,0.9631875,4.688192748616828,1.5955277681350708,0,continue,6.124431960365117,0
31,18,0,0.31624854586352885,0.9631875,4.615089962499265,1.5647923946380615,0,continue,6.440680506228645,0
31,19,0,0.5067194387480581,0.9631875,4.520623109770287,1.4724574089050293,0,continue,6.947399944976703,0
31,20,0,0.5896261627759624,0.9631875,4.410488819807551,1.363929271697998,0,continue,7.5370261077526655,0
31,21,1,0.6601694535652406,0.9631875,4.279092736430426,1.2318432331085205,0,continue,8.197195561317907,0
31,22,1,0.2171566119134672,0.9631875,4.234143108709953,1.1262223720550537,0,continue,8.414352173231373,0
31,23,0,-0.03372422621634763,0.9631875,4.232731072822993,1.1162350177764893,0,continue,8.380627947015025,0
31,24,0,-0.21127427310710653,0.9631875,4.231473311580766,1.1314066648483276,0,continue,8.169353673907919,0
31,25,2,0.5970708384698264,0.9631875,4.192961205383954,1.0922929048538208,0,continue,8.766424512377746,0
31,26,2,0.6259648212323055,0.9631875,4.155187492806128,1.0085111856460571,0,continue,9.392389333610051,0
31,27,0,0.3334597805604349,0.9631875,4.15658626902691,1.0161566734313965,0,continue,9.725849114170487,0
31,28,1,0.13092192961746288,0.9631875,4.119317595956685,1.0030319690704346,0,continue,9.85677104378795,0
31,29,0,0.3900097754431872,0.9631875,4.049574850055729,0.9212251305580139,0,continue,10.246780819231137,0
31,30,0,0.06610588069664636,0.9631875,4.03412218335544,0.8876625895500183,0,continue,10.312886699927784,0
31,31,1,0.5613855957607765,0.9631875,3.9186178207693674,0.8011481165885925,0,continue,10.874272295688561,0
31,32,0,0.3590543832491834,0.9631875,3.8542492780201907,0.6937424540519714,0,continue,11.233326678937745,0
31,33,1,0.25878647403384913,0.9631875,3.8003396538024647,0.62498939037323,0,continue,11.492113152971594,0
31,34,0,0.4079689996462526,0.9631875,3.726107882618482,0.5309129357337952,0,continue,11.900082152617847,0
31,35,0,-1.0941260578555232,0.9631875,3.707504553903228,0.4903871417045593,0,continue,10.805956094762323,0
31,36,0,-0.3900099063004987,0.9631875,3.689126045624651,0.42413464188575745,0,continue,10.415946188461824,0
31,37,0,-0.14081804096521594,0.9631875,3.6771414055109135,0.3744538128376007,0,continue,10.275128147496607,0
31,38,0,-0.8081402410157544,0.9631875,3.66955673425858,0.30768629908561707,0,continue,9.466987906480853,0
31,39,0,-1.744126768870884,0.9631875,3.6716895169535033,0.2695033550262451,0,continue,7.722861137609969,0
31,40,0,-2.534360843552581,0.9631875,3.6784161110112827,0.20529013872146606,0,continue,5.188500294057388,0
31,41,1,-30.46943938675196,0.9631875,3.6898483212042272,0.15104158222675323,1,crush,-25.280939092694574,0
32,1,2,0.0,0.962,5.999846778402266,0.9095852375030518,0,continue,0.0,0
32,2,2,-0.015751354004140336,0.962,5.996036220173367,0.9038717150688171,0,continue,-0.015751354004140336,0
32,3,0,0.05720588550237078,0.962,5.973372235045487,0.9048294425010681,0,continue,0.041454531498230446,0
32,4,0,0.5433959615183497,0.962,5.873443210136787,1.0301885604858398,0,continue,0.5848504930165801,0
32,5,0,0.5029953644393663,0.962,5.7788995518029775,1.0989514589309692,0,continue,1.0878458574559464,0
32,6,0,0.5590385671085722,0.962,5.677784973199958,1.2375400066375732,0,continue,1.6468844245645187,0
32,7,0,0.5792025572342128,0.962,5.568238920096895,1.3171348571777344,0,continue,2.2260869817987317,0
32,8,1,0.4791854789794347,0.962,5.472058079850177,1.4345247745513916,0,continue,2.705272460778166,0
32,9,0,0.37436233939726055,0.962,5.404707956888921,1.5024129152297974,0,continue,3.079634800175427,0
32,10,0,0.034078967096029755,0.962,5.381608266091292,1.5149080753326416,0,continue,3.1137137672714568,0
32,11,0,0.7566332810711506,0.962,5.24217625736319,1.6267777681350708,0,continue,3.8703470483426075,0
32,12,1,0.5330555993650635,0.962,5.135502328739449,1.7620760202407837,0,continue,4.403402647707671,0
32,13,2,0.2910085014091562,0.962,5.0218550034773575,1.8699945211410522,0,continue,4.694411149116828,0
32,14,1,-0.22057612778333038,0.962,5.003678913079825,1.9112646579742432,0,continue,4.473835021333498,0
32,15,0,0.014031845909054284,0.962,4.99992671012391,1.923628807067871,0,continue,4.487866867242552,0
32,16,0,0.07857605290015364,0.962,4.970315235276031,1.9139511585235596,0,continue,4.5664429201427055,0
32,17,0,0.7091953620525522,0.962,4.8345665683641235,1.8358384370803833,0,continue,5.275638282195258,0
32,18,1,0.5630782997689839,0.962,4.721743359890096,1.684127926826477,0,continue,5.838716581964242,0
32,19,1,0.4401559611895916,0.962,4.6337023290181465,1.5984375476837158,0,continue,6.278872543153834,0
32,20,2,-0.23088538350943502,0.962,4.621493829947592,1.5754832029342651,0,continue,6.047987159644399,0
32,21,0,0.010432984658118795,0.962,4.6306768914686405,1.5763111114501953,0,continue,6.058420144302517,0
32,22,0,-0.17613965973061482,0.962,4.626870078338991,1.5809768438339233,0,continue,5.882280484571902,0
32,23,0,0.5287245526181052,0.962,4.528700732665181,1.4998986721038818,0,continue,6.411005037190008,0
32,24,0,0.6288136137341913,0.962,4.412747389830144,1.372257947921753,0,continue,7.039818650924199,0
32,25,0,0.4999129567505814,0.962,4.319681808463732,1.2944248914718628,0,continue,7.5397316076747805,0
32,26,0,0.45664776113364,0.962,4.233325650690317,1.2332611083984375,0,continue,7.99637936880842,0
32,27,0,0.501591980776095,0.962,4.142244774124515,1.1163707971572876,0,continue,8.497971349584516,0
32,28,0,0.5224999033031213,0.962,4.0437928564279995,1.0296776294708252,0,continue,9.020471252887637,0
32,29,0,0.49595576756903836,0.962,3.952491708253481,0.9180077910423279,0,continue,9.516427020456675,0
32,30,0,0.5913026982540832,0.962,3.84150455434855,0.8324427604675293,0,continue,10.107729718710758,0
32,31,0,0.48681668814162954,0.962,3.753065150504092,0.7181679010391235,0,continue,10.594546406852388,0
32,32,0,0.39930182637298406,0.962,3.677934757953281,0.6349353194236755,0,continue,10.993848233225371,0
32,33,0,0.4418868621325076,0.962,3.5976000840594056,0.5680328607559204,0,continue,11.43573509535788,0
32,34,0,0.49632637571169314,0.962,3.499118919799823,0.4420418441295624,0,continue,11.932061471069572,0
32,35,2,0.34464477051110076,0.962,3.4149274607457274,0.37196439504623413,0,continue,12.276706241580673,0
32,36,0,-0.014682671239903161,0.962,3.3655079376714454,0.289220929145813,0,continue,12.26202357034077,0
32,37,1,-0.21316057210892594,0.962,3.364065388874364,0.2853662073612213,0,continue,12.048862998231844,0
32,38,1,-29.936397058826813,0.962,3.2825162703625037,0.19311165809631348,1,crush,-17.88753406059497,0
33,1,0,0.0,0.9608125,5.944711071041291,0.9367320537567139,0,continue,0.0,0
33,2,1,0.48607690449537444,0.9608125,5.863914234191153,1.0324815511703491,0,continue,0.48607690449537444,0
33,3,1,0.16303959728713166,0.9608125,5.854196477836036,1.0617226362228394,0,continue,0.6491165017825061,0
33,4,1,0.3829504386624014,0.9608125,5.852785134416092,1.0612748861312866,0,continue,1.0320669404449077,0
33,5,0,0.12229810967543285,0.9608125,5.851764295614954,1.0767621994018555,0,continue,1.1543650501203404,0
33,6,0,0.5610639543464626,0.9608125,5.852498535047861,1.077961802482605,0,continue,1.715429004466803,0
33,7,0,-0.002789739013556755,0.9608125,5.856583218125448,1.0883451700210571,0,continue,1.7126392654532463,0
33,8,2,-0.045429422731962266,0.9608125,5.8645640623750275,1.0805232524871826,0,continue,1.667209842721284,0
33,9,0,-0.03747604718377247,0.9608125,5.870021545139928,1.082355260848999,0,continue,1.6297337955375115,0
33,10,0,-0.5507530187781762,0.9608125,5.863670422065283,1.0786718130111694,0,continue,1.0789807767593353,0
33,11,1,0.45016743717006646,0.9608125,5.853241314189798,1.099672555923462,0,continue,1.529148213929402,0
33,12,0,0.026506766808798665,0.9608125,5.849143158592105,1.1162570714950562,0,continue,1.5556549807382005,0
33,13,0,0.12256020226154565,0.9608125,5.854485020027305,1.129703402519226,0,continue,1.6782151829997463,0
33,14,0,-0.3342797137097372,0.9608125,5.908706801103945,1.1134039163589478,0,continue,1.3439354692900092,0
33,15,0,-0.37036944528635196,0.9608125,5.989329090777864,1.0378923416137695,0,continue,0.9735660240036572,0
33,16,0,-0.367992420486496,0.9608125,6.0672790295240695,0.9779974818229675,0,continue,0.6055736035171613,0
33,17,1,-0.45478479615457756,0.9608125,6.157737438407071,0.8944162726402283,0,continue,0.1507888073625837,0
33,18,0,-0.3753473735187584,0.9608125,6.239046380055609,0.8244955539703369,0,continue,-0.2245585661561747,0
33,19,0,-0.2280526401754854,0.9608125,6.284786445139449,0.8007662296295166,0,continue,-0.4526112063316601,0
33,20,1,-0.47618448890151405,0.9608125,6.3794269308907205,0.7353237271308899,0,continue,-0.9287956952331742,0
33,21,0,-0.46012801110237134,0.9608125,6.436928647564167,0.6563907861709595,0,continue,-1.3889237063355455,0
33,22,0,-0.2729548453083095,0.9608125,6.454185359831302,0.6603959202766418,0,continue,-1.661878551643855,0
33,23,0,-0.6916532805034672,0.9608125,6.552442800390288,0.5802911520004272,0,continue,-2.353531832147322,0
33,24,0,-0.7485490710926426,0.9608125,6.667361838607067,0.4877815842628479,0,continue,-3.1020809032399645,0
33,25,2,-0.849766419330461,0.9608125,6.77762779288958,0.36644771695137024,0,continue,-3.9518473225704254,0
33,26,0,-0.9198678866446066,0.9608125,6.859290016742523,0.29390761256217957,0,continue,-4.871715209215032,0
33,27,0,-0.7427034673712722,0.9608125,6.884592167580039,0.26846233010292053,0,continue,-5.614418676586304,0
33,28,0,-31.465258708200967,0.9608125,6.985873054883167,0.19582973420619965,1,crush,-37.079677384787274,0
34,1,1,0.0033772289752960205,0.959625,5.813750179105023,1.0715938806533813,0,continue,0.0033772289752960205,0
34,2,0,0.12629525377444364,0.959625,5.776382017916,1.0996993780136108,0,continue,0.12967248274973966,0
34,3,0,0.6175734910780621,0.959625,5.664646767836143,1.2412729263305664,0,continue,0.7472459738278018,0
34,4,0,0.6273685198834295,0.959625,5.5463705114055815,1.3418424129486084,0,continue,1.3746144937112312,0
34,5,2,0.5854668096829421,0.959625,5.4289223759000445,1.450348138809204,0,continue,1.9600813033941733,0
34,6,0,0.14029118083955733,0.959625,5.402011314723212,1.5083485841751099,0,continue,2.1003724842337306,0
34,7,0,0.01770742263544727,0.959625,5.390522905361851,1.4904053211212158,0,continue,2.118079906869178,0
34,8,2,0.4693804648273551,0.959625,5.305405100835302,1.600395917892456,0,continue,2.5874603716965328,0
34,9,2,0.41801503386300165,0.959625,5.231821511626589,1.683853268623352,0,continue,3.0054754055595345,0
34,10,2,-0.044732622496093465,0.959625,5.236043660456686,1.6868761777877808,0,continue,2.960742783063441,0
34,11,1,-0.36359846740816126,0.959625,5.237681627339953,1.6896644830703735,0,continue,2.59714431565528,0
34,12,1,0.036698226641685566,0.959625,5.22549773035343,1.697739601135254,0,continue,2.6338425422969656,0
34,13,0,-0.05462464496571144,0.959625,5.226435643198858,1.6842091083526611,0,continue,2.579217897331254,0
34,14,0,-0.03689563979905022,0.959625,5.2236982151892715,1.6751407384872437,0,continue,2.542322257532204,0
34,15,0,0.1451554782679887,0.959625,5.172720566085484,1.69939124584198,0,continue,2.6874777358001927,0
34,16,0,0.5851863265307942,0.959625,5.065284862511731,1.83108389377594,0,continue,3.272664062330987,0
34,17,0,0.6078561778629457,0.959625,4.952532564511781,1.9204785823822021,0,continue,3.8805202401939325,0
34,18,0,0.6755879277744938,0.959625,4.826499394024222,1.8013906478881836,0,continue,4.556108167968427,0
34,19,0,0.5002250514396197,0.959625,4.734016851803669,1.6983954906463623,0,continue,5.056333219408047,0
34,20,0,0.749204842809735,0.959625,4.595647916557451,1.5722726583480835,0,continue,5.8055380622177815,0
34,21,1,0.5586165973931984,0.959625,4.48371827846389,1.4358994960784912,0,continue,6.36415465961098,0
34,22,2,0.08081356785266057,0.959625,4.408142689812962,1.3553858995437622,0,continue,6.444968227463641,0
34,23,1,-0.3280995308820548,0.959625,4.404005636736526,1.3677301406860352,0,continue,6.116868696581586,0
34,24,0,0.11184245487625713,0.959625,4.40588889647222,1.3451333045959473,0,continue,6.228711151457843,0
34,25,0,-0.5079403952034218,0.959625,4.396356304894861,1.316467046737671,0,continue,5.720770756254422,0
34,26,0,0.14152190617437826,0.959625,4.362282302040943,1.2882795333862305,0,continue,5.8622926624288,0
34,27,2,0.4925118652744336,0.959625,4.332157516816724,1.2250953912734985,0,continue,6.354804527703234,0
34,28,0,0.06730668598384076,0.959625,4.320830592217456,1.214888334274292,0,continue,6.422111213687074,0
34,29,2,0.423527122612405,0.959625,4.302672437232976,1.2156400680541992,0,continue,6.845638336299479,0
34,30,1,-0.10297632115329897,0.959625,4.262238985599824,1.1560015678405762,0,continue,6.7426620151461805,0
34,31,1,-0.07958432878906667,0.959625,4.275603629861253,1.1654514074325562,0,continue,6.663077686357114,0
34,32,0,0.010103053391773677,0.959625,4.277222518974984,1.1703985929489136,0,continue,6.673180739748887,0
34,33,0,-0.5163075822583335,0.959625,4.260826830284702,1.1381169557571411,0,continue,6.156873157490554,0
34,34,1,0.10520106140630954,0.959625,4.238636630376306,1.074401617050171,0,continue,6.262074218896863,0
34,35,0,0.03896871973893192,0.959625,4.224227371544758,1.0407744646072388,0,continue,6.301042938635796,0
34,36,2,0.4513808351867763,0.959625,4.223490271126479,1.0253878831863403,0,continue,6.752423773822572,0
34,37,0,-0.04263577397136383,0.959625,4.222575815265511,1.0090413093566895,0,continue,6.7097879998512076,0
34,38,0,0.12714895451660047,0.959625,4.213550681956335,1.0019322633743286,0,continue,6.836936954367808,0
34,39,2,0.5018982868617475,0.959625,4.199332618025217,0.9367791414260864,0,continue,7.338835241229555,0
34,40,0,0.0024543014839402593,0.959625,4.191222090426718,0.9018089771270752,0,continue,7.341289542713495,0
34,41,0,0.39419500278683867,0.959625,4.1739532612659085,0.8764445185661316,0,continue,7.735484545500334,0
34,42,0,0.609608502410195,0.959625,4.113356480716386,0.7908119559288025,0,continue,8.34509304791053,0
34,43,0,0.3320560885444666,0.959625,4.055027602752881,0.6885042786598206,0,continue,8.677149136454997,0
34,44,0,0.27957698151888655,0.959625,3.9981073064137593,0.5730137228965759,0,continue,8.956726117973883,0
34,45,0,-0.024100892825293894,0.959625,3.952422037389387,0.5040047764778137,0,continue,8.93262522514859,0
34,46,0,-0.2096582086178248,0.959625,3.9051466628316125,0.3911162316799164,0,continue,8.722967016530765,0
34,47,0,-0.32013618816429223,0.959625,3.87672785844767,0.32649028301239014,0,continue,8.402830828366472,0
34,48,0,-0.5863434881987104,0.959625,3.8426998426688628,0.25904685258865356,0,continue,7.816487340167762,0
34,49,0,-30.591085701498887,0.959625,3.80877773474348,0.1938071846961975,1,crush,-22.774598361331126,0
35,1,0,0.0,0.9584375,5.824404397810217,1.0832479000091553,0,continue,0.0,0
35,2,0,0.7127671047484265,0.9584375,5.688460274766624,1.1894030570983887,0,continue,0.7127671047484265,0
35,3,0,0.7274843950455356,0.9584375,5.554765173530015,1.3191461563110352,0,continue,1.4402514997939622,0
35,4,0,0.6376969937696064,0.9584375,5.438646253495493,1.4483652114868164,0,continue,2.077948493563569,0
35,5,0,0.6660333527281012,0.9584375,5.315184921975389,1.5781089067459106,0,continue,2.74398184629167,0
35,6,0,0.7212065383938417,0.9584375,5.1798547904200785,1.681726336479187,0,continue,3.4651883846855114,0
35,7,0,0.6998140164552576,0.9584375,5.053782811733441,1.8368480205535889,0,continue,4.165002401140769,0
35,8,1,0.6283097469298077,0.9584375,4.928091764560403,1.9069163799285889,0,continue,4.7933121480705765,0
35,9,0,0.5004426539977171,0.9584375,4.8371992155180505,1.8103021383285522,0,continue,5.293754802068293,0
35,10,0,0.11808522334162058,0.9584375,4.790641604195438,1.7772858142852783,0,continue,5.411840025409914,0
35,11,0,0.4163117119851124,0.9584375,4.7123501347886645,1.6840219497680664,0,continue,5.828151737395026,0
35,12,0,0.5115572766017294,0.9584375,4.616212674946622,1.608599305152893,0,continue,6.339709013996756,0
35,13,0,0.5277336335999224,0.9584375,4.522283592107898,1.4918731451034546,0,continue,6.867442647596678,0
35,14,1,0.4298957502613185,0.9584375,4.435890815394727,1.4155524969100952,0,continue,7.297338397857996,0
35,15,0,0.5177921868098764,0.9584375,4.341234909553564,1.291521668434143,0,continue,7.815130584667872,0
35,16,0,0.24050949984839498,0.9584375,4.296358917287051,1.2807155847549438,0,continue,8.055640084516266,0
35,17,1,0.4559860810197509,0.9584375,4.204749531111589,1.1686482429504395,0,continue,8.511626165536017,0
35,18,1,0.2722017377645948,0.9584375,4.148358687221421,1.0843799114227295,0,continue,8.783827903300612,0
35,19,0,-0.9785102020544354,0.9584375,4.1514094859149875,1.065385341644287,0,continue,7.805317701246176,0
35,20,1,-0.07216135542749037,0.9584375,4.1505835668269855,1.051294207572937,0,continue,7.733156345818686,0
35,21,0,-0.17871070268862188,0.9584375,4.174306112758352,1.0726208686828613,0,continue,7.554445643130064,0
35,22,0,-0.38232831647381044,0.9584375,4.254204997249327,1.1257096529006958,0,continue,7.172117326656254,0
35,23,0,-0.04440677469388665,0.9584375,4.257510502007707,1.1222631931304932,0,continue,7.127710551962368,0
35,24,1,-0.5381324233843449,0.9584375,4.357369897238445,1.1967017650604248,0,continue,6.589578128578023,0
35,25,0,-0.6153457572701384,0.9584375,4.494331128491762,1.3440560102462769,0,continue,5.974232371307885,0
35,26,0,-0.4597061714187568,0.9584375,4.5942564721288495,1.454696774482727,0,continue,5.5145261998891275,0
35,27,0,-0.6128085301473787,0.9584375,4.725867780811885,1.575236439704895,0,continue,4.901717669741749,0
35,28,0,-0.3955742197304794,0.9584375,4.8127103397377375,1.6665973663330078,0,continue,4.50614345001127,0
35,29,0,-0.7387180469759658,0.9584375,4.925528954175145,1.735182523727417,0,continue,3.767425403035304,0
35,30,0,-0.6202270308462206,0.9584375,5.018493287339785,1.849086046218872,0,continue,3.1471983721890835,0
35,31,0,-0.8751713962798617,0.9584375,5.161007805517951,1.9232462644577026,0,continue,2.2720269759092218,0
35,32,0,-0.7697531168821712,0.9584375,5.286366540232609,1.7917933464050293,0,continue,1.5022738590270506,0
35,33,0,-0.5825858795586456,0.9584375,5.371564864670523,1.6976439952850342,0,continue,0.919687979468405,0
35,34,2,-0.8665447289631476,0.9584375,5.504810344234775,1.55215322971344,0,continue,0.05314325050525737,0
35,35,1,-1.1458622857804182,0.9584375,5.633961195419943,1.4228339195251465,0,continue,-1.0927190352751608,0
35,36,0,-0.2845053173624629,0.9584375,5.650679946725299,1.4250128269195557,0,continue,-1.3772243526376236,0
35,37,0,-1.097461444435801,0.9584375,5.658716723516566,1.4046372175216675,0,continue,-2.4746857970734246,0
35,38,0,-0.6413368024659238,0.9584375,5.754888553230944,1.3140968084335327,0,continue,-3.1160225995393485,0
35,39,2,-0.9778779870884489,0.9584375,5.908486123856434,1.1584746837615967,0,continue,-4.0939005866277975,0
35,40,2,-0.259532103571508,0.9584375,5.915974921337986,1.1309401988983154,0,continue,-4.3534326901993055,0
35,41,0,-1.1287943924545631,0.9584375,5.912971044908436,1.1454230546951294,0,continue,-5.482227082653869,0
35,42,0,-0.27764877493883977,0.9584375,5.914196657439293,1.127874493598938,0,continue,-5.759875857592708,0
35,43,0,-0.39227876916981647,0.9584375,5.9596034852566575,1.0850423574447632,0,continue,-6.152154626762525,0
35,44,1,-0.5175680251310517,0.9584375,6.022136271911117,1.0558359622955322,0,continue,-6.669722651893577,0
35,45,0,-0.52230904099327,0.9584375,6.09023349288189,1.0073745250701904,0,continue,-7.192031692886847,0
35,46,0,-0.3487149353194614,0.9584375,6.118128356685595,0.9969271421432495,0,continue,-7.540746628206308,0
35,47,1,-0.5616800348538414,0.9584375,6.185859695829716,0.9624740481376648,0,continue,-8.102426663060148,0
35,48,0,-0.69937278634075,0.9584375,6.287585065252131,0.8863648176193237,0,continue,-8.801799449400898,0
35,49,0,-0.6562125660185871,0.9584375,6.381664594797187,0.8405121564865112,0,continue,-9.458012015419484,0
35,50,0,-0.6517132755076372,0.9584375,6.4789047489794145,0.7596215605735779,0,continue,-10.109725290927122,0
35,51,2,-0.6972348885261141,0.9584375,6.577988718850303,0.6733123064041138,0,continue,-10.806960179453236,0
35,52,0,-0.5447463064946145,0.9584375,6.646801777295883,0.6305363774299622,0,continue,-11.351706485947851,0
35,53,0,-0.3482875434068147,0.9584375,6.657648760941756,0.6153694987297058,0,continue,-11.699994029354666,0
35,54,1,-0.5469565118907866,0.9584375,6.726295350923971,0.5741814374923706,0,continue,-12.246950541245454,0
35,55,0,-0.40127742856998505,0.9584375,6.762462303469965,0.5648020505905151,0,continue,-12.648227969815439,0
35,56,0,-0.3498149045978184,0.9584375,6.783466234019362,0.5656930208206177,0,continue,-12.998042874413258,0
35,57,0,-1.2002605279621732,0.9584375,6.901858697346157,0.46075674891471863,0,continue,-14.198303402375432,0
35,58,0,-1.0392298959630712,0.9584375,7.015227591549224,0.37866905331611633,0,continue,-15.237533298338503,0
35,59,0,-1.4798344606337404,0.9584375,7.159534526576313,0.23003555834293365,0,continue,-16.717367758972244,0
35,60,0,-32.02500446985578,0.9584375,7.285139622240008,0.11999999731779099,1,crush,-48.742372228828025,0
36,1,0,0.0,0.95725,5.986760417549226,0.9148569107055664,0,continue,0.0,0
36,2,0,-0.0054435246174599165,0.95725,5.986729923673022,0.918339192867279,0,continue,-0.0054435246174599165,0
36,3,0,0.0008635834245552144,0.95725,5.986757966857808,0.9173476696014404,0,continue,-0.004579941192904702,0
36,4,0,0.005634058645331485,0.95725,5.986706332904496,0.9237592816352844,0,continue,0.001054117452426783,0
36,5,0,-0.00714239820917284,0.95725,5.986759702990114,0.9134740233421326,0,continue,-0.006088280756746057,0
36,6,0,-0.0066381008872230755,0.95725,5.986747155960212,0.9139040112495422,0,continue,-0.012726381643969133,0
36,7,0,0.006172494949762975,0.95725,5.986743887339617,0.9197169542312622,0,continue,-0.006553886694206159,0
36,8,0,-0.006090062268597918,0.95725,5.986744709260946,0.9216170907020569,0,continue,-0.012643948962804076,0
36,9,2,0.0019698619526494097,0.95725,5.986726706137848,0.9219251275062561,0,continue,-0.010674087010154668,0
36,10,0,-0.0665643475056745,0.95725,5.996047974745622,0.9069968461990356,0,continue,-0.07723843451582917,0
36,11,1,0.1136615023011677,0.95725,5.961166798655731,0.9010591506958008,0,continue,0.036423067785338534,0
36,12,0,0.601090022141354,0.95725,5.850018309735974,1.0485204458236694,0,continue,0.6375130899266925,0
36,13,2,0.201508718258941,0.95725,5.816560591145011,1.0752840042114258,0,continue,0.8390218081856335,0
36,14,2,0.5943839275154372,0.95725,5.689679701978373,1.1985578536987305,0,continue,1.4334057357010708,0
36,15,0,-0.012141676953803525,0.95725,5.68544930262703,1.222456455230713,0,continue,1.4212640587472674,0
36,16,0,-0.047788159497052174,0.95725,5.6817027359586545,1.2201844453811646,0,continue,1.3734758992502152,0
36,17,2,0.5627485256697452,0.95725,5.605713552954971,1.2945079803466797,0,continue,1.9362244249199603,0
36,18,0,0.5575152218154772,0.95725,5.504911620452943,1.407392144203186,0,continue,2.4937396467354374,0
36,19,1,0.05184504245027559,0.95725,5.481211189358147,1.4243336915969849,0,continue,2.545584689185713,0
36,20,0,0.26005153056993424,0.95725,5.43263068355994,1.4969301223754883,0,continue,2.8056362197556473,0
36,21,0,0.1111686455279262,0.95725,5.406019174575494,1.4971176385879517,0,continue,2.9168048652835736,0
36,22,0,0.35041057084950566,0.95725,5.340918544419821,1.5889010429382324,0,continue,3.267215436133079,0
36,23,0,0.40275185581550604,0.95725,5.2661311396174755,1.668686866760254,0,continue,3.669967291948585,0
36,24,0,0.38307383257068467,0.95725,5.197770660616658,1.7630566358566284,0,continue,4.05304112451927,0
36,25,2,0.4280130850096701,0.95725,5.123319209088035,1.8497467041015625,0,continue,4.48105420952894,0
36,26,2,0.18013025334319616,0.95725,5.093051312656231,1.8972100019454956,0,continue,4.661184462872137,0
36,27,1,-0.3532895323309321,0.95725,5.0937527523551696,1.9028505086898804,0,continue,4.307894930541204,0
36,28,0,0.10820635434699415,0.95725,5.098613665174269,1.92035973072052,0,continue,4.416101284888199,0
36,29,0,0.002394293935110489,0.95725,5.113523455910602,1.9163113832473755,0,continue,4.418495578823309,0
36,30,0,-0.27064047878285236,0.95725,5.161321858562577,1.8964580297470093,0,continue,4.147855100040457,0
36,31,0,-0.35605247197217954,0.95725,5.2196002899536555,1.8575842380523682,0,continue,3.791802628068277,0
36,32,0,-0.2655683206165809,0.95725,5.267598055259613,1.838566780090332,0,continue,3.526234307451696,0
36,33,1,-0.2467251967469583,0.95725,5.316288448580085,1.8107415437698364,0,continue,3.279509110704738,0
36,34,0,-0.20136773858456955,0.95725,5.344052142473547,1.80258309841156,0,continue,3.0781413721201685,0
36,35,0,-0.33030200735282816,0.95725,5.34149092352899,1.7969759702682495,0,continue,2.7478393647673403,0
36,36,1,0.005855726720910415,0.95725,5.339146302641967,1.8314707279205322,0,continue,2.7536950914882508,0
36,37,2,-0.2642607007351894,0.95725,5.338958177010037,1.8537719249725342,0,continue,2.489434390753061,0
36,38,0,-0.04697887422749667,0.95725,5.343018530358752,1.8395658731460571,0,continue,2.4424555165255644,0
36,39,1,-0.1172794528857624,0.95725,5.351089883405008,1.8482986688613892,0,continue,2.325176063639802,0
36,40,0,-0.10679623512710473,0.95725,5.3665112576261516,1.8410712480545044,0,continue,2.218379828512697,0
36,41,0,-0.22234788510571976,0.95725,5.359421096644778,1.8377430438995361,0,continue,1.9960319434069775,0
36,42,0,0.2801506714013397,0.95725,5.300079548388301,1.88166344165802,0,continue,2.276182614808317,0
36,43,0,0.5054848629203539,0.95725,5.205032545452244,1.868346095085144,0,continue,2.781667477728671,0
36,44,0,0.4580356926704557,0.95725,5.1221826308454865,1.7616426944732666,0,continue,3.239703170399127,0
36,45,0,0.44151235770183017,0.95725,5.040932275310363,1.6422370672225952,0,continue,3.681215528100957,0
36,46,1,0.5128149525310182,0.95725,4.945722229407916,1.5080163478851318,0,continue,4.194030480631975,0
36,47,0,0.2926317302834776,0.95725,4.8934006095748925,1.4046204090118408,0,continue,4.486662210915452,0
36,48,0,0.28412637214273667,0.95725,4.839801671948702,1.3432199954986572,0,continue,4.770788583058189,0
36,49,1,0.4191801861011109,0.95725,4.758133380741197,1.1981390714645386,0,continue,5.1899687691593,0
36,50,1,0.08740482018243775,0.95725,4.740898094926971,1.1744550466537476,0,continue,5.277373589341738,0
36,51,0,-0.40544888651642896,0.95725,4.745592068598772,1.1833343505859375,0,continue,4.871924702825309,0
36,52,0,-0.14645370518801668,0.95725,4.728020039885196,1.1792809963226318,0,continue,4.725470997637292,0
36,53,1,0.6240576228966156,0.95725,4.60099471958419,1.0801852941513062,0,continue,5.349528620533908,0
36,54,0,-0.033643212718358836,0.95725,4.60045526037143,1.0516040325164795,0,continue,5.315885407815549,0
36,55,2,-0.08490143228422632,0.95725,4.603440927905764,1.0341395139694214,0,continue,5.2309839755313225,0
36,56,0,0.3129276055273702,0.95725,4.522553519571401,0.9910150170326233,0,continue,5.543911581058692,0
36,57,2,0.2243873071416447,0.95725,4.483998877349211,0.9932342767715454,0,continue,5.768298888200337,0
36,58,0,0.0029784622204386962,0.95725,4.471064626076541,0.9575808048248291,0,continue,5.7712773504207755,0
36,59,0,0.38821889133282456,0.95725,4.405445541759711,0.9478374123573303,0,continue,6.1594962417536,0
36,60,0,0.6215510088495892,0.95725,4.287554089738216,0.7861502170562744,0,continue,6.781047250603189,0
36,61,1,0.5802710366405579,0.95725,4.172809271439967,0.6410332322120667,0,continue,7.361318287243747,0
36,62,0,0.27269355491482955,0.95725,4.111841661644165,0.5452759861946106,0,continue,7.634011842158577,0
36,63,2,-0.04789181442285584,0.95725,4.11165678246255,0.5556328892707825,0,continue,7.586120027735721,0
36,64,0,0.36516775141695823,0.95725,4.022300859891825,0.47893112897872925,0,continue,7.951287779152679,0
36,65,0,0.14117423454722844,0.95725,3.989628165928101,0.46067073941230774,0,continue,8.092462013699908,0
36,66,0,0.5608042410332581,0.95725,3.841228248546282,0.3156588077545166,0,continue,8.653266254733166,0
36,67,0,-30.253619393323994,0.95725,3.7367286289605004,0.18056172132492065,1,crush,-21.600353138590826,0
37,1,0,0.0,0.9560625,5.973038245338064,0.9218879342079163,0,continue,0.0,0
37,2,0,-0.007754208598120904,0.9560625,5.9730938333493935,0.9280157685279846,0,continue,-0.007754208598120904,0
37,3,2,0.003029159084624733,0.9560625,5.973044346045236,0.9319436550140381,0,continue,-0.004725049513496171,0
37,4,0,-0.1305675942608868,0.9560625,5.985955105423608,0.9132604002952576,0,continue,-0.13529264377438296,0
37,5,0,0.07259952819340248,0.9560625,5.962952085529334,0.9403486847877502,0,continue,-0.06269311558098048,0
37,6,1,0.4641631696818599,0.9560625,5.8678534456907245,1.0053138732910156,0,continue,0.40147005410087944,0
37,7,0,0.4109476996117759,0.9560625,5.793201740934261,1.1107059717178345,0,continue,0.8124177537126553,0
37,8,0,0.16806424809148193,0.9560625,5.757589436004782,1.1250230073928833,0,continue,0.9804820018041372,0
37,9,0,0.6458621958256597,0.9560625,5.637362835690774,1.2444627285003662,0,continue,1.626344197629797,0
37,10,0,0.5960210786775342,0.9560625,5.529413079225391,1.3482224941253662,0,continue,2.222365276307331,0
37,11,0,0.5614874477108155,0.9560625,5.424169057727564,1.4723960161209106,0,continue,2.7838527240181468,0
37,12,1,0.5569999175720964,0.9560625,5.31225567291455,1.5839626789093018,0,continue,3.340852641590243,0
37,13,0,0.416104722616851,0.9560625,5.238099935224606,1.7011853456497192,0,continue,3.756957364207094,0
37,14,0,0.003356223519717247,0.9560625,5.222583789178462,1.7053645849227905,0,continue,3.7603135877268112,0
37,15,1,0.551367776624114,0.9560625,5.112292893041418,1.8306801319122314,0,continue,4.3116813643509255,0
37,16,0,0.23889362054343266,0.9560625,5.066603343670879,1.8755455017089844,0,continue,4.550574984894358,0
37,17,2,0.07925909260481041,0.9560625,5.04220022642372,1.884011149406433,0,continue,4.629834077499169,0
37,18,0,0.6646893589605085,0.9560625,4.9182868064326835,1.8490207195281982,0,continue,5.294523436459677,0
37,19,0,0.24040772967061388,0.9560625,4.8741604201855555,1.8275083303451538,0,continue,5.534931166130291,0
37,20,0,0.7295146968411702,0.9560625,4.73997829929427,1.6736985445022583,0,continue,6.264445862971462,0
37,21,1,0.6675138103200459,0.9560625,4.606414292381528,1.5503475666046143,0,continue,6.931959673291508,0
37,22,0,0.4941661761669252,0.9560625,4.518408772025559,1.444028615951538,0,continue,7.426125849458433,0
37,23,0,0.2956202785627519,0.9560625,4.452667635286871,1.4098495244979858,0,continue,7.721746128021185,0
37,24,0,0.6464582046285502,0.9560625,4.335796347233508,1.2782039642333984,0,continue,8.368204332649736,0
37,25,0,0.752694674240163,0.9560625,4.195284948893186,1.1238746643066406,0,continue,9.120899006889898,0
37,26,0,0.6459616505277895,0.9560625,4.074793075219231,1.037043571472168,0,continue,9.766860657417688,0
37,27,0,0.6401941284416366,0.9560625,3.9577910425716474,0.9013398289680481,0,continue,10.407054785859325,0
37,28,0,0.7269404920753775,0.9560625,3.8239071199616843,0.7657368779182434,0,continue,11.133995277934702,0
37,29,0,0.6331815618755091,0.9560625,3.705683145829811,0.6577163934707642,0,continue,11.76717683981021,0
37,30,1,0.627287100313096,0.9560625,3.580805964346634,0.5328137874603271,0,continue,12.394463940123305,0
37,31,0,0.24255210160718965,0.9560625,3.5304061223080434,0.46344128251075745,0,continue,12.637016041730496,0
37,32,1,-0.0895613632064726,0.9560625,3.5323912151082784,0.4620327651500702,0,continue,12.547454678524023,0
37,33,0,-0.6970262484832478,0.9560625,3.4738040415908755,0.4063403308391571,0,continue,11.850428430040775,0
37,34,0,-0.6707755098024359,0.9560625,3.466472413445785,0.38046392798423767,0,continue,11.17965292023834,0
37,35,1,0.24008230759065816,0.9560625,3.394453062338636,0.35065123438835144,0,continue,11.419735227828998,0
37,36,1,0.10207428156334647,0.9560625,3.3311498232968972,0.27430611848831177,0,continue,11.521809509392344,0
37,37,1,-0.19986317014975813,0.9560625,3.3248444554269327,0.2625659108161926,0,continue,11.321946339242587,0
37,38,0,-2.9342189968459347,0.9560625,3.3259414355802885,0.23327074944972992,0,continue,8.387727342396651,0
37,39,0,-3.019903889770869,0.9560625,3.3417221344752623,0.2444715052843094,0,continue,5.367823452625782,0
37,40,0,-2.75637313195358,0.9560625,3.3832402965521866,0.28835219144821167,0,continue,2.6114503206722017,0
37,41,0,-2.335955256517532,0.9560625,3.428633276185117,0.3358083665370941,0,continue,0.27549506415466984,0
37,42,2,-0.36403661808064075,0.9560625,3.486863617601973,0.3900812566280365,0,continue,-0.0885415539259709,0
37,43,0,-1.6670991550104397,0.9560625,3.5329799771379937,0.4372500777244568,0,continue,-1.7556407089364106,0
37,44,0,-1.3856992833080797,0.9560625,3.5570121526519123,0.47279247641563416,0,continue,-3.1413399922444905,0
37,45,0,-1.2230051404374864,0.9560625,3.571209267569265,0.4721659719944,0,continue,-4.364345132681977,0
37,46,0,-1.2301447833740533,0.9560625,3.6137756188674643,0.49817121028900146,0,continue,-5.59448991605603,0
37,47,0,-0.7113760162916715,0.9560625,3.6515471118558707,0.5162774324417114,0,continue,-6.305865932347702,0
37,48,1,-0.19949126007406726,0.9560625,3.691445363870684,0.5431128144264221,0,continue,-6.505357192421769,0
37,49,0,-0.6746487593946785,0.9560625,3.745997732517503,0.573769211769104,0,continue,-7.180005951816447,0
37,50,0,-0.6791024008757967,0.9560625,3.767299596493169,0.5789534449577332,0,continue,-7.859108352692244,0
37,51,0,-0.9258287263746978,0.9560625,3.836064663610302,0.6056220531463623,0,continue,-8.784937079066943,0
37,52,0,-0.7047016464283702,0.9560625,3.927718124323741,0.6849769353866577,0,continue,-9.489638725495313,0
37,53,0,-0.6912860629100959,0.9560625,4.030920405265135,0.7592733502388,0,continue,-10.18092478840541,0
37,54,0,-0.7734624429602339,0.9560625,4.149782683243421,0.8409299254417419,0,continue,-10.954387231365644,0
37,55,0,-0.5755418371946185,0.9560625,4.230531841148228,0.9133744835853577,0,continue,-11.529929068560262,0
37,56,0,-0.6337795116920033,0.9560625,4.322939786696161,0.9648173451423645,0,continue,-12.163708580252266,0
37,57,2,-0.7083728552139879,0.9560625,4.424154514942541,1.0425291061401367,0,continue,-12.872081435466253,0
37,58,0,-0.5705527902486891,0.9560625,4.501237802735835,1.10071861743927,0,continue,-13.442634225714942,0
37,59,1,-0.32144854262653727,0.9560625,4.509202260669902,1.1043097972869873,0,continue,-13.76408276834148,0
37,60,0,-0.1875234299078482,0.9560625,4.531573475135517,1.11383056640625,0,continue,-13.951606198249328,0
37,61,0,-0.3584343951777489,0.9560625,4.540010972162849,1.113214135169983,0,continue,-14.310040593427077,0
37,62,0,-0.5073915949711778,0.9560625,4.582444770964183,1.1038272380828857,0,continue,-14.817432188398255,0
37,63,0,-0.49406324051202777,0.9560625,4.64093230995721,1.1021521091461182,0,continue,-15.311495428910284,0
37,64,0,-0.5110657969521752,0.9560625,4.702336221947717,1.1223598718643188,0,continue,-15.82256122586246,0
37,65,1,-0.5184949248040565,0.9560625,4.765489081475296,1.1413776874542236,0,continue,-16.341056150666518,0
37,66,0,-0.4257854717427718,0.9560625,4.811257514008081,1.16914701461792,0,continue,-16.766841622409288,0
37,67,0,-0.4896389457990451,0.9560625,4.859743015882995,1.200230360031128,0,continue,-17.25648056820833,0
37,68,1,-0.5898652277434491,0.9560625,4.93692650243969,1.2703146934509277,0,continue,-17.84634579595178,0
37,69,0,0.17960846175917605,0.9560625,4.961115057725307,1.263297438621521,0,continue,-17.666737334192604,0
37,70,0,-0.9567491802628811,0.9560625,4.9747957130308755,1.2500274181365967,0,continue,-18.623486514455486,0
37,71,0,-0.7352339150096585,0.9560625,5.087402767496499,1.1559224128723145,0,continue,-19.358720429465144,0
37,72,2,-0.6873444745262338,0.9560625,5.184394548312754,1.0617132186889648,0,continue,-20.04606490399138,0
37,73,2,-0.8121054636176297,0.9560625,5.306475753240453,0.9180005788803101,0,continue,-20.85817036760901,0
37,74,2,-0.20740138928290075,0.9560625,5.305813006623605,0.9204867482185364,0,continue,-21.06557175689191,0
37,75,2,-0.26705450427823185,0.9560625,5.306736062351838,0.9007101655006409,0,continue,-21.33262626117014,0
37,76,0,-0.6947741277270245,0.9560625,5.307761418229814,0.9148373007774353,0,continue,-22.027400388897167,0
37,77,2,-0.17193944275017065,0.9560625,5.285022774933891,0.8862301707267761,0,continue,-22.199339831647336,0
37,78,0,-0.42714189971471955,0.9560625,5.278235410411124,0.8556918501853943,0,continue,-22.626481731362055,0
37,79,0,-0.7072188738824678,0.9560625,5.233582289258071,0.8518862724304199,0,continue,-23.333700605244523,0
37,80,0,0.5358611963285034,0.9560625,5.093463396162495,0.9275578260421753,0,continue,-22.79783940891602,0
37,81,0,0.47644741871736324,0.9560625,4.966158235837989,0.9866963028907776,0,continue,-22.321391990198656,0
37,82,1,0.8403782132884574,0.9560625,4.836170479343889,1.0470454692840576,0,continue,-21.4810137769102,0
37,83,1,0.3975431968364,0.9560625,4.764342210198175,1.0871860980987549,0,continue,-21.0834705800738,0
37,84,2,-0.5332412014817999,0.9560625,4.761193158948455,1.1102659702301025,0,continue,-21.6167117815556,0
37,85,1,-0.594468251088057,0.9560625,4.76784527177235,1.1153887510299683,0,continue,-22.211180032643657,0
37,86,0,0.03568896358006428,0.9560625,4.764955711460002,1.1208257675170898,0,continue,-22.175491069063593,0
37,87,0,0.13916741804116353,0.9560625,4.726937432908508,1.105657935142517,0,continue,-22.03632365102243,0
37,88,0,0.3376006879398632,0.9560625,4.66939219750891,1.0581474304199219,0,continue,-21.698722963082567,0
37,89,0,0.23604982683422773,0.9560625,4.631650672080758,1.0008660554885864,0,continue,-21.462673136248338,0
37,90,0,0.2523465832846994,0.9560625,4.587920950798975,0.9475782513618469,0,continue,-21.21032655296364,0
37,91,0,0.14975659427326687,0.9560625,4.557282317658909,0.8750183582305908,0,continue,-21.060569958690373,0
37,92,0,0.16464545072420014,0.9560625,4.5232748087995525,0.8465372323989868,0,continue,-20.89592450796617,0
37,93,1,0.3402651177517659,0.9560625,4.490998962422522,0.7714235186576843,0,continue,-20.555659390214405,0
37,94,0,-1.0079630225899523,0.9560625,4.477469864362336,0.7309080958366394,0,continue,-21.563622412804357,0
37,95,2,-0.04865562477629152,0.9560625,4.484678767519771,0.714501678943634,0,continue,-21.612278037580648,0
37,96,0,-0.06842086555915354,0.9560625,4.498362759865984,0.6036384701728821,0,continue,-21.680698903139803,0
37,97,2,-0.03880785789356812,0.9560625,4.492226294478118,0.5668728947639465,0,continue,-21.719506761033372,0
37,98,0,0.731796170542736,0.9560625,4.44389656787479,0.5317164659500122,0,continue,-20.987710590490636,0
37,99,0,-0.7142401274553982,0.9560625,4.44969894608989,0.5253110527992249,0,continue,-21.701950717946033,0
37,100,1,0.8650315160422206,0.9560625,4.425401135398917,0.516065239906311,0,continue,-20.83691920190381,0
37,101,2,0.2000943022663146,0.9560625,4.322559012164214,0.5455504655838013,0,continue,-20.636824899637496,0
37,102,1,0.6022036405583354,0.9560625,4.278433197061478,0.5818861126899719,0,continue,-20.03462125907916,0
37,103,0,0.09938815054612682,0.9560625,4.28062453882277,0.5745368003845215,0,continue,-19.935233108533033,0
37,104,0,-0.03420349229291396,0.9560625,4.27106418478124,0.5950043797492981,0,continue,-19.969436600825947,0
37,105,2,0.04839572258668946,0.9560625,4.258154855191278,0.5372377038002014,0,continue,-19.921040878239257,0
37,106,0,0.04554814275071378,0.9560625,4.24860283738454,0.49485117197036743,0,continue,-19.875492735488542,0
37,107,1,0.7168148464398,0.9560625,4.233441124552065,0.4782940149307251,0,continue,-19.158677889048743,0
37,108,0,-0.5179324990707954,0.9560625,4.236961719045005,0.4578889310359955,0,continue,-19.67661038811954,0
37,109,0,0.36429532857878566,0.9560625,4.181292952843157,0.47784438729286194,0,continue,-19.312315059540754,0
37,110,1,1.1304719724795111,0.9560625,4.091616348023687,0.4930388927459717,0,continue,-18.181843087061242,0
37,111,0,0.13749871396145044,0.9560625,4.0664560840203485,0.4996940791606903,0,continue,-18.044344373099793,0
37,112,0,0.4219058861578037,0.9560625,4.054801493031151,0.5076797604560852,0,continue,-17.62243848694199,0
37,113,0,0.3110037046860976,0.9560625,4.017598459348973,0.48513227701187134,0,continue,-17.311434782255894,0
37,114,0,0.2614288064182445,0.9560625,3.970354929604961,0.4705393314361572,0,continue,-17.05000597583765,0
37,115,0,0.14399888184093076,0.9560625,3.931940602992903,0.4436309337615967,0,continue,-16.90600709399672,0
37,116,0,0.06591618354548229,0.9560625,3.8997074870667054,0.4276895821094513,0,continue,-16.840090910451238,0
37,117,0,-0.01100677354960658,0.9560625,3.8687180425555683,0.3856858015060425,0,continue,-16.851097684000845,0
37,118,1,0.471090856676904,0.9560625,3.845624646626765,0.37414664030075073,0,continue,-16.38000682732394,0
37,119,0,-0.06787766519224926,0.9560625,3.8230986869928443,0.34581318497657776,0,continue,-16.447884492516188,0
37,120,0,0.07329779970000119,0.9560625,3.814703642935632,0.33559754490852356,0,continue,-16.374586692816187,0
37,121,0,-0.2140459463147303,0.9560625,3.80302833612591,0.31298062205314636,0,continue,-16.588632639130918,0
37,122,0,-0.48452586426042205,0.9560625,3.7946424910521763,0.2836073040962219,0,continue,-17.07315850339134,0
37,123,2,-0.2349890331084092,0.9560625,3.7920890935877822,0.25418102741241455,0,continue,-17.30814753649975,0
37,124,0,-0.7690281187586216,0.9560625,3.7924180134194203,0.23432792723178864,0,continue,-18.077175655258372,0
37,125,2,-0.30373820702062804,0.9560625,3.7924760170399057,0.21553006768226624,0,continue,-18.380913862279,0
37,126,0,-1.0145134346879396,0.9560625,3.764244413215138,0.21325212717056274,0,continue,-19.39542729696694,0
37,127,0,-2.1754785549889064,0.9560625,3.757668210919821,0.21986226737499237,0,continue,-21.570905851955846,0
37,128,0,-2.0495026196659616,0.9560625,3.714378833857601,0.23831714689731598,0,continue,-23.620408471621808,0
37,129,1,0.38750015156558726,0.9560625,3.652372503083899,0.2730035185813904,0,continue,-23.23290832005622,0
37,130,0,-1.1312204233214687,0.9560625,3.615077439735528,0.31994354724884033,0,continue,-24.36412874337769,0
37,131,0,-0.3800208868757105,0.9560625,3.5665127631968656,0.33860111236572266,0,continue,-24.7441496302534,0
37,132,2,0.1713003909198932,0.9560625,3.5176117420884587,0.38975995779037476,0,continue,-24.572849239333507,0
37,133,0,-0.2555986231289796,0.9560625,3.505797266292007,0.41546982526779175,0,continue,-24.828447862462486,0
37,134,1,0.33828965021711055,0.9560625,3.4677114506947566,0.42938050627708435,0,continue,-24.490158212245376,0
37,135,0,-0.3550070208726173,0.9560625,3.441709153527073,0.47590622305870056,0,continue,-24.845165233117992,0
37,136,0,0.008171524429547414,0.9560625,3.439954116038166,0.47781726717948914,0,continue,-24.836993708688446,0
37,137,0,0.20409026189222962,0.9560625,3.416978707070904,0.5118586421012878,0,continue,-24.632903446796217,0
37,138,0,0.08495574624079662,0.9560625,3.4016087025265977,0.531766951084137,0,continue,-24.54794770055542,0
37,139,0,0.07303430712026572,0.9560625,3.3910001680310167,0.5128191709518433,0,continue,-24.474913393435152,0
37,140,0,-0.05825454782935757,0.9560625,3.3870999892126874,0.37610700726509094,0,continue,-24.53316794126451,0
37,141,2,-0.24401698388181964,0.9560625,3.386754441930779,0.25360649824142456,0,continue,-24.77718492514633,0
37,142,0,-31.040192387888677,0.9560625,3.3883022547986883,0.1618049144744873,1,crush,-55.81737731303501,0
38,1,0,0.0,0.954875,5.881329759733794,1.0133198499679565,0,continue,0.0,0
38,2,1,0.7290795000044406,0.954875,5.735278516416,1.161116123199463,0,continue,0.7290795000044406,0
38,3,0,0.37603160737366526,0.954875,5.6668194217580945,1.2352911233901978,0,continue,1.105111107378106,0
38,4,1,0.1323507795633086,0.954875,5.629298008069409,1.263998031616211,0,continue,1.2374618869414145,0
38,5,1,0.5158088350773924,0.954875,5.535507296482647,1.350176453590393,0,continue,1.7532707220188068,0
38,6,0,-0.0419420551318395,0.954875,5.535682036751498,1.3887171745300293,0,continue,1.7113286668869674,0
38,7,1,0.45568875312945495,0.954875,5.485291828674249,1.4255670309066772,0,continue,2.1670174200164225,0
38,8,2,-0.16973742330595976,0.954875,5.453803189244604,1.47036612033844,0,continue,1.9972799967104629,0
38,9,0,0.31971678635556944,0.954875,5.453816214397559,1.4720945358276367,0,continue,2.316996783066032,0
38,10,0,-0.5182413113017033,0.954875,5.410679184283767,1.4955164194107056,0,continue,1.7987554717643288,0
38,11,0,0.5299697355101729,0.954875,5.308615146406526,1.5781830549240112,0,continue,2.328725207274502,0
38,12,0,0.5560340157648174,0.954875,5.207811177096405,1.7020968198776245,0,continue,2.8847592230393193,0
38,13,2,0.5833385926058695,0.954875,5.090546307103103,1.8295047283172607,0,continue,3.468097815645189,0
38,14,0,0.49842629937303484,0.954875,4.997216834434462,1.94173002243042,0,continue,3.966524115018224,0
38,15,0,0.049286077211835935,0.954875,4.9738345711071,1.9265005588531494,0,continue,4.0158101922300595,0
38,16,0,0.6299895766728092,0.954875,4.856783310105641,1.8204249143600464,0,continue,4.645799768902869,0
38,17,0,0.6803945747836957,0.954875,4.730293774288922,1.6880940198898315,0,continue,5.326194343686565,0
38,18,0,0.6230616179985967,0.954875,4.61851223538981,1.5607118606567383,0,continue,5.949255961685162,0
38,19,1,0.5153394371320922,0.954875,4.515022455228403,1.4347162246704102,0,continue,6.464595398817254,0
38,20,0,0.5887118735803749,0.954875,4.4026238251553735,1.3501781225204468,0,continue,7.053307272397629,0
38,21,0,0.08539333734334534,0.954875,4.384645598870014,1.2906126976013184,0,continue,7.138700609740974,0
38,22,0,0.4342846962635658,0.954875,4.3265538559182355,1.2285517454147339,0,continue,7.57298530600454,0
38,23,1,0.21070416301352113,0.954875,4.282776506016862,1.1646602153778076,0,continue,7.783689469018061,0
38,24,0,0.11059265494251949,0.954875,4.239859775689781,1.1044752597808838,0,continue,7.89428212396058,0
38,25,0,-0.43665112548417917,0.954875,4.239404488233037,1.0751904249191284,0,continue,7.457630998476401,0
38,26,0,-0.47467641568961666,0.954875,4.248377940811995,1.0527329444885254,0,continue,6.9829545827867845,0
38,27,1,-0.11876303306515479,0.954875,4.270853757987475,1.0424340963363647,0,continue,6.86419154972163,0
38,28,0,-0.14472917988358108,0.954875,4.297955649175035,1.0292394161224365,0,continue,6.719462369838049,0
38,29,1,-0.03452019986390794,0.954875,4.297406140042394,1.0133558511734009,0,continue,6.684942169974141,0
38,30,2,-0.5193051177452346,0.954875,4.340025161896735,1.0327423810958862,0,continue,6.165637052228906,0
38,31,1,-0.37460814590763564,0.954875,4.349329067038195,1.033121109008789,0,continue,5.79102890632127,0
38,32,2,0.14344240326076166,0.954875,4.335990457816615,1.0191373825073242,0,continue,5.934471309582032,0
38,33,0,-0.0036102798504451927,0.954875,4.344029637149352,1.0273069143295288,0,continue,5.930861029731587,0
38,34,0,-0.021299641341447483,0.954875,4.337736880987953,1.022133231163025,0,continue,5.90956138839014,0
38,35,0,0.1725987923121995,0.954875,4.3340870860270995,1.0301365852355957,0,continue,6.082160180702339,0
38,36,2,0.41641025282096283,0.954875,4.321496950402301,0.9906167984008789,0,continue,6.4985704335233025,0
38,37,0,-0.018361608768717036,0.954875,4.314936864448298,0.9449697136878967,0,continue,6.480208824754586,0
38,38,1,0.09232246636769362,0.954875,4.28884785486141,0.933243989944458,0,continue,6.57253129112228,0
38,39,2,0.03246874403413538,0.954875,4.288398719673956,0.8946859240531921,0,continue,6.605000035156415,0
38,40,0,-0.5902533349868793,0.954875,4.282454801448979,0.8980998396873474,0,continue,6.014746700169535,0
38,41,0,0.3001604654688551,0.954875,4.2602239748677,0.8471817374229431,0,continue,6.314907165638391,0
38,42,0,0.07327320424194435,0.954875,4.220417177958805,0.7478209137916565,0,continue,6.388180369880335,0
38,43,0,-0.029002745867087537,0.954875,4.181257376049621,0.6512828469276428,0,continue,6.359177624013248,0
38,44,0,-0.03834096087027233,0.954875,4.151013700902279,0.5687034130096436,0,continue,6.320836663142976,0
38,45,0,-0.048520178146192715,0.954875,4.126251141337928,0.5103691816329956,0,continue,6.272316484996783,0
38,46,0,-0.11573840668134511,0.954875,4.103599019129096,0.4467347264289856,0,continue,6.156578078315438,0
38,47,2,0.20177939411954354,0.954875,4.08828229972834,0.46145686507225037,0,continue,6.358357472434982,0
38,48,2,0.2561663304697192,0.954875,4.0767971221581245,0.4904980957508087,0,continue,6.614523802904701,0
38,49,1,-0.31249901207641834,0.954875,4.074524479263662,0.5030064582824707,0,continue,6.302024790828283,0
38,50,0,0.9930298900898221,0.954875,4.085086486273368,0.5310160517692566,0,continue,7.295054680918105,0
38,51,1,0.3107732981931279,0.954875,4.070692172400846,0.5320778489112854,0,continue,7.6058279791112335,0
38,52,0,-0.9549674518867406,0.954875,4.043073175462062,0.5691453814506531,0,continue,6.650860527224493,0
38,53,0,1.0602600077350057,0.954875,4.042377027685962,0.570051372051239,0,continue,7.711120534959499,0
38,54,0,-0.018160508544337817,0.954875,4.045586306234335,0.6676608324050903,0,continue,7.692960026415161,0
38,55,0,-0.047687559544566674,0.954875,4.05406491301565,0.7631810903549194,0,continue,7.645272466870594,0
38,56,0,-0.05555546387009105,0.954875,4.0642926246991875,0.8545477986335754,0,continue,7.589717003000503,0
38,57,0,-0.08985428795499273,0.954875,4.081260041988462,0.9655491709709167,0,continue,7.49986271504551,0
38,58,1,-0.12737661746111387,0.954875,4.1056239914649195,0.8443630337715149,0,continue,7.372486097584396,0
38,59,0,-1.4465218970129234,0.954875,4.1135590249294935,0.808347225189209,0,continue,5.925964200571473,0
38,60,1,-0.27012435024247317,0.954875,4.160506487640133,0.7398550510406494,0,continue,5.6558398503289995,0
38,61,0,-0.1339654688525881,0.954875,4.180308680886429,0.6828867793083191,0,continue,5.521874381476412,0
38,62,2,-0.060047431728983594,0.954875,4.179643882110403,0.6801378726959229,0,continue,5.4618269497474286,0
38,63,2,-0.507479653258651,0.954875,4.237117854487429,0.6111859679222107,0,continue,4.954347296488778,0
38,64,1,-0.5783924182472453,0.954875,4.236435498635822,0.6237519383430481,0,continue,4.375954878241533,0
38,65,2,-0.5910805153025942,0.954875,4.246476266702572,0.5890571475028992,0,continue,3.7848743629389388,0
38,66,0,-0.23913906923431544,0.954875,4.246951258909595,0.5705409049987793,0,continue,3.5457352937046234,0
38,67,1,-0.28365642638977107,0.954875,4.2491130081912605,0.5648568868637085,0,continue,3.262078867314852,0
38,68,0,0.06362846513773135,0.954875,4.206050993346434,0.5474437475204468,0,continue,3.3257073324525837,0
38,69,0,0.008077025915865205,0.954875,4.205248926797435,0.564149796962738,0,continue,3.3337843583684488,0
38,70,0,0.4463929950232541,0.954875,4.171437719631045,0.5393295884132385,0,continue,3.7801773533917027,0
38,71,1,0.07569854670966236,0.954875,4.146066664420959,0.46338966488838196,0,continue,3.855875900101365,0
38,72,1,-0.013464243708446955,0.954875,4.131604468314404,0.42596200108528137,0,continue,3.842411656392918,0
38,73,0,-0.2884179921629769,0.954875,4.130852483658818,0.42106035351753235,0,continue,3.553993664229941,0
38,74,1,-0.37772587089906484,0.954875,4.144437906633406,0.43739452958106995,0,continue,3.1762677933308763,0
38,75,0,-0.7766438661275237,0.954875,4.159207904502403,0.39979255199432373,0,continue,2.3996239272033524,0
38,76,1,-0.4558387931311947,0.954875,4.181067362656089,0.38171130418777466,0,continue,1.9437851340721577,0
38,77,0,-2.563174971635346,0.954875,4.238129731160381,0.3221120834350586,0,continue,-0.6193898375631883,0
38,78,0,-0.9088807249447277,0.954875,4.26662507123097,0.303192138671875,0,continue,-1.528270562507916,0
38,79,0,-1.8646751930621654,0.954875,4.3691315749589466,0.2495836317539215,0,continue,-3.3929457555700813,0
38,80,0,-33.33282743977447,0.954875,4.4815038409651144,0.16752015054225922,1,crush,-36.72577319534455,0
39,1,0,0.0,0.9536875,5.752168603833946,1.1326435804367065,0,continue,0.0,0
39,2,0,0.669684889362034,0.9536875,5.627092554224924,1.2549229860305786,0,continue,0.669684889362034,0
39,3,0,0.7348953852654034,0.9536875,5.491548805987007,1.4090839624404907,0,continue,1.4045802746274374,0
39,4,0,0.8376942238054153,0.9536875,5.338232373719447,1.5579068660736084,0,continue,2.2422744984328524,0
39,5,0,0.6909600998897475,0.9536875,5.212217185210916,1.706560730934143,0,continue,2.9332345983226,0
39,6,0,0.7375627651145608,0.9536875,5.076585207533239,1.8446117639541626,0,continue,3.6707973634371607,0
39,7,0,0.6597084986849323,0.9536875,4.949695236099267,1.9283478260040283,0,continue,4.330505862122093,0
39,8,0,0.6487384061863033,0.9536875,4.831154867971411,1.8050463199615479,0,continue,4.979244268308396,0
39,9,1,0.721954333024963,0.9536875,4.686653320885117,1.7121150493621826,0,continue,5.70119860133336,0
39,10,0,0.5361868848836833,0.9536875,4.592651718732281,1.5505554676055908,0,continue,6.237385486217043,0
39,11,0,0.5118138851829026,0.9536875,4.498104842142659,1.4982389211654663,0,continue,6.749199371399946,0
39,12,0,0.8221344581022263,0.9536875,4.344949287662119,1.3487510681152344,0,continue,7.571333829502173,0
39,13,2,0.7628037951161338,0.9536875,4.192372507256482,1.2022783756256104,0,continue,8.334137624618307,0
39,14,0,0.35537614348341934,0.9536875,4.125980856952524,1.0995925664901733,0,continue,8.689513768101726,0
39,15,0,0.31576965441137456,0.9536875,4.048182783470164,1.0610066652297974,0,continue,9.0052834225131,0
39,16,0,0.6284839140441979,0.9536875,3.934572349287463,0.9239394068717957,0,continue,9.633767336557298,0
39,17,0,0.5071536287149733,0.9536875,3.840560826532751,0.8253279328346252,0,continue,10.140920965272272,0
39,18,0,0.6293440494156298,0.9536875,3.725725346894986,0.6873295307159424,0,continue,10.770265014687903,0
39,19,0,0.6570990103119865,0.9536875,3.6013376297434725,0.6022396087646484,0,continue,11.42736402499989,0
39,20,0,0.684497370536198,0.9536875,3.4720557521523054,0.45844244956970215,0,continue,12.111861395536087,0
39,21,0,0.5643709561661044,0.9536875,3.333683661278347,0.333170622587204,0,continue,12.676232351702192,0
39,22,0,-0.09762479244871883,0.9536875,3.205753535202955,0.20704220235347748,0,continue,12.578607559253472,0
39,23,1,-29.994004983161854,0.9536875,3.1107561585776295,0.11999999731779099,1,crush,-17.41539742390838,0
40,1,0,0.0,0.9525,5.9067087739761455,0.9803024530410767,0,continue,0.0,0
40,2,0,0.5643076927343452,0.9525,5.800304840271231,1.074948787689209,0,continue,0.5643076927343452,0
40,3,2,0.4244863168451001,0.9525,5.715074524469994,1.1875077486038208,0,continue,0.9887940095794453,0
40,4,0,0.26187259575086563,0.9525,5.665431983613212,1.2602046728134155,0,continue,1.250666605330311,0
40,5,0,0.1427818179106825,0.9525,5.619452207492343,1.3066121339797974,0,continue,1.3934484232409936,0
40,6,1,0.6354538357145172,0.9525,5.498003723026039,1.4230862855911255,0,continue,2.028902258955511,0
40,7,0,0.48376840144296474,0.9525,5.403716356116493,1.514687418937683,0,continue,2.5126706603984754,0
40,8,1,0.2554851618864596,0.9525,5.384327248927832,1.519687294960022,0,continue,2.768155822284935,0
40,9,2,0.09566206975952524,0.9525,5.305052022448187,1.6155915260314941,0,continue,2.86381789204446,0
40,10,1,-0.13168492093702608,0.9525,5.295115850061724,1.6326806545257568,0,continue,2.732132971107434,0
40,11,0,-0.07836770203701421,0.9525,5.289019177200102,1.6470811367034912,0,continue,2.6537652690704197,0
40,12,1,-0.02752288804601883,0.9525,5.285910722465612,1.6339324712753296,0,continue,2.626242381024401,0
40,13,0,0.5792397178111318,0.9525,5.176512130082574,1.7314237356185913,0,continue,3.2054820988355326,0
40,14,2,0.005180985223301772,0.9525,5.168068040665244,1.7390954494476318,0,continue,3.2106630840588344,0
40,15,0,0.5895880380280406,0.9525,5.049767566137092,1.8348939418792725,0,continue,3.800251122086875,0
40,16,0,0.2119562619976868,0.9525,5.006398889160015,1.8951870203018188,0,continue,4.012207384084562,0
40,17,0,0.5229300371712111,0.9525,4.9003476910866075,1.8607707023620605,0,continue,4.535137421255772,0
40,18,0,0.6793182751318625,0.9525,4.773645971346323,1.7401154041290283,0,continue,5.214455696387635,0
40,19,1,0.6456459120408262,0.9525,4.644280478388658,1.6167024374008179,0,continue,5.860101608428461,0
40,20,0,0.26073979505867784,0.9525,4.595608911023312,1.5601551532745361,0,continue,6.120841403487138,0
40,21,0,0.19319507592503532,0.9525,4.556253966282538,1.5431636571884155,0,continue,6.314036479412174,0
40,22,0,0.34769098069880905,0.9525,4.47984136923213,1.4383131265640259,0,continue,6.661727460110983,0
40,23,0,0.6210207067813204,0.9525,4.362600639340479,1.342320203781128,0,continue,7.282748166892303,0
40,24,0,0.5484418985827201,0.9525,4.2621524186592525,1.2228938341140747,0,continue,7.831190065475023,0
40,25,0,0.7697603423786531,0.9525,4.119774040888966,1.087336778640747,0,continue,8.600950407853675,0
40,26,0,0.622427752838987,0.9525,4.004070826763298,0.9591268301010132,0,continue,9.223378160692663,0
40,27,0,0.6833938147175703,0.9525,3.8760279896595984,0.8587824702262878,0,continue,9.906771975410233,0
40,28,1,0.6236445274270724,0.9525,3.7512103675896564,0.7097751498222351,0,continue,10.530416502837307,0
40,29,0,0.6211339337123438,0.9525,3.637234263395477,0.5638332366943359,0,continue,11.15155043654965,0
40,30,0,0.05148752525880027,0.9525,3.621793352117273,0.5391231179237366,0,continue,11.20303796180845,0
40,31,0,0.543103376021586,0.9525,3.5157427800371237,0.4448464810848236,0,continue,11.746141337830036,0
40,32,2,0.4084615254962929,0.9525,3.414173535974229,0.3627430498600006,0,continue,12.154602863326328,0
40,33,1,-0.17720686597228616,0.9525,3.331579313740371,0.2262268364429474,0,continue,11.977395997354042,0
40,34,0,-2.115481498018071,0.9525,3.32953576737435,0.2122567743062973,0,continue,9.86191449933597,0
40,35,0,-2.7773185813652246,0.9525,3.326972041115959,0.20264871418476105,0,continue,7.084595917970746,0
40,36,0,-33.20340426138253,0.9525,3.3025405175708062,0.1513092964887619,1,crush,-26.118808343411786,0
41,1,1,0.011154145002365112,0.9513125,5.820814164314682,1.1029142141342163,0,continue,0.011154145002365112,0
41,2,0,-0.07518008109059919,0.9513125,5.817917754751529,1.1042711734771729,0,continue,-0.06402593608823408,0
41,3,0,0.12162248065559722,0.9513125,5.795593696471331,1.1139332056045532,0,continue,0.05759654456736314,0
41,4,2,0.33120884568217185,0.9513125,5.726417286201346,1.1657274961471558,0,continue,0.388805390249535,0
41,5,0,0.3910187977109179,0.9513125,5.6587087483725265,1.2481509447097778,0,continue,0.7798241879604528,0
41,6,0,0.30286765550204076,0.9513125,5.5997538079600595,1.3040809631347656,0,continue,1.0826918434624937,0
41,7,0,0.4894016593237617,0.9513125,5.517512360675715,1.3900028467178345,0,continue,1.5720935027862555,0
41,8,1,0.4294780013525227,0.9513125,5.451073849849302,1.4842287302017212,0,continue,2.001571504138778,0
41,9,0,0.10197344407233706,0.9513125,5.4378150768857,1.496843695640564,0,continue,2.1035449482111153,0
41,10,0,0.40663937871102107,0.9513125,5.434723372484785,1.5227073431015015,0,continue,2.510184326922136,0
41,11,0,-0.1620728338933711,0.9513125,5.435291806744127,1.5440675020217896,0,continue,2.348111493028765,0
41,12,0,-0.05956450636220991,0.9513125,5.446572637248804,1.5527805089950562,0,continue,2.2885469866665553,0
41,13,0,-0.08522312475260041,0.9513125,5.4592824974289575,1.5610216856002808,0,continue,2.203323861913955,0
41,14,0,-0.08718556642240892,0.9513125,5.473589862899814,1.5726317167282104,0,continue,2.116138295491546,0
41,15,0,-0.07429279480755395,0.9513125,5.488978121407102,1.5832916498184204,0,continue,2.0418455006839924,0
41,16,0,-0.12362865987089648,0.9513125,5.511065980778515,1.5853607654571533,0,continue,1.918216840813096,0
41,17,1,-0.1403086635796022,0.9513125,5.538314354294389,1.5960581302642822,0,continue,1.7779081772334937,0
41,18,0,-0.10246650795732384,0.9513125,5.551732340150235,1.5966812372207642,0,continue,1.6754416692761698,0
41,19,0,-0.2582448427038589,0.9513125,5.57455719214409,1.5881274938583374,0,continue,1.417196826572311,0
41,20,0,-0.20994882994303343,0.9513125,5.6197328521507695,1.5881112813949585,0,continue,1.2072479966292775,0
41,21,0,-0.24117706935303715,0.9513125,5.669048631585902,1.5663479566574097,0,continue,0.9660709272762403,0
41,22,0,-0.27661161858435385,0.9513125,5.724359872864636,1.5533260107040405,0,continue,0.6894593086918865,0
41,23,0,-0.24145810287068906,0.9513125,5.774114347964779,1.5499547719955444,0,continue,0.4480012058211975,0
41,24,0,-0.4546830945597808,0.9513125,5.8262430418195255,1.540757179260254,0,continue,-0.006681888738583275,0
41,25,0,-0.4526282148853395,0.9513125,5.878158233723515,1.5373265743255615,0,continue,-0.45931010362392277,0
41,26,2,-0.4692540113003471,0.9513125,5.931523299346997,1.5316044092178345,0,continue,-0.9285641149242698,0
41,27,0,-0.5049156255720806,0.9513125,5.991967702479698,1.4194602966308594,0,continue,-1.4334797404963504,0
41,28,0,-0.10268767698272163,0.9513125,5.995362368136282,1.3962844610214233,0,continue,-1.536167417479072,0
41,29,0,-0.6809570596485952,0.9513125,6.015496680288132,1.2744433879852295,0,continue,-2.2171244771276672,0
41,30,0,-0.2561053403268713,0.9513125,6.033544647346639,1.1757980585098267,0,continue,-2.4732298174545386,0
41,31,2,-0.3331993396742591,0.9513125,6.0597914774879245,1.0341240167617798,0,continue,-2.8064291571287976,0
41,32,2,-0.2637429142079421,0.9513125,6.068940802462021,0.9500135183334351,0,continue,-3.0701720713367395,0
41,33,2,-0.26788686099902814,0.9513125,6.06985833396519,0.9405062794685364,0,continue,-3.338058932335768,0
41,34,0,-0.3227761241188342,0.9513125,6.069183823309821,0.9272788166999817,0,continue,-3.660835056454602,0
41,35,2,-0.0494956871361491,0.9513125,6.024122380445232,0.9239988923072815,0,continue,-3.710330743590751,0
41,36,0,-0.5543226538137811,0.9513125,6.012547399417182,0.9153034687042236,0,continue,-4.264653397404532,0
41,37,0,-0.3774233835536768,0.9513125,6.009908254804653,0.9114037156105042,0,continue,-4.6420767809582095,0
41,38,0,0.29893722800365796,0.9513125,5.911018714236781,0.9801819324493408,0,continue,-4.343139552954551,0
41,39,0,0.36115189189106106,0.9513125,5.810934365483973,1.1415162086486816,0,continue,-3.9819876610634903,0
41,40,0,0.44738228133577046,0.9513125,5.693851313245751,1.2903531789779663,0,continue,-3.53460537972772,0
41,41,1,0.4298908314005689,0.9513125,5.592466873689786,1.4013060331344604,0,continue,-3.104714548327151,0
41,42,0,0.13611348609529197,0.9513125,5.566164737299104,1.4545093774795532,0,continue,-2.9686010622318593,0
41,43,0,0.039158767201264204,0.9513125,5.556250702388281,1.4405789375305176,0,continue,-2.929442295030595,0
41,44,2,0.6251587652518429,0.9513125,5.428243787300803,1.5204793214797974,0,continue,-2.3042835297787523,0
41,45,1,0.4019166025927398,0.9513125,5.310878439980136,1.5908727645874023,0,continue,-1.9023669271860124,0
41,46,2,0.04314822303645928,0.9513125,5.240716097070846,1.6420730352401733,0,continue,-1.8592187041495531,0
41,47,0,-0.20527607529046749,0.9513125,5.2263849670548455,1.6511921882629395,0,continue,-2.064494779440021,0
41,48,0,0.10921880016982348,0.9513125,5.206481456144258,1.6524685621261597,0,continue,-1.9552759792701973,0
41,49,1,0.8240553997169424,0.9513125,5.077804559262781,1.5954841375350952,0,continue,-1.1312205795532548,0
41,50,0,0.5545809938232095,0.9513125,4.973371706117821,1.4962908029556274,0,continue,-0.5766395857300454,0
41,51,0,0.3275310880337722,0.9513125,4.913794791961101,1.4534465074539185,0,continue,-0.2491084976962732,0
41,52,2,0.5985330866597542,0.9513125,4.793115742630528,1.369080901145935,0,continue,0.34942458896348105,0
41,53,2,0.4608209766513479,0.9513125,4.700699811484811,1.2877562046051025,0,continue,0.810245565614829,0
41,54,0,-0.030574922969276906,0.9513125,4.683013517382148,1.2669814825057983,0,continue,0.7796706426455521,0
41,55,2,-0.04149153835181316,0.9513125,4.683003937866266,1.2565996646881104,0,continue,0.7381791042937389,0
41,56,1,0.3532816058193557,0.9513125,4.616218970179272,1.2455662488937378,0,continue,1.0914607101130946,0
41,57,1,0.22509371238306994,0.9513125,4.608748865785052,1.213296890258789,0,continue,1.3165544224961645,0
41,58,0,-0.04750385864455162,0.9513125,4.610685076142386,1.220452904701233,0,continue,1.269050563851613,0
41,59,0,0.07396551716949155,0.9513125,4.583920119543932,1.2342700958251953,0,continue,1.3430160810211045,0
41,60,0,0.4890183776627579,0.9513125,4.493947201668439,1.175693392753601,0,continue,1.8320344586838624,0
41,61,1,0.8173557292884287,0.9513125,4.413450796576273,1.1370556354522705,0,continue,2.649390187972291,0
41,62,0,0.23831445546321722,0.9513125,4.37193788552257,1.1229307651519775,0,continue,2.8877046434355083,0
41,63,2,0.08439845463090564,0.9513125,4.349314479042472,1.1246672868728638,0,continue,2.972103098066414,0
41,64,0,0.4434713565982694,0.9513125,4.272155139382361,1.0626273155212402,0,continue,3.415574454664683,0
41,65,0,0.19912692518055547,0.9513125,4.233978133721226,1.0455939769744873,0,continue,3.6147013798452385,0
41,66,0,0.40735264410035515,0.9513125,4.15697971964839,0.9883115887641907,0,continue,4.022054023945594,0
41,67,0,0.4071181527502837,0.9513125,4.077859948698035,0.9364610314369202,0,continue,4.429172176695878,0
41,68,0,0.42797952639040504,0.9513125,3.996144165646945,0.8900676369667053,0,continue,4.8571517030862825,0
41,69,0,0.3578313845467079,0.9513125,3.929357094481065,0.834557056427002,0,continue,5.214983087632991,0
41,70,2,0.32128206642093676,0.9513125,3.864351633146165,0.7932647466659546,0,continue,5.536265154053927,0
41,71,0,0.24743652126230517,0.9513125,3.8188283448498552,0.7329011559486389,0,continue,5.783701675316232,0
41,72,0,0.06467792318351497,0.9513125,3.8170981745934216,0.7293933629989624,0,continue,5.848379598499747,0
41,73,0,-1.4118358874101704,0.9513125,3.835279525486869,0.753527045249939,0,continue,4.436543711089577,0
41,74,0,-0.08825996665531424,0.9513125,3.856933067250029,0.7788363099098206,0,continue,4.348283744434263,0
41,75,2,-0.11665292801217131,0.9513125,3.879846515409238,0.7982771396636963,0,continue,4.231630816422092,0
41,76,2,-0.13925306830162798,0.9513125,3.90653632219266,0.8325873017311096,0,continue,4.092377748120464,0
41,77,0,-0.184383057856179,0.9513125,3.9097102976802094,0.8302600383758545,0,continue,3.9079946902642853,0
41,78,0,-0.25814781673904974,0.9513125,3.910662096491457,0.840367317199707,0,continue,3.6498468735252354,0
41,79,2,-0.3223107584633881,0.9513125,3.9714776282347337,0.8615379333496094,0,continue,3.3275361150618474,0
41,80,0,-0.41219507859854126,0.9513125,4.061165051370326,0.9642488360404968,0,continue,2.9153410364633063,0
41,81,1,-0.4785877372163481,0.9513125,4.156273536255334,1.0259252786636353,0,continue,2.4367532992469583,0
41,82,0,-0.3755618732450609,0.9513125,4.233228607459559,1.119744062423706,0,continue,2.0611914260018973,0
41,83,0,-0.48125509585167026,0.9513125,4.336888235557686,1.1864296197891235,0,continue,1.5799363301502272,0
41,84,0,-0.6770300008489201,0.9513125,4.440960400535848,1.318833827972412,0,continue,0.9029063293013071,0
41,85,2,-0.7244574551294933,0.9513125,4.545479961495512,1.4178117513656616,0,continue,0.17844887417181376,0
41,86,0,-0.7003794599838511,0.9513125,4.653642705963408,1.5354551076889038,0,continue,-0.5219305858120373,0
41,87,1,-0.5845442046586486,0.9513125,4.7211006029583835,1.5703824758529663,0,continue,-1.106474790470686,0
41,88,0,-0.7325173361609174,0.9513125,4.834910641846806,1.6653858423233032,0,continue,-1.8389921266316034,0
41,89,0,-0.4061288475031827,0.9513125,4.869906023863732,1.686529278755188,0,continue,-2.245120974134786,0
41,90,0,-0.6996324291474076,0.9513125,4.9798727656954895,1.806419849395752,0,continue,-2.944753403282194,0
41,91,0,-0.8706939969752985,0.9513125,5.122918965445624,1.943873405456543,0,continue,-3.8154474002574923,0
41,92,1,-0.8689682378614811,0.9513125,5.256425559665557,1.8176733255386353,0,continue,-4.684415638118973,0
41,93,0,-0.5054087098819806,0.9513125,5.323662456441051,1.717593789100647,0,continue,-5.189824348000954,0
41,94,0,-0.11485158051551153,0.9513125,5.320737217606354,1.7373878955841064,0,continue,-5.304675928516466,0
41,95,0,-0.44510531217059623,0.9513125,5.3949518073407985,1.6701804399490356,0,continue,-5.749781240687062,0
41,96,2,-0.5832390398244613,0.9513125,5.470716319020859,1.6131267547607422,0,continue,-6.333020280511523,0
41,97,0,-0.6502791460323676,0.9513125,5.55002429147353,1.5609782934188843,0,continue,-6.983299426543891,0
41,98,0,-0.4255291883403241,0.9513125,5.593831389641295,1.5471776723861694,0,continue,-7.408828614884214,0
41,99,0,-0.6640417284175795,0.9513125,5.668902727376791,1.492618203163147,0,continue,-8.072870343301794,0
41,100,0,-0.7067005786256406,0.9513125,5.779244858996546,1.417991042137146,0,continue,-8.779570921927435,0
41,101,0,-0.6265922949004743,0.9513125,5.872499475415952,1.340273380279541,0,continue,-9.40616321682791,0
41,102,1,-0.7298221766385757,0.9513125,5.9781697255120845,1.2543416023254395,0,continue,-10.135985393466486,0
41,103,0,-0.8928112806235791,0.9513125,6.128915668538242,1.1269937753677368,0,continue,-11.028796674090065,0
41,104,0,-0.5145322929717421,0.9513125,6.1650920656386,1.0979536771774292,0,continue,-11.543328967061807,0
41,105,0,-0.9374552818331376,0.9513125,6.268563155910002,1.0190012454986572,0,continue,-12.480784248894945,0
41,106,2,-0.7173935235860769,0.9513125,6.371631604792913,0.9171255230903625,0,continue,-13.198177772481023,0
41,107,2,-0.48843346545596283,0.9513125,6.42767162922467,0.8853397965431213,0,continue,-13.686611237936985,0
41,108,0,0.04375877670104539,0.9513125,6.428641635346088,0.8983228802680969,0,continue,-13.64285246123594,0
41,109,0,-1.1370802276811895,0.9513125,6.445485558402052,0.8838471174240112,0,continue,-14.779932688917128,0
41,110,0,-0.8484980850032728,0.9513125,6.583815579053459,0.7751531004905701,0,continue,-15.628430773920401,0
41,111,2,-0.8943278456143491,0.9513125,6.722212878401361,0.644028902053833,0,continue,-16.522758619534752,0
41,112,0,-0.3540122862831416,0.9513125,6.755150792906152,0.5519895553588867,0,continue,-16.876770905817892,0
41,113,0,-0.921616055530841,0.9513125,6.855707218504231,0.4613836705684662,0,continue,-17.798386961348733,0
41,114,0,-0.9692290270924662,0.9513125,6.971067934903865,0.30700182914733887,0,continue,-18.7676159884412,0
41,115,0,-31.444325694491784,0.9513125,7.08599987860307,0.19922223687171936,1,crush,-50.21194168293299,0
42,1,0,0.0,0.950125,5.711178734880708,1.1302236318588257,0,continue,0.0,0
42,2,0,0.7939952652729463,0.950125,5.566194556265832,1.2939144372940063,0,continue,0.7939952652729463,0
42,3,0,0.7357644126462438,0.950125,5.431558474570795,1.4616929292678833,0,continue,1.52975967791919,0
42,4,0,0.6437329168226705,0.950125,5.314330536104705,1.5656013488769531,0,continue,2.1734925947418606,0
42,5,0,0.7254895810944028,0.950125,5.178997699266407,1.7110393047332764,0,continue,2.8989821758362635,0
42,6,0,0.7187022250114888,0.950125,5.046087655376108,1.8436651229858398,0,continue,3.6176844008477524,0
42,7,1,0.5584394016452007,0.950125,4.935270717163761,1.9323124885559082,0,continue,4.1761238024929535,0
42,8,0,0.6781522359596267,0.950125,4.810138838193074,1.8055469989776611,0,continue,4.85427603845258,0
42,9,0,0.8328023064240094,0.950125,4.657150317289392,1.6525931358337402,0,continue,5.68707834487659,0
42,10,0,0.2072951616342632,0.950125,4.61792123752663,1.576590657234192,0,continue,5.894373506510854,0
42,11,0,0.40232848582732944,0.950125,4.531465382943159,1.516919732093811,0,continue,6.296701992338183,0
42,12,0,0.7074925365859883,0.950125,4.398001716065616,1.3796800374984741,0,continue,7.004194528924171,0
42,13,0,0.7849188777284067,0.950125,4.255051937980624,1.2319647073745728,0,continue,7.789113406652578,0
42,14,0,0.7012129730133391,0.950125,4.125245961550989,1.1000094413757324,0,continue,8.490326379665916,0
42,15,0,0.760022719685483,0.950125,3.9847286934739397,0.9523047208786011,0,continue,9.2503490993514,0
42,16,0,0.7000017183313358,0.950125,3.8530353424808688,0.8539607524871826,0,continue,9.950350817682736,0
42,17,0,0.6473309986312606,0.950125,3.7316536930900823,0.7170888185501099,0,continue,10.597681816313997,0
42,18,0,0.6597594294414484,0.950125,3.6120595374446234,0.5882145166397095,0,continue,11.257441245755446,0
42,19,0,0.5703988446198407,0.950125,3.505651360074367,0.47390419244766235,0,continue,11.827840090375286,0
42,20,0,0.4458059175734068,0.950125,3.382567267971304,0.3294421136379242,0,continue,12.273646007948694,0
42,21,0,0.0775948836580796,0.950125,3.2736061937924767,0.25276172161102295,0,continue,12.351240891606773,0
42,22,2,-29.858747224156396,0.950125,3.15552003342681,0.13097521662712097,1,crush,-17.507506332549625,0
43,1,0,0.0,0.9489375,5.920529050820462,0.9577860236167908,0,continue,0.0,0
43,2,0,0.6257449959376562,0.9489375,5.8014663766200085,1.078725814819336,0,continue,0.6257449959376562,0
43,3,0,0.49585214830828844,0.9489375,5.710308158210451,1.174667239189148,0,continue,1.1215971442459447,0
43,4,0,0.46419067254393054,0.9489375,5.626578677111574,1.294299840927124,0,continue,1.5857878167898751,0
43,5,2,0.6770820363323532,0.9489375,5.517951196578125,1.400148868560791,0,continue,2.262869853122228,0
43,6,0,0.5607526955648149,0.9489375,5.41519527726018,1.5230199098587036,0,continue,2.823622548687043,0
43,7,2,0.5964363270427927,0.9489375,5.320783238932817,1.622140884399414,0,continue,3.420058875729836,0
43,8,0,-0.07381801648969255,0.9489375,5.314351543024428,1.6160507202148438,0,continue,3.3462408592401434,0
43,9,0,0.15240024170084437,0.9489375,5.282967167479208,1.6760188341140747,0,continue,3.4986411009409877,0
43,10,0,0.026034993581997103,0.9489375,5.281527766094725,1.7072999477386475,0,continue,3.524676094522985,0
43,11,1,-0.022501760437850748,0.9489375,5.284862626480586,1.7288516759872437,0,continue,3.5021743340851343,0
43,12,0,-0.04091405462066682,0.9489375,5.291125084619011,1.7304662466049194,0,continue,3.4612602794644673,0
43,13,2,-0.030567682014799046,0.9489375,5.292082138303589,1.729922890663147,0,continue,3.4306925974496685,0
43,14,0,-0.03161413860290034,0.9489375,5.280909052030771,1.7483195066452026,0,continue,3.399078458846768,0
43,15,0,0.012268168842578399,0.9489375,5.27796695811923,1.7540886402130127,0,continue,3.4113466276893463,0
43,16,0,0.053202054767257194,0.9489375,5.269173473683656,1.7894117832183838,0,continue,3.4645486824566034,0
43,17,1,0.02442940275659642,0.9489375,5.263491576561545,1.8308528661727905,0,continue,3.4889780852132,0
43,18,0,-0.002814920564125644,0.9489375,5.261854947434966,1.8419055938720703,0,continue,3.4861631646490743,0
43,19,0,0.06214667980860185,0.9489375,5.24811894486474,1.8777620792388916,0,continue,3.548309844457676,0
43,20,0,0.10232260711759503,0.9489375,5.230089381875401,1.9177411794662476,0,continue,3.650632451575271,0
43,21,0,0.09332482632316909,0.9489375,5.2142869924622826,1.9040565490722656,0,continue,3.74395727789844,0
43,22,0,0.10129990455878116,0.9489375,5.199042095415126,1.836255431175232,0,continue,3.845257182457221,0
43,23,2,0.05520065871461162,0.9489375,5.187245364284684,1.7760955095291138,0,continue,3.9004578411718325,0
43,24,0,0.030693281180241123,0.9489375,5.183251378901802,1.74513840675354,0,continue,3.9311511223520736,0
43,25,1,-0.09830916957012556,0.9489375,5.196698502612924,1.72194504737854,0,continue,3.832841952781948,0
43,26,0,-0.0619340293218535,0.9489375,5.204492706021733,1.7164233922958374,0,continue,3.770907923460095,0
43,27,0,-0.1273833758467049,0.9489375,5.204126521877866,1.7334444522857666,0,continue,3.64352454761339,0
43,28,2,0.005547962202686562,0.9489375,5.197513220271771,1.6879948377609253,0,continue,3.6490725098160763,0
43,29,0,0.013580521514435034,0.9489375,5.197240281861713,1.6493028402328491,0,continue,3.6626530313305112,0
43,30,0,0.07601989590048774,0.9489375,5.202402631329199,1.648215413093567,0,continue,3.738672927230999,0
43,31,2,-0.34858872729382046,0.9489375,5.270864409430757,1.6212425231933594,0,continue,3.3900841999371782,0
43,32,0,-0.4681566681062371,0.9489375,5.320384451222395,1.5230988264083862,0,continue,2.9219275318309412,0
43,33,0,-0.6924654387151901,0.9489375,5.338837113648607,1.4861315488815308,0,continue,2.2294620931157514,0
43,34,1,-0.7325726326971911,0.9489375,5.442734334348299,1.418424129486084,0,continue,1.4968894604185603,0
43,35,0,-0.2839477818063433,0.9489375,5.467031960256968,1.378371000289917,0,continue,1.212941678612217,0
43,36,2,-0.3469885313528266,0.9489375,5.483756837477535,1.3666200637817383,0,continue,0.8659531472593903,0
43,37,1,-0.7312829328517345,0.9489375,5.524493367243033,1.3189516067504883,0,continue,0.1346702144076558,0
43,38,2,-0.528615042502946,0.9489375,5.527757489510535,1.2910304069519043,0,continue,-0.3939448280952902,0
43,39,0,-0.5807289735243564,0.9489375,5.5203210580823825,1.2917604446411133,0,continue,-0.9746738016196466,0
43,40,0,-0.31078947451385586,0.9489375,5.546511652034054,1.255553960800171,0,continue,-1.2854632761335023,0
43,41,0,-0.49924475379086014,0.9489375,5.609093598507187,1.136220097541809,0,continue,-1.7847080299243625,0
43,42,0,-0.5124803394106222,0.9489375,5.670863310906935,1.0136563777923584,0,continue,-2.2971883693349846,0
43,43,0,-0.5765409149864775,0.9489375,5.747854196900638,0.8558972477912903,0,continue,-2.8737292843214624,0
43,44,2,-0.5426706797365617,0.9489375,5.8157803585072125,0.7265505790710449,0,continue,-3.416399964058024,0
43,45,0,-0.3429865669964099,0.9489375,5.848421074313776,0.6478281021118164,0,continue,-3.759386531054434,0
43,46,0,-0.6057289290488366,0.9489375,5.901872846951061,0.5952429175376892,0,continue,-4.3651154601032705,0
43,47,2,-0.7295776438147628,0.9489375,6.007680009756449,0.49772775173187256,0,continue,-5.094693103918033,0
43,48,0,-0.6444967226329855,0.9489375,6.077275870465302,0.419592022895813,0,continue,-5.739189826551018,0
43,49,0,-1.394168463327815,0.9489375,6.077155783851888,0.4003998339176178,0,continue,-7.133358289878833,0
43,50,1,-0.37841688698477516,0.9489375,6.093041251779069,0.39356729388237,0,continue,-7.511775176863608,0
43,51,2,-0.9425445898956621,0.9489375,6.1640569420111,0.37710127234458923,0,continue,-8.454319766759271,0
43,52,0,-0.33031437055394874,0.9489375,6.163250538081453,0.3696385622024536,0,continue,-8.784634137313219,0
43,53,0,-0.46845369155901423,0.9489375,6.200291228851839,0.3716503977775574,0,continue,-9.253087828872234,0
43,54,0,-0.8354661697930597,0.9489375,6.306775599311289,0.33931148052215576,0,continue,-10.088553998665294,0
43,55,1,-1.1655438109230694,0.9489375,6.457308434123701,0.27623698115348816,0,continue,-11.254097809588362,0
43,56,0,-1.3375146084612688,0.9489375,6.557334064012113,0.2091447412967682,0,continue,-12.591612418049632,0
43,57,0,-1.1416509670447847,0.9489375,6.607834404023579,0.20445320010185242,0,continue,-13.733263385094416,0
43,58,2,-32.22604218648556,0.9489375,6.736844374635409,0.13371723890304565,1,crush,-45.959305571579975,0
