episode,step,action,reward,epsilon,distance_to_goal,min_laser,done,reason,total_reward_so_far,monitor_delta_v
1,1,1,0.000846177339553833,0.9981,6.000290427015573,0.8935268521308899,0,continue,0.000846177339553833,0
1,2,2,-0.21327328372724227,0.9981,5.983629096569655,0.8973007798194885,0,continue,-0.21242710638768844,0
1,3,0,0.20997764090034268,0.9981,5.940658655308839,0.897320032119751,0,continue,-0.002449465487345759,0
1,4,2,0.17149468740060234,0.9981,5.902787244197899,0.9054580926895142,0,continue,0.16904522191325658,0
1,5,0,0.1692309534548971,0.9981,5.862099707597264,0.887196958065033,0,continue,0.3382761753681537,0
1,6,1,0.1509400624151202,0.9981,5.826204954646305,0.8875454664230347,0,continue,0.4892162377832739,0
1,7,0,0.120281447021614,0.9981,5.797869181472002,0.8988509774208069,0,continue,0.6094976848048879,0
1,8,0,0.1321660472235669,0.9981,5.766301211958644,0.9034140706062317,0,continue,0.7416637320284547,0
1,9,0,0.12550692912609715,0.9981,5.739166839752146,0.9557927846908569,0,continue,0.8671706611545519,0
1,10,0,-0.020697539845213973,0.9981,5.736843196257069,0.9943591356277466,0,continue,0.8464731213093379,0
1,11,0,0.07144494633257466,0.9981,5.723805055762606,1.0417405366897583,0,continue,0.9179180676419126,0
1,12,0,0.1271785383767731,0.9981,5.6978441795140675,1.0912235975265503,0,continue,1.0450966060186857,0
1,13,0,0.2362307424559397,0.9981,5.655445256408861,1.1339612007141113,0,continue,1.2813273484746255,0
1,14,0,0.32744066762450164,0.9981,5.608428672090245,1.189355731010437,0,continue,1.6087680160991271,0
1,15,0,0.31925322196134304,0.9981,5.558778458203743,1.1777127981185913,0,continue,1.9280212380604702,0
1,16,0,0.09452241458353638,0.9981,5.548157436357302,1.199275016784668,0,continue,2.0225436526440066,0
1,17,0,-0.3403254206543692,0.9981,5.544665110600276,1.2136255502700806,0,continue,1.6822182319896375,0
1,18,0,0.26679998328391813,0.9981,5.4682025805655865,1.2485568523406982,0,continue,1.9490182152735556,0
1,19,1,0.5496343368906346,0.9981,5.380146287023665,1.2987679243087769,0,continue,2.4986525521641902,0
1,20,0,0.46156947794067676,0.9981,5.292273240277273,1.3604727983474731,0,continue,2.960222030104867,0
1,21,0,0.4927255117118448,0.9981,5.19446561507227,1.3529103994369507,0,continue,3.452947541816712,0
1,22,0,0.45875946026352915,0.9981,5.105162444522969,1.3658818006515503,0,continue,3.911707002080241,0
1,23,0,0.38147699437826454,0.9981,5.033302738935403,1.423203706741333,0,continue,4.293183996458506,0
1,24,0,0.01514897599831062,0.9981,5.033379672048066,1.5262893438339233,0,continue,4.3083329724568165,0
1,25,2,0.16001068143252212,0.9981,5.0005024526483615,1.6191660165786743,0,continue,4.468343653889338,0
1,26,0,0.2992931574037872,0.9981,4.946778082421186,1.7190406322479248,0,continue,4.7676368112931256,0
1,27,1,0.24764762185730796,0.9981,4.89386961129279,1.8197667598724365,0,continue,5.015284433150433,0
1,28,0,0.2195785177361839,0.9981,4.8440914177649,1.852376937866211,0,continue,5.234862950886617,0
1,29,0,0.18688313302597964,0.9981,4.804139733234508,1.8642067909240723,0,continue,5.421746083912597,0
1,30,0,0.17412823965383853,0.9981,4.768628881558353,1.9025877714157104,0,continue,5.595874323566435,0
1,31,0,0.019131531330405505,0.9981,4.761983846852912,1.9356598854064941,0,continue,5.6150058548968405,0
1,32,1,0.07132813137976642,0.9981,4.744964920187684,1.872218370437622,0,continue,5.6863339862766065,0
1,33,0,0.1731400386075574,0.9981,4.709791743619396,1.8471940755844116,0,continue,5.859474024884164,0
1,34,0,0.260436408108306,0.9981,4.6650692299808245,1.7974625825881958,0,continue,6.119910432992469,0
1,35,0,0.2491212519986281,0.9981,4.622581879303048,1.775072693824768,0,continue,6.369031684991097,0
1,36,0,0.11245601599162089,0.9981,4.592291423004738,1.7219576835632324,0,continue,6.4814877009827185,0
1,37,1,0.13423464986660294,0.9981,4.582900347158986,1.7132444381713867,0,continue,6.615722350849321,0
1,38,0,0.12023605181488134,0.9981,4.557025655246802,1.7021163702011108,0,continue,6.7359584026642025,0
1,39,0,0.15927993095130955,0.9981,4.520460450155282,1.6443897485733032,0,continue,6.895238333615512,0
1,40,0,0.1987443192723964,0.9981,4.474782584089225,1.6309067010879517,0,continue,7.093982652887909,0
1,41,0,0.25473052062404367,0.9981,4.423582292627622,1.5671501159667969,0,continue,7.348713173511952,0
1,42,0,0.14206203831826614,0.9981,4.392169494175207,1.5510166883468628,0,continue,7.490775211830218,0
1,43,1,0.17556090316542133,0.9981,4.392007263030343,1.5188120603561401,0,continue,7.66633611499564,0
1,44,0,0.1661040850459615,0.9981,4.372278536105722,1.488276481628418,0,continue,7.832440200041601,0
1,45,0,0.336014093787856,0.9981,4.292927395258919,1.4726932048797607,0,continue,8.168454293829457,0
1,46,0,0.401005736575581,0.9981,4.2123368888330655,1.4129297733306885,0,continue,8.569460030405038,0
1,47,0,0.37536737853201696,0.9981,4.14067708873473,1.3932247161865234,0,continue,8.944827408937055,0
1,48,0,0.45428790058135987,0.9981,4.0598842236436,1.3553977012634277,0,continue,9.399115309518415,0
1,49,0,0.3628944372517769,0.9981,3.9878921764886526,1.3655210733413696,0,continue,9.762009746770191,0
1,50,0,0.3710109707603661,0.9981,3.9159530468820147,1.3343675136566162,0,continue,10.133020717530558,0
1,51,0,0.15136862883708982,0.9981,3.8881727043187375,1.2784926891326904,0,continue,10.284389346367648,0
1,52,0,0.24704681047798507,0.9981,3.843672794402028,1.1697227954864502,0,continue,10.531436156845633,0
1,53,0,0.4746154121053138,0.9981,3.763046050138381,1.072214126586914,0,continue,11.006051568950946,0
1,54,0,0.43007322837024364,0.9981,3.682170383499461,1.035507321357727,0,continue,11.43612479732119,0
1,55,0,0.33612342023835007,0.9981,3.6224384116716872,0.9366883635520935,0,continue,11.77224821755954,0
1,56,2,0.08143813049919006,0.9981,3.606104255899344,0.8919056057929993,0,continue,11.85368634805873,0
1,57,2,0.33798486146117485,0.9981,3.538462903462675,0.8500452637672424,0,continue,12.191671209519905,0
1,58,1,0.10810309597089053,0.9981,3.4576381509104954,0.7752107381820679,0,continue,12.299774305490795,0
1,59,0,0.4126799856525163,0.9981,3.3800875796837877,0.7275884747505188,0,continue,12.712454291143311,0
1,60,0,0.10883319343147738,0.9981,3.367008594254213,0.6394603848457336,0,continue,12.821287484574789,0
1,61,1,0.17597138914214216,0.9981,3.3317690733374676,0.5945333242416382,0,continue,12.99725887371693,0
1,62,2,0.10909514358207853,0.9981,3.250970150572803,0.5608479380607605,0,continue,13.106354017299008,0
1,63,0,0.2694947136152803,0.9981,3.1970712067766023,0.5154571533203125,0,continue,13.375848730914289,0
1,64,0,0.25645168774105176,0.9981,3.1431676201219116,0.4652016758918762,0,continue,13.63230041865534,0
1,65,0,0.20311842446765105,0.9981,3.092021211016061,0.4116320013999939,0,continue,13.83541884312299,0
1,66,1,-0.13368230367753844,0.9981,3.0918801371369056,0.3324647545814514,0,continue,13.701736539445452,0
1,67,0,-0.14118304280113195,0.9981,3.091610262557108,0.3287999927997589,0,continue,13.56055349664432,0
1,68,0,-0.24763043174006258,0.9981,3.091304507820017,0.3083277642726898,0,continue,13.312923064904258,0
1,69,0,-0.642390719229786,0.9981,3.091666311904052,0.2133403867483139,0,continue,12.670532345674472,0
1,70,2,-30.374370422124542,0.9981,3.0916962840176785,0.1728900820016861,1,crush,-17.70383807645007,0
2,1,2,-0.4674850065442003,0.9962,3.0890679441111626,0.11999999731779099,0,continue,-0.4674850065442003,0
2,2,2,-0.46853224571005,0.9962,3.089074985393809,0.11999999731779099,0,continue,-0.9360172522542503,0
2,3,2,-0.46298338157178515,0.9962,3.0887647467277835,0.11999999731779099,0,continue,-1.3990006338260355,0
2,4,1,-30.761164745143628,0.9962,3.088510256607072,0.11999999731779099,1,crush,-32.160165378969666,0
3,1,0,0.0,0.9943,5.651572658844502,1.2509499788284302,0,continue,0.0,0
3,2,0,0.22771020619426208,0.9943,5.608248426976916,1.2501436471939087,0,continue,0.22771020619426208,0
3,3,0,0.41902783643801317,0.9943,5.521892542420397,1.2523185014724731,0,continue,0.6467380426322753,0
3,4,1,0.46641501564185517,0.9943,5.428305263011648,1.2423241138458252,0,continue,1.1131530582741305,0
3,5,0,0.4247686277638595,0.9943,5.343348308150263,1.2593282461166382,0,continue,1.5379216860379898,0
3,6,2,0.5347237823723658,0.9943,5.249292110535611,1.2556768655776978,0,continue,2.0726454684103555,0
3,7,0,0.40497402106888053,0.9943,5.17217137931843,1.311740517616272,0,continue,2.477619489479236,0
3,8,0,0.3465954238426001,0.9943,5.107112591187911,1.3541868925094604,0,continue,2.8242149133218364,0
3,9,1,0.07746977608957253,0.9943,5.091373051669839,1.4443061351776123,0,continue,2.901684689411409,0
3,10,0,0.3287377913861574,0.9943,5.027322145675691,1.5076066255569458,0,continue,3.230422480797566,0
3,11,0,0.4280360443319677,0.9943,4.950841101384823,1.5850781202316284,0,continue,3.6584585251295336,0
3,12,1,0.46476786557973154,0.9943,4.85780194956379,1.6944705247879028,0,continue,4.123226390709265,0
3,13,2,-0.04489216690278558,0.9943,4.824107153160447,1.777716040611267,0,continue,4.078334223806479,0
3,14,0,0.2590647359486636,0.9943,4.773862356536292,1.8162055015563965,0,continue,4.337398959755142,0
3,15,1,0.45988030702001503,0.9943,4.681618408352691,1.8534200191497803,0,continue,4.797279266775157,0
3,16,2,0.08825210067052272,0.9943,4.6061145114787845,1.930596947669983,0,continue,4.8855313674456795,0
3,17,2,0.42107629625315895,0.9943,4.5223184575513,1.8215337991714478,0,continue,5.306607663698839,0
3,18,0,0.37995034496804775,0.9943,4.44987954976223,1.7750593423843384,0,continue,5.6865580086668865,0
3,19,0,0.11061000498017966,0.9943,4.4304510909812125,1.7204186916351318,0,continue,5.797168013647066,0
3,20,0,0.30997226109645837,0.9943,4.373881678526888,1.6340492963790894,0,continue,6.107140274743524,0
3,21,0,0.24130345477825654,0.9943,4.320662436813762,1.5895096063613892,0,continue,6.34844372952178,0
3,22,0,0.244870644086702,0.9943,4.270827511110406,1.4893838167190552,0,continue,6.593314373608482,0
3,23,0,0.041717241084752124,0.9943,4.267231819002386,1.3946090936660767,0,continue,6.635031614693235,0
3,24,0,0.29513705582901767,0.9943,4.209557500646842,1.3784207105636597,0,continue,6.930168670522252,0
3,25,0,0.495498441499984,0.9943,4.114523506442733,1.3141810894012451,0,continue,7.425667112022236,0
3,26,0,0.4701494027267281,0.9943,4.026493428754536,1.2552509307861328,0,continue,7.895816514748963,0
3,27,0,0.1120828038550832,0.9943,3.9990325509603433,1.2250635623931885,0,continue,8.007899318604046,0
3,28,0,0.06485886749788937,0.9943,3.9878150016804095,1.1984648704528809,0,continue,8.072758186101936,0
3,29,0,0.18251546966755863,0.9943,3.9515717696220323,1.1868282556533813,0,continue,8.255273655769495,0
3,30,0,0.14006618271309004,0.9943,3.9194527030888033,1.1540035009384155,0,continue,8.395339838482585,0
3,31,0,0.15486055339374755,0.9943,3.887016783575408,1.1034859418869019,0,continue,8.550200391876333,0
3,32,0,0.15302684948821654,0.9943,3.8549340854117595,1.079313039779663,0,continue,8.70322724136455,0
3,33,0,0.0415749298466368,0.9943,3.8451927206029413,1.0349675416946411,0,continue,8.744802171211187,0
3,34,0,0.14491702349335328,0.9943,3.822497554333197,0.9460612535476685,0,continue,8.88971919470454,0
3,35,1,0.39722331542921785,0.9943,3.739636623834583,0.951674222946167,0,continue,9.286942510133757,0
3,36,0,0.4442137410882968,0.9943,3.654305229703643,0.898798406124115,0,continue,9.731156251222053,0
3,37,0,0.3534696368147751,0.9943,3.6019956306905523,0.8314496278762817,0,continue,10.084625888036829,0
3,38,0,0.06082481274185007,0.9943,3.569348711251943,0.7793586850166321,0,continue,10.14545070077868,0
3,39,0,0.4238685318439815,0.9943,3.485719831224866,0.7766553163528442,0,continue,10.56931923262266,0
3,40,0,0.44873878662083433,0.9943,3.4009682779209576,0.7214247584342957,0,continue,11.018058019243496,0
3,41,0,0.3012156130220172,0.9943,3.348988480451236,0.6181049942970276,0,continue,11.319273632265514,0
3,42,0,0.1605684839585952,0.9943,3.322749354554809,0.5500106811523438,0,continue,11.479842116224109,0
3,43,2,-29.755253556430734,0.9943,3.167304853736055,0.11999999731779099,1,crush,-18.275411440206625,0
4,1,0,-0.01807612180709839,0.9924,3.942379960541925,0.7188376188278198,0,continue,-0.01807612180709839,0
4,2,1,0.00043761252758400815,0.9924,3.942292438036408,0.7226663827896118,0,continue,-0.01763850927951438,0
4,3,0,-0.08396540319598866,0.9924,3.9422033017452165,0.7110697627067566,0,continue,-0.10160391247550304,0
4,4,0,-0.06108692525981603,0.9924,3.9421441231527705,0.723397433757782,0,continue,-0.16269083773531906,0
4,5,0,-0.02206486839489097,0.9924,3.9421265047716596,0.7278607487678528,0,continue,-0.18475570613021003,0
4,6,0,-0.05753191186256039,0.9924,3.9421655709935064,0.7188755869865417,0,continue,-0.24228761799277043,0
4,7,1,-0.00032642268678717556,0.9924,3.942230855530864,0.7158687114715576,0,continue,-0.2426140406795576,0
4,8,0,-0.030394479447741582,0.9924,3.942307167916689,0.7128815650939941,0,continue,-0.2730085201272992,0
4,9,0,-0.13971484087632913,0.9924,3.9533140246417595,0.7108023762702942,0,continue,-0.41272336100362833,0
4,10,2,-0.09642220045041006,0.9924,3.9725984647318415,0.7252011895179749,0,continue,-0.5091455614540383,0
4,11,0,-0.13626083150148025,0.9924,3.982147772584109,0.7019388675689697,0,continue,-0.6454063929555186,0
4,12,1,-0.11131184415988482,0.9924,4.004410141416086,0.7154703736305237,0,continue,-0.7567182371154034,0
4,13,0,-0.20745105589391494,0.9924,4.033839767572896,0.7153687477111816,0,continue,-0.9641692930093184,0
4,14,0,-0.1483809869618204,0.9924,4.066408616523183,0.7108408212661743,0,continue,-1.1125502799711389,0
4,15,0,-0.050186926225982906,0.9924,4.069791248083382,0.7156988978385925,0,continue,-1.1627372061971217,0
4,16,0,-0.28694881318980486,0.9924,4.130315914629119,0.7612964510917664,0,continue,-1.4496860193869265,0
4,17,0,-0.39131888711685203,0.9924,4.209947833226805,0.785719633102417,0,continue,-1.8410049065037786,0
4,18,0,-0.3299263349326459,0.9924,4.279458029426975,0.8069313168525696,0,continue,-2.1709312414364246,0
4,19,1,-0.3673383998080685,0.9924,4.350693106042599,0.846875786781311,0,continue,-2.538269641244493,0
4,20,0,-0.40424511500090077,0.9924,4.432829667464374,0.8609104752540588,0,continue,-2.942514756245394,0
4,21,1,-0.37080612441380256,0.9924,4.465803301794657,0.8688180446624756,0,continue,-3.3133208806591963,0
4,22,0,-0.1710383355027262,0.9924,4.465848183726498,0.9662380218505859,0,continue,-3.4843592161619226,0
4,23,0,-0.4432545199206551,0.9924,4.521099468475512,1.0637695789337158,0,continue,-3.9276137360825776,0
4,24,2,-0.6041055588109696,0.9924,4.600820153394444,1.1624189615249634,0,continue,-4.531719294893547,0
4,25,0,-0.5589835046271222,0.9924,4.681732627572592,1.2611300945281982,0,continue,-5.090702799520669,0
4,26,0,-0.4641767066551137,0.9924,4.737882640222125,1.2985776662826538,0,continue,-5.554879506175782,0
4,27,0,-0.20843514243960456,0.9924,4.740511194061522,1.3137661218643188,0,continue,-5.763314648615387,0
4,28,0,-0.5499957863822145,0.9924,4.8116285873574185,1.3327564001083374,0,continue,-6.313310434997601,0
4,29,0,-0.5307409599937456,0.9924,4.885277751904913,1.43309485912323,0,continue,-6.844051394991347,0
4,30,0,-0.5541577061548719,0.9924,4.9583461539832525,1.4834623336791992,0,continue,-7.398209101146218,0
4,31,0,-0.24587370124421837,0.9924,4.975459494059572,1.5735077857971191,0,continue,-7.644082802390437,0
4,32,0,-0.2311333470092709,0.9924,4.982219208421386,1.594502329826355,0,continue,-7.875216149399708,0
4,33,2,-0.5349653557771668,0.9924,5.0489080814972205,1.6104285717010498,0,continue,-8.410181505176874,0
4,34,2,-0.5297442501362883,0.9924,5.114618789332173,1.6503413915634155,0,continue,-8.939925755313162,0
4,35,0,-0.4958302591567942,0.9924,5.180546524827206,1.751180648803711,0,continue,-9.435756014469955,0
4,36,0,-0.5139640875538889,0.9924,5.246643069708007,1.7845462560653687,0,continue,-9.949720102023845,0
4,37,0,-0.5923896681890118,0.9924,5.329543020382224,1.8499488830566406,0,continue,-10.542109770212857,0
4,38,0,-0.4475088083389557,0.9924,5.380617389745275,1.8733711242675781,0,continue,-10.989618578551813,0
4,39,0,-0.23572034821460539,0.9924,5.391425754501092,1.9178600311279297,0,continue,-11.225338926766419,0
4,40,1,-0.4615509812085458,0.9924,5.4415341488167535,1.8535066843032837,0,continue,-11.686889907974965,0
4,41,0,-0.47735367335035717,0.9924,5.49576591786264,1.7793267965316772,0,continue,-12.164243581325323,0
4,42,1,-1.3644421669209137,0.9924,5.54817528971779,1.6896096467971802,0,continue,-13.528685748246236,0
4,43,0,-0.22601789627287472,0.9924,5.553342761358063,1.6309351921081543,0,continue,-13.754703644519111,0
4,44,0,-0.48481433179918737,0.9924,5.611940019005015,1.6018391847610474,0,continue,-14.239517976318298,0
4,45,0,-0.6396502873729659,0.9924,5.699256365100676,1.5564019680023193,0,continue,-14.879168263691264,0
4,46,0,-0.5357543528267534,0.9924,5.779116747608206,1.4986326694488525,0,continue,-15.414922616518018,0
4,47,0,-0.6221426866176818,0.9924,5.860431667653435,1.4642966985702515,0,continue,-16.037065303135698,0
4,48,0,-0.25703209311916236,0.9924,5.869039076417521,1.4233473539352417,0,continue,-16.29409739625486,0
4,49,0,-0.4568603868727295,0.9924,5.921502895518009,1.3966039419174194,0,continue,-16.75095778312759,0
4,50,0,-0.6587788723716488,0.9924,6.019405650735223,1.3133291006088257,0,continue,-17.409736655499238,0
4,51,0,-0.6057064147959732,0.9924,6.108131449771428,1.224513053894043,0,continue,-18.015443070295213,0
4,52,2,-0.5940175388619124,0.9924,6.186452181752076,1.137405514717102,0,continue,-18.609460609157125,0
4,53,0,-0.20767755497267013,0.9924,6.1876313561550855,1.1232662200927734,0,continue,-18.817138164129794,0
4,54,2,-0.44923072644293727,0.9924,6.236149618865876,1.0453473329544067,0,continue,-19.266368890572732,0
4,55,0,-1.3326837846776447,0.9924,6.288416959207024,0.9559010863304138,0,continue,-20.599052675250377,0
4,56,0,-0.48879830995514717,0.9924,6.346146170661061,0.853779137134552,0,continue,-21.087850985205524,0
4,57,0,-0.32192839353591063,0.9924,6.365948601561404,0.8159804344177246,0,continue,-21.409779378741433,0
4,58,0,-0.22522941412209416,0.9924,6.372334129025387,0.8121335506439209,0,continue,-21.635008792863527,0
4,59,2,-0.6235607284329086,0.9924,6.452758652303801,0.7850298285484314,0,continue,-22.258569521296437,0
4,60,0,-0.5874818019939093,0.9924,6.544641431633184,0.7221818566322327,0,continue,-22.846051323290347,0
4,61,0,-0.6729943554324429,0.9924,6.619101183913239,0.6629183888435364,0,continue,-23.51904567872279,0
4,62,0,-0.6075155574836384,0.9924,6.707662079040027,0.6257677674293518,0,continue,-24.126561236206427,0
4,63,0,-0.5677992144531732,0.9924,6.781922212476682,0.6228808164596558,0,continue,-24.6943604506596,0
4,64,0,-0.2375376061567962,0.9924,6.789679326366355,0.5664425492286682,0,continue,-24.931898056816397,0
4,65,1,-0.2623659160074399,0.9924,6.800599150480205,0.4766194522380829,0,continue,-25.194263972823837,0
4,66,0,-0.5377988686014028,0.9924,6.855824723709147,0.38490256667137146,0,continue,-25.73206284142524,0
4,67,0,-0.7775351032837978,0.9924,6.903858225451262,0.2753542959690094,0,continue,-26.509597944709036,0
4,68,0,-1.86269566651947,0.9924,6.916735916665782,0.20626626908779144,0,continue,-28.372293611228507,0
4,69,0,-31.890060106040696,0.9924,6.924831391374057,0.1985786408185959,1,crush,-60.26235371726921,0
5,1,0,-0.9642021347018159,0.9905,3.2828593921113445,0.11999999731779099,0,continue,-0.9642021347018159,0
5,2,0,-1.0111985435037882,0.9905,3.2828757919669744,0.11999999731779099,0,continue,-1.9754006782056042,0
5,3,2,-0.4685877513757383,0.9905,3.2828941276138512,0.11999999731779099,0,continue,-2.4439884295813425,0
5,4,0,-31.019403759211734,0.9905,3.282904730686317,0.11999999731779099,1,crush,-33.46339218879308,0
6,1,0,0.0,0.9886,5.855121583873838,1.0369197130203247,0,continue,0.0,0
6,2,0,0.004277152790008398,0.9886,5.85512267950309,1.047673225402832,0,continue,0.004277152790008398,0
6,3,0,-0.005402977544448162,0.9886,5.855121677306108,1.0539202690124512,0,continue,-0.0011258247544397634,0
6,4,1,0.08006837534158891,0.9886,5.839099083335372,1.0494053363800049,0,continue,0.07894255058714915,0
6,5,0,0.344859562650692,0.9886,5.769682795386583,1.0509101152420044,0,continue,0.42380211323784117,0
6,6,2,0.49645360261209714,0.9886,5.6991735992776436,1.0539610385894775,0,continue,0.9202557158499383,0
6,7,0,0.3171058510552013,0.9886,5.636454659073251,1.053646445274353,0,continue,1.2373615669051397,0
6,8,0,0.34226943047926095,0.9886,5.566186947823723,1.0506020784378052,0,continue,1.5796309973844007,0
6,9,0,0.3859014295677644,0.9886,5.4886092195297405,1.0536282062530518,0,continue,1.9655324269521652,0
6,10,0,0.2409980564002692,0.9886,5.441506284621188,1.0631341934204102,0,continue,2.2065304833524344,0
6,11,1,-0.002338704303302075,0.9886,5.441716816611099,1.144674301147461,0,continue,2.2041917790491325,0
6,12,0,0.2707983113979819,0.9886,5.395465932633232,1.2083719968795776,0,continue,2.4749900904471143,0
6,13,2,0.5058872543865744,0.9886,5.326172217499895,1.2810996770858765,0,continue,2.9808773448336887,0
6,14,0,0.3726806219992201,0.9886,5.257306054462016,1.3729984760284424,0,continue,3.3535579668329087,0
6,15,1,0.3416701808615928,0.9886,5.188788459171529,1.4559944868087769,0,continue,3.6952281476945017,0
6,16,0,0.3474557021194013,0.9886,5.120452793789376,1.474470615386963,0,continue,4.042683849813903,0
6,17,2,0.4094107443158382,0.9886,5.074163970886211,1.4747340679168701,0,continue,4.452094594129742,0
6,18,0,0.026502227050239812,0.9886,5.074047225738902,1.5534093379974365,0,continue,4.478596821179981,0
6,19,0,0.24079840962220042,0.9886,5.029565095988428,1.5964009761810303,0,continue,4.719395230802181,0
6,20,0,0.4065768015321232,0.9886,4.954871784598514,1.6631555557250977,0,continue,5.125972032334305,0
6,21,0,0.3773434942084734,0.9886,4.887896685799634,1.759952425956726,0,continue,5.503315526542778,0
6,22,0,0.2085080335355268,0.9886,4.850188828379465,1.8212343454360962,0,continue,5.7118235600783045,0
6,23,2,0.16220938657145614,0.9886,4.827396066707806,1.847812533378601,0,continue,5.874032946649761,0
6,24,0,0.20846238210462276,0.9886,4.781860592870058,1.8603028059005737,0,continue,6.0824953287543835,0
6,25,0,0.2646925063839214,0.9886,4.725906971287868,1.9197876453399658,0,continue,6.347187835138305,0
6,26,1,0.2543044639494891,0.9886,4.673257323085184,1.8656182289123535,0,continue,6.601492299087794,0
6,27,0,0.06057960138155771,0.9886,4.66342789026037,1.7819596529006958,0,continue,6.662071900469352,0
6,28,0,0.3732918391441219,0.9886,4.588722280169788,1.761688470840454,0,continue,7.035363739613474,0
6,29,1,0.4311809418127547,0.9886,4.500175738451728,1.7146836519241333,0,continue,7.466544681426228,0
6,30,0,0.4854009047967743,0.9886,4.413827229650003,1.6582324504852295,0,continue,7.951945586223003,0
6,31,0,0.06579152985443204,0.9886,4.400671792922877,1.6292626857757568,0,continue,8.017737116077434,0
6,32,0,-0.034219005883181317,0.9886,4.400359745783348,1.6037791967391968,0,continue,7.983518110194253,0
6,33,0,0.1582948386761941,0.9886,4.3724736800303505,1.5412734746932983,0,continue,8.141812948870447,0
6,34,1,0.22086573119642786,0.9886,4.324743994340658,1.5081870555877686,0,continue,8.362678680066875,0
6,35,0,0.23121759985938953,0.9886,4.282500814121119,1.4007315635681152,0,continue,8.593896279926264,0
6,36,1,0.17248802352516973,0.9886,4.241417182467762,1.365272879600525,0,continue,8.766384303451433,0
6,37,2,-0.14158609038060654,0.9886,4.204689561535112,1.336846113204956,0,continue,8.624798213070827,0
6,38,2,0.009119543712109369,0.9886,4.199681779427446,1.326931118965149,0,continue,8.633917756782937,0
6,39,2,0.012621567597555727,0.9886,4.1971304938823835,1.3284053802490234,0,continue,8.646539324380493,0
6,40,0,0.32262145564464095,0.9886,4.138815083505604,1.2744473218917847,0,continue,8.969160780025135,0
6,41,0,0.3113070062949299,0.9886,4.081031569619127,1.2181568145751953,0,continue,9.280467786320065,0
6,42,0,0.33643442622209535,0.9886,4.008212242365329,1.1868404150009155,0,continue,9.61690221254216,0
6,43,0,0.20320746108545126,0.9886,3.972153788631282,1.129562258720398,0,continue,9.820109673627611,0
6,44,1,0.052552694580191475,0.9886,3.971616318536588,1.138454556465149,0,continue,9.872662368207802,0
6,45,0,0.2762528335231502,0.9886,3.917432776130386,1.1150799989700317,0,continue,10.148915201730953,0
6,46,0,0.3150466621301699,0.9886,3.8541826764912517,1.0760928392410278,0,continue,10.463961863861122,0
6,47,0,0.28909819088387895,0.9886,3.7983219035992013,0.9869483113288879,0,continue,10.753060054745001,0
6,48,0,0.3444978852894348,0.9886,3.7371275259875345,0.8957439064979553,0,continue,11.097557940034436,0
6,49,0,0.2833634856616269,0.9886,3.683981698791258,0.8831588625907898,0,continue,11.380921425696062,0
6,50,0,0.10103084508041779,0.9886,3.6635149860784444,0.8620419502258301,0,continue,11.48195227077648,0
6,51,0,0.04913385646179922,0.9886,3.658004710692198,0.8160696029663086,0,continue,11.531086127238279,0
6,52,2,0.20262503823510156,0.9886,3.617284104929742,0.7804609537124634,0,continue,11.73371116547338,0
6,53,1,-0.08848436464704526,0.9886,3.5776409474789865,0.7351251244544983,0,continue,11.645226800826334,0
6,54,0,0.23431602585464828,0.9886,3.538498831484487,0.6521646976470947,0,continue,11.879542826680982,0
6,55,1,0.11978904560109327,0.9886,3.518781379013743,0.6034296751022339,0,continue,11.999331872282076,0
6,56,1,0.08286629183627618,0.9886,3.50526917239797,0.5631036758422852,0,continue,12.082198164118353,0
6,57,1,0.23736490830085455,0.9886,3.4618378746502443,0.5229266285896301,0,continue,12.319563072419207,0
6,58,0,0.2134811713845666,0.9886,3.4177718160063053,0.5218353867530823,0,continue,12.533044243803774,0
6,59,1,0.21865001019839442,0.9886,3.374227221750408,0.47134414315223694,0,continue,12.75169425400217,0
6,60,0,0.1785568698429822,0.9886,3.3313704269552398,0.4160965383052826,0,continue,12.930251123845151,0
6,61,0,0.02611986796934737,0.9886,3.3136747874974617,0.38975903391838074,0,continue,12.956370991814499,0
6,62,0,-0.11586742164472617,0.9886,3.3092921152413033,0.3528607487678528,0,continue,12.840503570169773,0
6,63,0,-0.20787980603321127,0.9886,3.304956055719312,0.32269051671028137,0,continue,12.63262376413656,0
6,64,0,-0.3551106264778391,0.9886,3.2992755848654474,0.2809818387031555,0,continue,12.277513137658723,0
6,65,2,-0.26268036847535753,0.9886,3.296078913640994,0.2317008674144745,0,continue,12.014832769183364,0
6,66,0,-30.740198092758874,0.9886,3.2873291469962664,0.19546988606452942,1,crush,-18.72536532357551,0
7,1,0,-1.0160466421576417,0.9867,3.221007901134671,0.11999999731779099,0,continue,-1.0160466421576417,0
7,2,2,-0.468578282382434,0.9867,3.221024127373862,0.11999999731779099,0,continue,-1.4846249245400758,0
7,3,0,-1.0191896907901912,0.9867,3.2210268751579787,0.11999999731779099,0,continue,-2.503814615330267,0
7,4,0,-31.024258909479606,0.9867,3.2210151414926544,0.11999999731779099,1,crush,-33.52807352480987,0
8,1,0,0.0,0.9848,5.771234336848544,1.146327018737793,0,continue,0.0,0
8,2,0,-0.004405936010804456,0.9848,5.771234759332124,1.1445409059524536,0,continue,-0.004405936010804456,0
8,3,0,0.0002683426549531909,0.9848,5.771235827911737,1.141020655632019,0,continue,-0.004137593355851265,0
8,4,2,-6.073054529398547e-06,0.9848,5.771236511661309,1.1462640762329102,0,continue,-0.004143666410380664,0
8,5,0,0.00810463119439646,0.9848,5.771236718401187,1.153533935546875,0,continue,0.003960964784015796,0
8,6,0,0.10805221962511462,0.9848,5.745395703111017,1.1531312465667725,0,continue,0.11201318440913041,0
8,7,0,0.23681141134488304,0.9848,5.698586840397666,1.1421663761138916,0,continue,0.3488245957540135,0
8,8,0,0.23270316698552582,0.9848,5.6522263841945515,1.1309804916381836,0,continue,0.5815277627395393,0
8,9,2,0.5780698950058285,0.9848,5.616926753665432,1.1347899436950684,0,continue,1.1595976577453677,0
8,10,0,-0.014856403439285293,0.9848,5.615883671519061,1.13959801197052,0,continue,1.1447412543060824,0
8,11,2,0.5149482472466982,0.9848,5.596537668993609,1.1521413326263428,0,continue,1.6596895015527806,0
8,12,2,0.5690890988037333,0.9848,5.561950851273614,1.1705400943756104,0,continue,2.228778600356514,0
8,13,1,-0.15445058365539527,0.9848,5.53264592923652,1.209084153175354,0,continue,2.0743280167011187,0
8,14,0,0.13482814666126877,0.9848,5.508402763930355,1.2413955926895142,0,continue,2.2091561633623873,0
8,15,1,0.14225084241901048,0.9848,5.479681832228036,1.2687040567398071,0,continue,2.3514070057813976,0
8,16,0,0.14720795582689772,0.9848,5.453151051258045,1.2942179441452026,0,continue,2.498614961608295,0
8,17,0,0.03499954948784301,0.9848,5.446219664322869,1.3145825862884521,0,continue,2.533614511096138,0
8,18,0,0.06220813579373123,0.9848,5.432721873648326,1.2986141443252563,0,continue,2.5958226468898693,0
8,19,0,0.19928785291957643,0.9848,5.396297273162596,1.3455545902252197,0,continue,2.7951104998094456,0
8,20,2,0.4940066666768885,0.9848,5.355861065675265,1.3748178482055664,0,continue,3.289117166486334,0
8,21,0,0.21789897131871194,0.9848,5.316241925389793,1.426931381225586,0,continue,3.507016137805046,0
8,22,0,0.18638389891285886,0.9848,5.281849299750892,1.4638904333114624,0,continue,3.693400036717905,0
8,23,2,0.3974800964144582,0.9848,5.247421240080142,1.497091293334961,0,continue,4.090880133132363,0
8,24,0,0.009436213831883268,0.9848,5.243708271334187,1.506319284439087,0,continue,4.100316346964246,0
8,25,0,0.11219005963609945,0.9848,5.226252406419351,1.5572993755340576,0,continue,4.212506406600346,0
8,26,0,0.09972466120988921,0.9848,5.2075584884797355,1.6207958459854126,0,continue,4.3122310678102345,0
8,27,0,0.007563233284002324,0.9848,5.199281112887282,1.6459012031555176,0,continue,4.319794301094237,0
8,28,1,-0.06850655681393233,0.9848,5.20502098874689,1.71660315990448,0,continue,4.2512877442803045,0
8,29,0,-0.09627943683615431,0.9848,5.221297338825805,1.756705641746521,0,continue,4.155008307444151,0
8,30,1,-0.020348491677757607,0.9848,5.221989887287936,1.7439954280853271,0,continue,4.134659815766393,0
8,31,1,-0.06695784308946914,0.9848,5.234860698692875,1.7979846000671387,0,continue,4.067701972676924,0
8,32,0,-0.18497231744973952,0.9848,5.279842860273389,1.8266273736953735,0,continue,3.882729655227185,0
8,33,0,-0.13955546026205493,0.9848,5.318689043479132,1.8382737636566162,0,continue,3.74317419496513,0
8,34,0,-0.12481834088243379,0.9848,5.365674804573947,1.8466441631317139,0,continue,3.6183558540826963,0
8,35,0,-0.0980286812901414,0.9848,5.411873453956199,1.8405134677886963,0,continue,3.520327172792555,0
8,36,0,-0.09594351038097826,0.9848,5.430982661000638,1.8302500247955322,0,continue,3.424383662411577,0
8,37,0,-0.1680530979088764,0.9848,5.430989717940641,1.8067443370819092,0,continue,3.2563305645027003,0
8,38,0,-0.34616706653013934,0.9848,5.457072730240429,1.803894281387329,0,continue,2.910163497972561,0
8,39,0,-0.4055834041778765,0.9848,5.502804262759235,1.7725728750228882,0,continue,2.5045800937946843,0
8,40,0,-0.4550567344498961,0.9848,5.555323314203631,1.7495430707931519,0,continue,2.0495233593447884,0
8,41,0,-0.37147516380728796,0.9848,5.5799466700440705,1.7439062595367432,0,continue,1.6780481955375004,0
8,42,2,-0.368979910064693,0.9848,5.61340073988596,1.7357324361801147,0,continue,1.3090682854728075,0
8,43,1,-0.7512142607085088,0.9848,5.66305602997832,1.7286633253097534,0,continue,0.5578540247642987,0
8,44,0,-0.4266971157476512,0.9848,5.708869611849504,1.6941887140274048,0,continue,0.1311569090166475,0
8,45,0,-0.4518906813647696,0.9848,5.75532043148965,1.681518793106079,0,continue,-0.3207337723481221,0
8,46,0,-0.4865022095510116,0.9848,5.807594032952446,1.6730815172195435,0,continue,-0.8072359818991337,0
8,47,0,-0.36756292785130307,0.9848,5.839894775755527,1.6563526391983032,0,continue,-1.1747989097504368,0
8,48,0,-0.22322599428544374,0.9848,5.841886356107233,1.6578152179718018,0,continue,-1.3980249040358805,0
8,49,1,-0.43065610168755153,0.9848,5.887731351714695,1.628172516822815,0,continue,-1.828681005723432,0
8,50,0,-0.4261266811626981,0.9848,5.931285895935151,1.6110169887542725,0,continue,-2.25480768688613,0
8,51,0,-0.4851006541762995,0.9848,5.981030797158187,1.5840271711349487,0,continue,-2.7399083410624296,0
8,52,0,-0.34171320950481276,0.9848,6.009687471450476,1.5713287591934204,0,continue,-3.0816215505672426,0
8,53,0,-0.20849217694982902,0.9848,6.009664235633483,1.5719045400619507,0,continue,-3.2901137275170718,0
8,54,0,-0.335307341223371,0.9848,6.033750320846643,1.5650523900985718,0,continue,-3.625421068740443,0
8,55,0,-0.3680758419494146,0.9848,6.062979093560652,1.5456020832061768,0,continue,-3.9934969106898577,0
8,56,1,-0.4074801306074116,0.9848,6.097464194565715,1.521897554397583,0,continue,-4.400977041297269,0
8,57,0,-0.4715144122807973,0.9848,6.14226437158474,1.4925302267074585,0,continue,-4.872491453578066,0
8,58,0,-0.4338069206996331,0.9848,6.184680619732172,1.4379918575286865,0,continue,-5.306298374277699,0
8,59,0,-0.44792388280581896,0.9848,6.227784068737362,1.4331214427947998,0,continue,-5.7542222570835175,0
8,60,0,-1.1670776221970165,0.9848,6.238247383736259,1.3999147415161133,0,continue,-6.921299879280534,0
8,61,0,-0.1037836997021425,0.9848,6.256312840425529,1.33945894241333,0,continue,-7.025083578982676,0
8,62,0,-0.41444658715446997,0.9848,6.325632956524252,1.3173472881317139,0,continue,-7.439530166137146,0
8,63,0,-0.8286748859473918,0.9848,6.405821094649313,1.2602102756500244,0,continue,-8.268205052084538,0
8,64,1,-0.5601593772756315,0.9848,6.477634150906823,1.230307936668396,0,continue,-8.82836442936017,0
8,65,1,-0.5647947692032632,0.9848,6.549407436101818,1.192372441291809,0,continue,-9.393159198563433,0
8,66,0,-0.5677317010442311,0.9848,6.620943620177998,1.2047221660614014,0,continue,-9.960890899607664,0
8,67,0,-0.39657071234348207,0.9848,6.657342166442388,1.2000985145568848,0,continue,-10.357461611951146,0
8,68,2,-0.23994655990282282,0.9848,6.6643745553221265,1.1889424324035645,0,continue,-10.597408171853969,0
8,69,2,-0.4106825465179254,0.9848,6.706261777645582,1.1671645641326904,0,continue,-11.008090718371895,0
8,70,0,-0.398079364047851,0.9848,6.748800712310927,1.129716396331787,0,continue,-11.406170082419745,0
8,71,0,-0.42060961861546453,0.9848,6.788581007273346,1.1057569980621338,0,continue,-11.82677970103521,0
8,72,0,-0.3571218691341698,0.9848,6.822906978210369,1.0228328704833984,0,continue,-12.18390157016938,0
8,73,0,-0.2299649999120558,0.9848,6.8279157913438695,0.9655015468597412,0,continue,-12.413866570081437,0
8,74,0,-0.2659799636690642,0.9848,6.839028558238694,0.9586418867111206,0,continue,-12.679846533750501,0
8,75,0,-0.34347109966739076,0.9848,6.8690739517432,0.9359011054039001,0,continue,-13.023317633417891,0
8,76,0,-0.29528327152069966,0.9848,6.894532475132081,0.8788936138153076,0,continue,-13.318600904938592,0
8,77,0,-0.4220502831596237,0.9848,6.914100010154264,0.8470707535743713,0,continue,-13.740651188098216,0
8,78,2,-0.3085995887419086,0.9848,6.927842779062736,0.8168726563453674,0,continue,-14.049250776840125,0
8,79,0,-0.5699749831990073,0.9848,6.930475577338133,0.7876151204109192,0,continue,-14.619225760039132,0
8,80,2,-0.2079814950948504,0.9848,6.931400970564086,0.785930871963501,0,continue,-14.827207255133983,0
8,81,0,-0.19985424694382486,0.9848,6.937678154318754,0.7436317801475525,0,continue,-15.027061502077808,0
8,82,0,-0.35547393552733847,0.9848,6.954480396234358,0.7211795449256897,0,continue,-15.382535437605148,0
8,83,0,-0.5698580031835945,0.9848,6.981598343036302,0.6626158356666565,0,continue,-15.952393440788741,0
8,84,0,-0.37355214946547255,0.9848,7.001506881852945,0.6364907026290894,0,continue,-16.325945590254214,0
8,85,0,-0.2591223669410141,0.9848,7.011612593903124,0.6139889359474182,0,continue,-16.58506795719523,0
8,86,0,-0.483115183199446,0.9848,7.0667816934727465,0.6029834747314453,0,continue,-17.068183140394673,0
8,87,2,-0.5628169333749445,0.9848,7.1378118013141725,0.573716938495636,0,continue,-17.631000073769616,0
8,88,1,-0.7091366737057265,0.9848,7.179321136034112,0.5542264580726624,0,continue,-18.34013674747534,0
8,89,2,-0.5236683669929807,0.9848,7.183477244716937,0.5132033824920654,0,continue,-18.86380511446832,0
8,90,0,-0.3457992194138849,0.9848,7.224281082229772,0.4827190637588501,0,continue,-19.209604333882204,0
8,91,0,-0.36869222701698656,0.9848,7.266956791502062,0.4676564931869507,0,continue,-19.57829656089919,0
8,92,0,-0.6547153341658625,0.9848,7.318351124471995,0.38233697414398193,0,continue,-20.233011895065054,0
8,93,0,-1.6540071914425496,0.9848,7.353839518054138,0.2910587787628174,0,continue,-21.887019086507603,0
8,94,1,-0.4636732910654892,0.9848,7.364880561569228,0.2903134524822235,0,continue,-22.350692377573093,0
8,95,0,-1.625306304562488,0.9848,7.3914944393405415,0.2554507851600647,0,continue,-23.975998682135582,0
8,96,0,-30.630092951038957,0.9848,7.365842543513866,0.18734821677207947,1,crush,-54.60609163317454,0
9,1,2,-0.4684954691859163,0.9829,3.8157915613355917,0.11999999731779099,0,continue,-0.4684954691859163,0
9,2,1,-0.7684943279537668,0.9829,3.815791327540226,0.11999999731779099,0,continue,-1.236989797139683,0
9,3,1,-0.46926775568019924,0.9829,3.8158420736682275,0.11999999731779099,0,continue,-1.7062575528198822,0
9,4,0,-31.00274012119783,0.9829,3.815724508073712,0.11999999731779099,1,crush,-32.708997674017716,0
10,1,0,0.0,0.981,5.6142428171810925,1.302512526512146,0,continue,0.0,0
10,2,0,0.04212973021589313,0.981,5.6062799399467504,1.3008439540863037,0,continue,0.04212973021589313,0
10,3,0,0.2951752681577926,0.981,5.547192633523437,1.3006477355957031,0,continue,0.3373049983736857,0
10,4,0,0.28197144571507077,0.981,5.49147810052781,1.3158637285232544,0,continue,0.6192764440887565,0
10,5,0,0.27108022988136155,0.981,5.436615707403223,1.3008793592453003,0,continue,0.8903566739701181,0
10,6,0,0.20818888405737104,0.981,5.393731833092357,1.3042739629745483,0,continue,1.0985455580274892,0
10,7,0,0.16107129522297078,0.981,5.362065074212355,1.2986313104629517,0,continue,1.25961685325046,0
10,8,0,0.16585442910297662,0.981,5.329591606237055,1.3159241676330566,0,continue,1.4254712823534366,0
10,9,0,0.046619603821682086,0.981,5.3249240542859075,1.3751705884933472,0,continue,1.4720908861751187,0
10,10,0,0.16809730027802583,0.981,5.2941189931423605,1.4147158861160278,0,continue,1.6401881864531447,0
10,11,0,0.27989491580160103,0.981,5.243207875426866,1.4594143629074097,0,continue,1.9200831022547458,0
10,12,0,0.25632710686161464,0.981,5.19832879545769,1.5484368801116943,0,continue,2.1764102091163604,0
10,13,0,0.2838239654764283,0.981,5.144688207888486,1.5875957012176514,0,continue,2.460234174592789,0
10,14,0,0.23775787807268192,0.981,5.10170790031136,1.618208885192871,0,continue,2.697992052665471,0
10,15,0,0.1572739031576895,0.981,5.070515831024379,1.6373225450515747,0,continue,2.8552659558231603,0
10,16,0,0.024686953957636006,0.981,5.068231982169524,1.6672543287277222,0,continue,2.8799529097807963,0
10,17,2,0.08833380619489857,0.981,5.050358090045028,1.7401612997055054,0,continue,2.9682867159756947,0
10,18,1,-0.02491890265673883,0.981,5.009627623555235,1.7812726497650146,0,continue,2.943367813318956,0
10,19,0,0.20669549519814542,0.981,4.974157373711038,1.8381969928741455,0,continue,3.1500633085171015,0
10,20,0,0.21696782718950858,0.981,4.9367568220481,1.9063681364059448,0,continue,3.3670311357066103,0
10,21,0,0.040744968654738846,0.981,4.93049611218391,1.933401107788086,0,continue,3.407776104361349,0
10,22,0,0.08775153307974955,0.981,4.913970080540066,1.925276517868042,0,continue,3.4955276374410986,0
10,23,0,0.24874833745208347,0.981,4.868580059285915,1.885293960571289,0,continue,3.744275974893182,0
10,24,0,0.20571671907733985,0.981,4.832552196641022,1.8157508373260498,0,continue,3.949992693970522,0
10,25,0,0.20623538763686686,0.981,4.793772190424267,1.7768616676330566,0,continue,4.156228081607389,0
10,26,0,0.19624909683278538,0.981,4.756364754808082,1.752600073814392,0,continue,4.352477178440174,0
10,27,2,0.27002294826552536,0.981,4.7242618442722835,1.7236683368682861,0,continue,4.6225001267057,0
10,28,0,0.05688057782919947,0.981,4.716521914865512,1.6962796449661255,0,continue,4.679380704534899,0
10,29,0,0.02718664642550911,0.981,4.716558020901165,1.6346933841705322,0,continue,4.706567350960408,0
10,30,0,0.11736132954279253,0.981,4.699284783959212,1.5750312805175781,0,continue,4.823928680503201,0
10,31,0,0.16064413310820946,0.981,4.6690879867721975,1.5452054738998413,0,continue,4.98457281361141,0
10,32,0,0.1720089972162519,0.981,4.640139198149328,1.4602972269058228,0,continue,5.156581810827662,0
10,33,0,0.13689042015184807,0.981,4.615297472420178,1.429872751235962,0,continue,5.29347223097951,0
10,34,0,0.13547947463377633,0.981,4.588551797773265,1.4128844738006592,0,continue,5.428951705613286,0
10,35,0,0.13032119987603924,0.981,4.563345646185857,1.4142532348632812,0,continue,5.559272905489325,0
10,36,2,0.27848945569939154,0.981,4.55692181038028,1.3726414442062378,0,continue,5.837762361188717,0
10,37,2,0.33027879198194104,0.981,4.538797559723829,1.31036376953125,0,continue,6.168041153170658,0
10,38,1,-0.20036390647216096,0.981,4.51841049061775,1.2810142040252686,0,continue,5.967677246698497,0
10,39,0,0.13487499297876265,0.981,4.496720777040365,1.2076603174209595,0,continue,6.10255223967726,0
10,40,0,0.11708546570888258,0.981,4.476368260766012,1.1852176189422607,0,continue,6.219637705386142,0
10,41,1,0.08807062661340546,0.981,4.4582517350769235,1.1072384119033813,0,continue,6.307708331999548,0
10,42,0,0.025761897176631687,0.981,4.454525175400501,1.113538384437561,0,continue,6.3334702291761795,0
10,43,1,0.07011685330697212,0.981,4.440044697874006,1.0656250715255737,0,continue,6.403587082483152,0
10,44,0,0.1136159430033143,0.981,4.422292298932688,0.9927347302436829,0,continue,6.517203025486466,0
10,45,0,0.08730298011923554,0.981,4.407781519476534,0.9641425609588623,0,continue,6.6045060056057014,0
10,46,0,-0.0784785159734927,0.981,4.394686972092543,0.8929425477981567,0,continue,6.526027489632209,0
10,47,0,-0.08523231179599738,0.981,4.390449734984164,0.8713589310646057,0,continue,6.440795177836211,0
10,48,0,-0.01577802679788786,0.981,4.381835250186776,0.8577752709388733,0,continue,6.425017151038324,0
10,49,0,-0.025402986002707007,0.981,4.370816663719657,0.8127284646034241,0,continue,6.399614165035617,0
10,50,0,-0.09016366439059909,0.981,4.36249816805452,0.7992583513259888,0,continue,6.309450500645018,0
10,51,1,0.027889829761821062,0.981,4.356436558819757,0.7460983395576477,0,continue,6.337340330406839,0
10,52,0,-0.05354196478908556,0.981,4.354848482231692,0.7520161271095276,0,continue,6.283798365617754,0
10,53,2,0.2010966684966635,0.981,4.350885405806198,0.7341128587722778,0,continue,6.484895034114417,0
10,54,1,-0.18980514495412626,0.981,4.346897329125952,0.7312431335449219,0,continue,6.295089889160291,0
10,55,2,-0.29024053412669043,0.981,4.344391916212684,0.7462520003318787,0,continue,6.004849355033601,0
10,56,0,-0.13026711833195365,0.981,4.343385797149386,0.7486076354980469,0,continue,5.874582236701647,0
10,57,0,-0.0757294678177113,0.981,4.343764756184825,0.7656975984573364,0,continue,5.798852768883935,0
10,58,0,-0.03238067144087355,0.981,4.3456276033482695,0.772422194480896,0,continue,5.766472097443062,0
10,59,1,-0.012372694298554199,0.981,4.347728216950719,0.79286789894104,0,continue,5.754099403144508,0
10,60,1,1.0447434930949156e-06,0.981,4.3477217939217,0.8062207102775574,0,continue,5.754100447888002,0
10,61,1,-0.01563140771681972,0.981,4.350472359961822,0.8416255712509155,0,continue,5.738469040171182,0
10,62,0,1.026296986277362,0.981,4.355827847909329,0.9150201678276062,0,continue,6.7647660264485445,0
10,63,0,-0.037016339189793704,0.981,4.362677185104553,0.9476649761199951,0,continue,6.7277496872587506,0
10,64,0,-0.04242237658893592,0.981,4.370633838439943,0.9195311665534973,0,continue,6.685327310669814,0
10,65,0,-0.008041953216207565,0.981,4.372157236884834,0.8896142244338989,0,continue,6.677285357453607,0
10,66,0,-0.03361733143436367,0.981,4.378522324918503,0.8963534832000732,0,continue,6.643668026019243,0
10,67,1,-0.2575411982135225,0.981,4.389472060408317,0.8373759984970093,0,continue,6.38612682780572,0
10,68,2,-0.5728747625678159,0.981,4.403432243331641,0.7621215581893921,0,continue,5.813252065237904,0
10,69,2,-0.2731970116972407,0.981,4.41753318185571,0.7328749895095825,0,continue,5.540055053540663,0
10,70,1,-0.5804121062650187,0.981,4.4330822438151,0.6802582740783691,0,continue,4.959642947275644,0
10,71,0,-0.27349306707575033,0.981,4.448087167979887,0.655936598777771,0,continue,4.686149880199894,0
10,72,1,-0.1443747097951425,0.981,4.4480089490713235,0.630684494972229,0,continue,4.541775170404751,0
10,73,0,-0.24055535281854656,0.981,4.4558761227447325,0.5369710922241211,0,continue,4.301219817586205,0
10,74,1,-0.3118028628591356,0.981,4.474612113143743,0.4608890414237976,0,continue,3.9894169547270693,0
10,75,2,-0.6646255519304785,0.981,4.4970663237848445,0.41511014103889465,0,continue,3.324791402796591,0
10,76,0,-0.5384004490729946,0.981,4.5288170553752,0.31512555480003357,0,continue,2.7863909537235965,0
10,77,2,-0.31828763730263,0.981,4.524219585083548,0.33500027656555176,0,continue,2.4681033164209665,0
10,78,0,-0.38821330252287145,0.981,4.5251972769191084,0.32185718417167664,0,continue,2.079890013898095,0
10,79,2,-0.44401358763746235,0.981,4.521333776436065,0.24748264253139496,0,continue,1.6358764262606327,0
10,80,0,-0.9545165356381948,0.981,4.521679198119166,0.2100725919008255,0,continue,0.6813598906224378,0
10,81,2,-30.72752954055246,0.981,4.532405603545691,0.13665258884429932,1,crush,-30.04616964993002,0
11,1,2,-0.4577867236169256,0.9791,3.234888330859977,0.11999999731779099,0,continue,-0.4577867236169256,0
11,2,0,-1.0412917425303223,0.9791,3.2349177863587504,0.11999999731779099,0,continue,-1.4990784661472478,0
11,3,0,-1.0016733455900184,0.9791,3.234851516563806,0.11999999731779099,0,continue,-2.500751811737266,0
11,4,0,-31.04370412538067,0.9791,3.2344508374796495,0.11999999731779099,1,crush,-33.54445593711794,0
12,1,0,0.0,0.9772,6.000289680293239,0.899734377861023,0,continue,0.0,0
12,2,0,0.0011433204608079619,0.9772,6.0002880923406865,0.8983806371688843,0,continue,0.0011433204608079619,0
12,3,1,0.002100099780387854,0.9772,6.0002865592090275,0.8958760499954224,0,continue,0.003243420241195816,0
12,4,1,0.0018959578997916448,0.9772,6.000286049550805,0.9098292589187622,0,continue,0.00513937814098746,0
12,5,0,0.1416756569082823,0.9772,5.972640978504863,0.8949903249740601,0,continue,0.14681503504926977,0
12,6,0,0.3487096839592436,0.9772,5.900615947328191,0.9001345038414001,0,continue,0.49552471900851336,0
12,7,0,0.36125338238977567,0.9772,5.828902035895191,0.9091053605079651,0,continue,0.856778101398289,0
12,8,0,0.34567111356687397,0.9772,5.757128101457672,0.9032062888145447,0,continue,1.202449214965163,0
12,9,2,0.3164632731743008,0.9772,5.6941870287784715,0.9079634547233582,0,continue,1.5189124881394638,0
12,10,0,0.32747813128455694,0.9772,5.629853232837302,0.8955512642860413,0,continue,1.8463906194240207,0
12,11,0,0.0062481118047251535,0.9772,5.6299593745243905,0.9365782141685486,0,continue,1.8526387312287458,0
12,12,2,0.17861515218461535,0.9772,5.594732596964351,0.9802110195159912,0,continue,2.031253883413361,0
12,13,0,0.5389492571338892,0.9772,5.495625541973257,1.0838770866394043,0,continue,2.5702031405472505,0
12,14,1,0.49604647630425,0.9772,5.397019744892815,1.1847375631332397,0,continue,3.0662496168515005,0
12,15,0,0.48297818425265343,0.9772,5.30713311209712,1.2507380247116089,0,continue,3.549227801104154,0
12,16,1,0.49460104479945355,0.9772,5.208209026367879,1.2701760530471802,0,continue,4.043828845903607,0
12,17,2,0.020224471198731553,0.9772,5.144162573815707,1.3208894729614258,0,continue,4.0640533171023385,0
12,18,2,0.0001548441262406497,0.9772,5.144128581252473,1.4180067777633667,0,continue,4.064208161228579,0
12,19,1,-0.16128074899160538,0.9772,5.116264776445361,1.5141327381134033,0,continue,3.9029274122369735,0
12,20,2,-0.04251564557955484,0.9772,5.061730542552908,1.6078089475631714,0,continue,3.8604117666574185,0
12,21,0,0.2180586403294615,0.9772,5.014811702966782,1.6644424200057983,0,continue,4.07847040698688,0
12,22,0,0.21514087761074396,0.9772,4.972787502754227,1.741398811340332,0,continue,4.293611284597624,0
12,23,2,0.044578299375001046,0.9772,4.960186759053829,1.7496702671051025,0,continue,4.338189583972625,0
12,24,0,0.07123116751258432,0.9772,4.945529996154094,1.7582502365112305,0,continue,4.409420751485209,0
12,25,0,0.18418618571039513,0.9772,4.912312605872822,1.8181113004684448,0,continue,4.593606937195604,0
12,26,0,0.11177148137622253,0.9772,4.884065770062107,1.8428065776824951,0,continue,4.705378418571827,0
12,27,2,0.06544790884442808,0.9772,4.862604461459825,1.9031676054000854,0,continue,4.770826327416255,0
12,28,0,0.054356197758651525,0.9772,4.858554010917195,1.9203433990478516,0,continue,4.825182525174906,0
12,29,0,0.022688500457292607,0.9772,4.858477128492065,1.9272007942199707,0,continue,4.847871025632199,0
12,30,0,0.015256156516860873,0.9772,4.855663579192521,1.9208604097366333,0,continue,4.86312718214906,0
12,31,0,0.045260220225307124,0.9772,4.838832464663632,1.8991172313690186,0,continue,4.908387402374367,0
12,32,0,0.19518909363343373,0.9772,4.811544401014176,1.8503835201263428,0,continue,5.1035764960078005,0
12,33,2,0.12362844808794357,0.9772,4.789817836126002,1.8364830017089844,0,continue,5.227204944095744,0
12,34,0,-0.000508288803948917,0.9772,4.774654467620229,1.7934240102767944,0,continue,5.2266966552917955,0
12,35,2,0.1116688245322914,0.9772,4.771765198585008,1.7956465482711792,0,continue,5.338365479824087,0
12,36,2,0.13978072982313325,0.9772,4.762325119525083,1.7882153987884521,0,continue,5.47814620964722,0
12,37,0,0.34588478538165257,0.9772,4.74434942309193,1.764554738998413,0,continue,5.824030995028873,0
12,38,0,0.07038974636341172,0.9772,4.724831727050095,1.7496912479400635,0,continue,5.894420741392285,0
12,39,2,0.16558325342384406,0.9772,4.714455275201637,1.6997308731079102,0,continue,6.060003994816129,0
12,40,2,0.15373219647450043,0.9772,4.710263901752548,1.6973212957382202,0,continue,6.2137361912906295,0
12,41,0,0.09536485439783496,0.9772,4.696716842562714,1.6683309078216553,0,continue,6.309101045688465,0
12,42,0,0.12532175008872673,0.9772,4.683755829970932,1.6813932657241821,0,continue,6.434422795777191,0
12,43,0,0.11537908395617484,0.9772,4.670794380517063,1.6460171937942505,0,continue,6.549801879733367,0
12,44,0,-0.11895432640288513,0.9772,4.668631106220451,1.6109322309494019,0,continue,6.430847553330482,0
12,45,0,-0.03558098402570788,0.9772,4.664402585354457,1.5959594249725342,0,continue,6.395266569304774,0
12,46,2,0.22620962600849387,0.9772,4.654745824105686,1.5811485052108765,0,continue,6.621476195313268,0
12,47,0,0.05711924738228684,0.9772,4.6455451268712995,1.572221040725708,0,continue,6.678595442695555,0
12,48,0,0.03371017406129546,0.9772,4.639323637878152,1.5289958715438843,0,continue,6.712305616756851,0
12,49,0,-0.006117449669079699,0.9772,4.637254528724536,1.5197906494140625,0,continue,6.706188167087771,0
12,50,1,0.016198027322235454,0.9772,4.6334634302663575,1.5045238733291626,0,continue,6.7223861944100065,0
12,51,0,0.012837435248704555,0.9772,4.626389046947175,1.4968273639678955,0,continue,6.735223629658711,0
12,52,0,0.05316458490385658,0.9772,4.608872385704814,1.4691592454910278,0,continue,6.788388214562568,0
12,53,0,-0.038832707710157746,0.9772,4.605596776066019,1.4502499103546143,0,continue,6.749555506852411,0
12,54,1,0.16307824272632693,0.9772,4.571269422203014,1.4141442775726318,0,continue,6.912633749578737,0
12,55,2,0.15669107955100403,0.9772,4.528264442673704,1.3871973752975464,0,continue,7.069324829129742,0
12,56,1,-0.16868558701834938,0.9772,4.4999294791315485,1.3827475309371948,0,continue,6.900639242111392,0
12,57,1,0.09693655482682792,0.9772,4.478443382331926,1.3648958206176758,0,continue,6.99757579693822,0
12,58,0,-0.1227875811940926,0.9772,4.472235129095498,1.348187804222107,0,continue,6.874788215744127,0
12,59,0,0.03770473401781742,0.9772,4.437271253187691,1.3442929983139038,0,continue,6.912492949761945,0
12,60,1,0.11248735504821275,0.9772,4.412762514604404,1.3281711339950562,0,continue,7.024980304810158,0
12,61,0,0.24531819369295088,0.9772,4.386448533045554,1.23295259475708,0,continue,7.2702984985031085,0
12,62,0,0.059384206696695564,0.9772,4.382513693867067,1.1998897790908813,0,continue,7.329682705199804,0
12,63,0,0.07035293762364564,0.9772,4.363648528888114,1.1541290283203125,0,continue,7.40003564282345,0
12,64,0,0.051756185798188664,0.9772,4.341080787448611,1.1313422918319702,0,continue,7.451791828621639,0
12,65,0,0.11998568094334044,0.9772,4.318243606497485,1.0852712392807007,0,continue,7.5717775095649795,0
12,66,0,0.055628444856932434,0.9772,4.3168871559278195,1.0166200399398804,0,continue,7.627405954421912,0
12,67,0,0.1582691532266245,0.9772,4.288155659039865,0.990251898765564,0,continue,7.785675107648537,0
12,68,2,0.5014438060785636,0.9772,4.245514343109132,0.9839783906936646,0,continue,8.2871189137271,0
12,69,0,0.17003597877442247,0.9772,4.202400024806416,0.950994074344635,0,continue,8.457154892501523,0
12,70,0,0.11541977528298492,0.9772,4.168779375061877,0.9270688891410828,0,continue,8.572574667784508,0
12,71,0,0.0252314953039843,0.9772,4.1514190738712,0.9164748787879944,0,continue,8.597806163088492,0
12,72,0,0.05101842208524805,0.9772,4.135828844798874,0.8771591186523438,0,continue,8.64882458517374,0
12,73,0,0.12419316824780902,0.9772,4.111083953669568,0.868781566619873,0,continue,8.773017753421549,0
12,74,1,0.0798267787259078,0.9772,4.089299048967858,0.8745071887969971,0,continue,8.852844532147456,0
12,75,0,0.023331428037250218,0.9772,4.081434390159932,0.8003944158554077,0,continue,8.876175960184707,0
12,76,2,0.30429761541231753,0.9772,4.080894025500477,0.7607072591781616,0,continue,9.180473575597023,0
12,77,2,0.3430690078282996,0.9772,4.079010887613782,0.7097906470298767,0,continue,9.523542583425323,0
12,78,0,0.024494159848015486,0.9772,4.077192706587053,0.6720355749130249,0,continue,9.548036743273338,0
12,79,0,0.013736266974623379,0.9772,4.071074650578319,0.6605939865112305,0,continue,9.561773010247961,0
12,80,0,0.037585801968361914,0.9772,4.0614241357133345,0.6312748193740845,0,continue,9.599358812216323,0
12,81,0,0.03518206945051846,0.9772,4.057468399874527,0.6007581353187561,0,continue,9.634540881666842,0
12,82,2,0.41909774840084096,0.9772,4.046335773627691,0.5767900347709656,0,continue,10.053638630067683,0
12,83,0,-1.036129462262495,0.9772,4.0426462287233464,0.5388320684432983,0,continue,9.017509167805187,0
12,84,0,-0.39848925199024215,0.9772,4.046890371738227,0.5024945139884949,0,continue,8.619019915814945,0
12,85,0,-0.00036207278503014913,0.9772,4.052025494494342,0.47783970832824707,0,continue,8.618657843029915,0
12,86,2,-0.13554837990204793,0.9772,4.071602813915915,0.4483779966831207,0,continue,8.483109463127867,0
12,87,0,0.03503488909964344,0.9772,4.082318128928922,0.43160754442214966,0,continue,8.51814435222751,0
12,88,0,-0.7822554763375624,0.9772,4.083135509855089,0.3979527950286865,0,continue,7.735888875889948,0
12,89,0,-0.31987018277222756,0.9772,4.076291168107437,0.39440199732780457,0,continue,7.416018693117721,0
12,90,0,-1.6546106313905689,0.9772,4.075413819902388,0.37280839681625366,0,continue,5.761408061727152,0
12,91,0,-1.624234238512527,0.9772,4.061365159450036,0.37835755944252014,0,continue,4.137173823214624,0
12,92,0,-1.3963870170282695,0.9772,4.047193820393876,0.40438517928123474,0,continue,2.740786806186355,0
12,93,0,0.0813692944365056,0.9772,4.018872304588743,0.4443722069263458,0,continue,2.8221561006228604,0
12,94,0,0.2528061211284629,0.9772,3.979729410053446,0.4594798982143402,0,continue,3.0749622217513233,0
12,95,0,0.7527283194906117,0.9772,3.9394056758922558,0.46216487884521484,0,continue,3.827690541241935,0
12,96,0,0.4097665919482008,0.9772,3.9341169533444083,0.4567211866378784,0,continue,4.237457133190135,0
12,97,0,-0.3826112479506747,0.9772,3.933174825012946,0.4601953625679016,0,continue,3.8548458852394605,0
12,98,0,0.40498981105782533,0.9772,3.89448826380807,0.4496794044971466,0,continue,4.259835696297285,0
12,99,0,0.1506187317227989,0.9772,3.8576845015291186,0.47658270597457886,0,continue,4.410454428020084,0
12,100,0,0.11323394460380634,0.9772,3.826530144942532,0.47289207577705383,0,continue,4.52368837262389,0
12,101,0,-0.3738954093434723,0.9772,3.8001357101852573,0.4620074927806854,0,continue,4.149792963280418,0
12,102,0,-0.11562208145176377,0.9772,3.7891877882731064,0.4623279869556427,0,continue,4.034170881828654,0
12,103,0,-0.04156439620501565,0.9772,3.788239287657473,0.4614139795303345,0,continue,3.9926064856236385,0
12,104,2,0.02541082345440463,0.9772,3.7771145307444796,0.4445359706878662,0,continue,4.0180173090780436,0
12,105,2,0.0055199367413539535,0.9772,3.759737640479751,0.41659608483314514,0,continue,4.023537245819398,0
12,106,0,0.05518601662131658,0.9772,3.734808907744651,0.43557867407798767,0,continue,4.078723262440715,0
12,107,2,0.4196073063882685,0.9772,3.6988672381694925,0.4402258098125458,0,continue,4.498330568828983,0
12,108,0,0.43587775164273906,0.9772,3.6856743288587905,0.4454856216907501,0,continue,4.934208320471722,0
12,109,0,0.777520497221021,0.9772,3.6855568872819346,0.45258376002311707,0,continue,5.711728817692743,0
12,110,0,0.25292838794571715,0.9772,3.632728152322249,0.499953031539917,0,continue,5.96465720563846,0
12,111,0,-1.4441752671641646,0.9772,3.5669982052210245,0.5114425420761108,0,continue,4.520481938474296,0
12,112,0,1.4356984484738091,0.9772,3.502381562353599,0.5619763135910034,0,continue,5.956180386948105,0
12,113,0,-0.13573075305135351,0.9772,3.444152124212718,0.5753093957901001,0,continue,5.820449633896752,0
12,114,0,0.18349558563004942,0.9772,3.3781354880473082,0.5687963366508484,0,continue,6.003945219526801,0
12,115,1,0.8251487167489755,0.9772,3.3131582697138096,0.5803068280220032,0,continue,6.829093936275776,0
12,116,1,0.6060180346355712,0.9772,3.2911326827030227,0.5846551656723022,0,continue,7.435111970911348,0
12,117,0,-1.6106221270594248,0.9772,3.290769095801065,0.6392053365707397,0,continue,5.824489843851923,0
12,118,2,0.34349340938168105,0.9772,3.2632929713502277,0.6585884094238281,0,continue,6.167983253233604,0
12,119,0,0.35129784079601145,0.9772,3.2005343025307305,0.7114214897155762,0,continue,6.5192810940296155,0
12,120,0,0.3343271573258015,0.9772,3.1385795839912243,0.7397695779800415,0,continue,6.853608251355417,0
12,121,0,0.33457504482896677,0.9772,3.0843661258193693,0.8217654824256897,0,continue,7.188183296184383,0
12,122,0,0.308525939513339,0.9772,3.029640291190902,0.8526135087013245,0,continue,7.496709235697722,0
12,123,2,0.1545788105719193,0.9772,3.0210264272243217,0.8516528010368347,0,continue,7.6512880462696415,0
12,124,0,0.19276706068340368,0.9772,2.9872647676412565,0.8844761252403259,0,continue,7.8440551069530455,0
12,125,0,0.17685046890513095,0.9772,2.9532256061384863,0.9381095767021179,0,continue,8.020905575858176,0
12,126,0,0.23993698662616092,0.9772,2.91002303140569,0.9914032220840454,0,continue,8.260842562484337,0
12,127,0,0.22789002332451047,0.9772,2.8634997388901264,1.0348645448684692,0,continue,8.488732585808847,0
12,128,2,0.014435767252788057,0.9772,2.8574205932592953,1.1217151880264282,0,continue,8.503168353061636,0
12,129,2,0.26432374197011316,0.9772,2.803988662617063,1.124738097190857,0,continue,8.767492095031749,0
12,130,2,0.38570198330722344,0.9772,2.72355751712961,1.1638339757919312,0,continue,9.153194078338972,0
12,131,1,0.04796417306997881,0.9772,2.6526722904918976,1.2272626161575317,0,continue,9.20115825140895,0
12,132,0,0.2186133583332845,0.9772,2.5983515040671192,1.2449238300323486,0,continue,9.419771609742234,0
12,133,1,0.11628197332287508,0.9772,2.58561348556984,1.2868460416793823,0,continue,9.53605358306511,0
12,134,0,0.35354749191927093,0.9772,2.5092217788233913,1.2948018312454224,0,continue,9.88960107498438,0
12,135,0,0.37458760073667646,0.9772,2.4378673329455354,1.3133654594421387,0,continue,10.264188675721057,0
12,136,1,0.39809049427700194,0.9772,2.3578548361544334,1.3373222351074219,0,continue,10.662279169998058,0
12,137,1,0.13612864322785073,0.9772,2.3301617219039015,1.3743512630462646,0,continue,10.798407813225909,0
12,138,0,0.21576024349486903,0.9772,2.286163774660314,1.4169312715530396,0,continue,11.014168056720777,0
12,139,0,0.39686119161832195,0.9772,2.206338324373578,1.4210771322250366,0,continue,11.4110292483391,0
12,140,0,0.42155453019907896,0.9772,2.126463080417861,1.4645371437072754,0,continue,11.83258377853818,0
12,141,1,0.35356294625600937,0.9772,2.05560136970586,1.5069606304168701,0,continue,12.186146724794188,0
12,142,1,0.38175351399252727,0.9772,1.9792062989212675,1.5550589561462402,0,continue,12.567900238786715,0
12,143,1,0.06556683593937948,0.9772,1.9660679075782972,1.585651159286499,0,continue,12.633467074726093,0
12,144,0,0.12082228008314,0.9772,1.9441812376758114,1.616256594657898,0,continue,12.754289354809233,0
12,145,0,0.2607694494571982,0.9772,1.8961737084989951,1.6883760690689087,0,continue,13.015058804266431,0
12,146,0,0.21679023551273635,0.9772,1.8483908287374442,1.7085613012313843,0,continue,13.231849039779167,0
12,147,2,0.25662369047411876,0.9772,1.8012654501481917,1.7861908674240112,0,continue,13.488472730253285,0
12,148,0,0.1473669025295582,0.9772,1.7691940212266315,1.8239084482192993,0,continue,13.635839632782844,0
12,149,0,-0.005225321215741485,0.9772,1.767842462964168,1.837833285331726,0,continue,13.630614311567102,0
12,150,0,0.17663431524014958,0.9772,1.732627471450602,1.8422527313232422,0,continue,13.807248626807253,0
12,151,0,0.30128088119402896,0.9772,1.6733852501981727,1.8736636638641357,0,continue,14.108529508001281,0
12,152,0,0.34657362888131743,0.9772,1.6051711928691452,1.923844814300537,0,continue,14.455103136882599,0
12,153,0,0.5100965106273432,0.9772,1.5388277878606815,1.931151270866394,0,continue,14.965199647509943,0
12,154,0,0.3832475298766885,0.9772,1.4682344621091732,1.926128625869751,0,continue,15.348447177386632,0
12,155,1,0.19747175908940293,0.9772,1.42822245664199,1.9241994619369507,0,continue,15.545918936476035,0
12,156,1,0.3210863776706932,0.9772,1.366470053504497,1.9302223920822144,0,continue,15.867005314146729,0
12,157,2,-0.007936712545665492,0.9772,1.3063680116222436,1.9161152839660645,0,continue,15.859068601601063,0
12,158,2,0.23110449228568952,0.9772,1.2583305758259382,1.908452033996582,0,continue,16.09017309388675,0
12,159,0,0.10495468801937846,0.9772,1.2472956178096715,1.9154224395751953,0,continue,16.19512778190613,0
12,160,2,0.22123963088431703,0.9772,1.2023675684052284,1.9138952493667603,0,continue,16.416367412790446,0
12,161,2,0.25158496453005,0.9772,1.15078974545987,1.9105709791183472,0,continue,16.667952377320496,0
12,162,0,-0.25797184875989243,0.9772,1.1025719929576472,1.9074621200561523,0,continue,16.409980528560602,0
12,163,0,0.22540447596175167,0.9772,1.059027405428537,1.9073525667190552,0,continue,16.635385004522355,0
12,164,1,0.1658277343075038,0.9772,1.0287910397939164,1.885712742805481,0,continue,16.801212738829857,0
12,165,1,0.02697232147331081,0.9772,1.0281919302307458,1.8944357633590698,0,continue,16.828185060303166,0
12,166,0,0.09667519224311891,0.9772,1.0043160150173507,1.8902099132537842,0,continue,16.924860252546285,0
12,167,0,0.22447656537966057,0.9772,0.972590484761407,1.8822462558746338,0,continue,17.149336817925946,0
12,168,0,0.16474242876977205,0.9772,0.949413861649336,1.8741010427474976,0,continue,17.314079246695716,0
12,169,0,0.15173605513709956,0.9772,0.9294981754143008,1.8800297975540161,0,continue,17.465815301832816,0
12,170,0,0.03473103876238762,0.9772,0.9226635806308936,1.8751405477523804,0,continue,17.500546340595204,0
12,171,2,0.033878219868026936,0.9772,0.917390694533002,1.8714839220046997,0,continue,17.53442456046323,0
12,172,1,-0.21832577309305795,0.9772,0.9107973092520394,1.870102047920227,0,continue,17.316098787370173,0
12,173,0,-0.007356564319375891,0.9772,0.9101800259645229,1.8663733005523682,0,continue,17.308742223050796,0
12,174,0,-0.05330042693961785,0.9772,0.9156659805614741,1.8605222702026367,0,continue,17.255441796111178,0
12,175,1,-0.06632900627843252,0.9772,0.9233626082630076,1.8601561784744263,0,continue,17.189112789832745,0
12,176,0,-0.009885233161693962,0.9772,0.9235356587363325,1.8631291389465332,0,continue,17.17922755667105,0
12,177,2,-0.02661554851743251,0.9772,0.9266971455513909,1.8610172271728516,0,continue,17.152612008153618,0
12,178,0,-0.10235680476097621,0.9772,0.9384385010001441,1.8492897748947144,0,continue,17.05025520339264,0
12,179,0,-0.16791052422983846,0.9772,0.956205998426579,1.8412880897521973,0,continue,16.882344679162802,0
12,180,1,-0.2119917975498391,0.9772,0.9796158917973048,1.842736005783081,0,continue,16.670352881612963,0
12,181,0,-0.1934005386575295,0.9772,1.0135929958935912,1.8331934213638306,0,continue,16.476952342955435,0
12,182,2,-0.24148855140133402,0.9772,1.0570506877957566,1.8344453573226929,0,continue,16.2354637915541,0
12,183,2,-0.07259205853585007,0.9772,1.067731826243204,1.8350214958190918,0,continue,16.16287173301825,0
12,184,2,-0.5059980535685582,0.9772,1.1271863377308013,1.834128499031067,0,continue,15.656873679449692,0
12,185,0,-0.40277760539706353,0.9772,1.1971381765183085,1.8245751857757568,0,continue,15.25409607405263,0
12,186,0,-0.7002960163325551,0.9772,1.2666791835801379,1.8296763896942139,0,continue,14.553800057720075,0
12,187,1,-0.594293160151729,0.9772,1.344986906928881,1.8456109762191772,0,continue,13.959506897568346,0
12,188,0,-0.5257803952075724,0.9772,1.3892477781541113,1.8846657276153564,0,continue,13.433726502360773,0
12,189,1,-0.3377073905221516,0.9772,1.4163913321240367,1.880421757698059,0,continue,13.096019111838622,0
12,190,0,-0.4359975682702313,0.9772,1.4635883312253923,1.9376211166381836,0,continue,12.66002154356839,0
12,191,0,-1.3390765222423766,0.9772,1.5172456737212465,1.896897315979004,0,continue,11.320945021326015,0
12,192,0,-0.28463550683650435,0.9772,1.5339197562400613,1.8251445293426514,0,continue,11.03630951448951,0
12,193,0,-0.36208877213672175,0.9772,1.5737260561227995,1.7424311637878418,0,continue,10.674220742352787,0
12,194,0,-0.4254199539093962,0.9772,1.6184559154432512,1.7243086099624634,0,continue,10.248800788443392,0
12,195,0,-0.4266412298201768,0.9772,1.659524044872815,1.701784610748291,0,continue,9.822159558623214,0
12,196,0,-0.47067561037625383,0.9772,1.6953188198746316,1.6540390253067017,0,continue,9.35148394824696,0
12,197,0,-0.341510111516786,0.9772,1.722537118585516,1.6187446117401123,0,continue,9.009973836730174,0
12,198,0,-0.19341790011789872,0.9772,1.7254464890406238,1.6013156175613403,0,continue,8.816555936612275,0
12,199,0,-0.2542187158352647,0.9772,1.7372313933743104,1.56878662109375,0,continue,8.56233722077701,0
12,200,0,-0.38900672405396,0.9772,1.774778991102232,1.5324625968933105,0,continue,8.17333049672305,0
12,201,0,-0.45840566549349326,0.9772,1.8239846005397446,1.4753834009170532,0,continue,7.714924831229557,0
12,202,0,-0.45622560877297813,0.9772,1.8802213684055908,1.4122474193572998,0,continue,7.258699222456579,0
12,203,0,-0.40205436480398216,0.9772,1.9278607950303444,1.4025229215621948,0,continue,6.856644857652597,0
12,204,0,-0.23051721603751218,0.9772,1.9381737429380799,1.3869571685791016,0,continue,6.626127641615085,0
12,205,0,-0.43962872255287994,0.9772,1.9826829215647794,1.3310582637786865,0,continue,6.186498919062205,0
12,206,2,-0.48981712530162114,0.9772,2.03935591812733,1.2972332239151,0,continue,5.696681793760584,0
12,207,0,-0.4562705205679429,0.9772,2.0974074322215834,1.2094190120697021,0,continue,5.240411273192642,0
12,208,0,-0.41410862200390547,0.9772,2.150597700966028,1.1298389434814453,0,continue,4.826302651188736,0
12,209,1,-0.22991088591025607,0.9772,2.156319994203848,1.0844100713729858,0,continue,4.59639176527848,0
12,210,0,-0.2967067121600398,0.9772,2.1729950871626076,1.07650625705719,0,continue,4.2996850531184405,0
12,211,0,-0.40226689192043824,0.9772,2.2122210643474953,1.0406934022903442,0,continue,3.897418161198002,0
12,212,0,-0.34582969995787244,0.9772,2.240959977525355,0.9538125991821289,0,continue,3.55158846124013,0
12,213,0,-0.302905330954356,0.9772,2.2603994576598363,0.85760897397995,0,continue,3.248683130285774,0
12,214,0,-0.20071004189404465,0.9772,2.261831588075332,0.8382885456085205,0,continue,3.0479730883917293,0
12,215,0,-0.24019820329657957,0.9772,2.2671940136056707,0.825562596321106,0,continue,2.80777488509515,0
12,216,0,-0.22886185355470162,0.9772,2.276917824882184,0.7848414182662964,0,continue,2.578913031540448,0
12,217,2,-0.24212390384612903,0.9772,2.27896104395913,0.7622392773628235,0,continue,2.336789127694319,0
12,218,0,-0.2962458889973837,0.9772,2.2735113313461346,0.7205350399017334,0,continue,2.0405432386969355,0
12,219,0,-0.14025099109250405,0.9772,2.2682786551651946,0.6884025931358337,0,continue,1.9002922476044315,0
12,220,0,-0.0690204267348754,0.9772,2.24079475662173,0.6795157790184021,0,continue,1.831271820869556,0
12,221,2,-0.19953683150892437,0.9772,2.2336724357927387,0.6813068985939026,0,continue,1.6317349893606317,0
12,222,0,-0.592605838101022,0.9772,2.2340415192528784,0.6573202610015869,0,continue,1.0391291512596097,0
12,223,0,-1.1604957686511037,0.9772,2.2321106546048792,0.6561635732650757,0,continue,-0.12136661739149401,0
12,224,0,-0.24908753339607642,0.9772,2.213451572187163,0.6543141603469849,0,continue,-0.37045415078757044,0
12,225,0,-0.13334532847562502,0.9772,2.2063819106160314,0.6606032848358154,0,continue,-0.5037994792631955,0
12,226,1,-0.21831049539475347,0.9772,2.2089197996377465,0.7012106776237488,0,continue,-0.7221099746579489,0
12,227,2,-0.5086280462365103,0.9772,2.2091663816954505,0.7142667770385742,0,continue,-1.2307380208944592,0
12,228,1,0.12896986893545692,0.9772,2.209063884789949,0.7020395994186401,0,continue,-1.1017681519590021,0
12,229,0,-0.21341051773388608,0.9772,2.2138130022287914,0.7355402708053589,0,continue,-1.3151786696928882,0
12,230,0,-0.153404719523775,0.9772,2.2255356340934775,0.7675837874412537,0,continue,-1.468583389216663,0
12,231,0,-0.258803113250574,0.9772,2.238657212543016,0.7875730395317078,0,continue,-1.727386502467237,0
12,232,0,-0.28966842700482776,0.9772,2.244444838895329,0.7815799117088318,0,continue,-2.0170549294720646,0
12,233,0,-0.20342542072441905,0.9772,2.2480938425617394,0.8007040619850159,0,continue,-2.2204803501964836,0
12,234,0,-0.2845829370977499,0.9772,2.269568938088992,0.8115545511245728,0,continue,-2.5050632872942336,0
12,235,2,-0.31895515797674345,0.9772,2.292503842233324,0.8270532488822937,0,continue,-2.824018445270977,0
12,236,0,-0.3501354462834073,0.9772,2.3208325362205606,0.8400677442550659,0,continue,-3.1741538915543845,0
12,237,0,-0.3335075322239549,0.9772,2.347652318023258,0.8646708726882935,0,continue,-3.5076614237783392,0
12,238,0,-0.19752888645726202,0.9772,2.350243194311072,0.8634869456291199,0,continue,-3.705190310235601,0
12,239,0,-0.21226356598413532,0.9772,2.356912363013381,0.8787143230438232,0,continue,-3.9174538762197364,0
12,240,0,-0.3651181841411534,0.9772,2.38932196671332,0.9081920385360718,0,continue,-4.28257206036089,0
12,241,2,-0.4016211136730841,0.9772,2.428542062963586,0.9186084270477295,0,continue,-4.6841931740339735,0
12,242,2,-0.3983675042020838,0.9772,2.4671894110122494,0.9413504600524902,0,continue,-5.0825606782360575,0
12,243,0,-0.43321807004931945,0.9772,2.512800721537421,0.9433936476707458,0,continue,-5.515778748285377,0
12,244,0,-0.4170355609564591,0.9772,2.556895978394111,0.9518561363220215,0,continue,-5.932814309241836,0
12,245,0,-0.26750076706764236,0.9772,2.570919527585216,0.953384280204773,0,continue,-6.2003150763094785,0
12,246,1,-0.2735892752220219,0.9772,2.585430804430698,0.9939236044883728,0,continue,-6.4739043515315,0
12,247,0,-0.3490193887449359,0.9772,2.613742831289364,1.0003318786621094,0,continue,-6.822923740276436,0
12,248,0,-0.2831465405728927,0.9772,2.6277170637655756,1.0302726030349731,0,continue,-7.106070280849329,0
12,249,0,-0.24191268447983927,0.9772,2.630211795744028,1.0321540832519531,0,continue,-7.347982965329168,0
12,250,1,0.07582624782619551,0.9772,2.629705949852179,1.060894250869751,0,continue,-7.272156717502972,0
12,251,1,0.09096927411046501,0.9772,2.6236843873917106,1.0589749813079834,0,continue,-7.181187443392507,0
12,252,0,-0.3807918976766068,0.9772,2.631774811999972,1.0776013135910034,0,continue,-7.561979341069114,0
12,253,2,-0.26648341747709725,0.9772,2.6439145189120157,1.091292142868042,0,continue,-7.828462758546212,0
12,254,0,-0.33759500038582263,0.9772,2.6470690816139077,1.1109577417373657,0,continue,-8.166057758932034,0
12,255,0,-0.24023938785715207,0.9772,2.6524957562581655,1.1117233037948608,0,continue,-8.406297146789186,0
12,256,2,-0.30332607154183544,0.9772,2.6704858605097224,1.1539112329483032,0,continue,-8.709623218331021,0
12,257,0,-0.23863296230987038,0.9772,2.6910887469485973,1.235577940940857,0,continue,-8.948256180640891,0
12,258,2,-0.23755193575740555,0.9772,2.698027446133173,1.2945953607559204,0,continue,-9.185808116398297,0
12,259,0,-0.2780279154422527,0.9772,2.7135669257100097,1.355681300163269,0,continue,-9.46383603184055,0
12,260,1,-0.33407430775062086,0.9772,2.73862721422755,1.4064441919326782,0,continue,-9.797910339591171,0
12,261,2,-0.6190764191027205,0.9772,2.7616493690203288,1.439020037651062,0,continue,-10.416986758693891,0
12,262,2,-0.2930443926355527,0.9772,2.7801038425847766,1.5194947719573975,0,continue,-10.710031151329444,0
12,263,0,-0.2095590193221563,0.9772,2.784226579819207,1.5789544582366943,0,continue,-10.9195901706516,0
12,264,0,-0.2845411289400705,0.9772,2.799377556249755,1.5800881385803223,0,continue,-11.20413129959167,0
12,265,0,-0.35776191541548996,0.9772,2.8263345062929126,1.5925214290618896,0,continue,-11.56189321500716,0
12,266,0,-0.3692092156273929,0.9772,2.860227367324847,1.526680827140808,0,continue,-11.931102430634553,0
12,267,0,-0.23265514214201222,0.9772,2.8670987227772695,1.4679495096206665,0,continue,-12.163757572776564,0
12,268,0,-0.27224254292241473,0.9772,2.883690323392336,1.4445958137512207,0,continue,-12.43600011569898,0
12,269,0,-0.5849014851653338,0.9772,2.9588118878961414,1.4288208484649658,0,continue,-13.020901600864313,0
12,270,0,-0.4951121201761076,0.9772,3.032059557947986,1.3702800273895264,0,continue,-13.516013721040421,0
12,271,0,-0.2981525274066894,0.9772,3.107196053168723,1.3433549404144287,0,continue,-13.81416624844711,0
12,272,0,-0.6792031105394503,0.9772,3.1632972217803856,1.3163975477218628,0,continue,-14.49336935898656,0
12,273,1,-0.20593700045693103,0.9772,3.1634242637359438,1.289021611213684,0,continue,-14.699306359443492,0
12,274,0,-0.26874337513947366,0.9772,3.20123767224619,1.1960805654525757,0,continue,-14.968049734582966,0
12,275,1,-0.5895617710193657,0.9772,3.2785407117527288,1.1514463424682617,0,continue,-15.557611505602331,0
12,276,0,-0.7408903310487494,0.9772,3.3648825704353325,1.0553704500198364,0,continue,-16.29850183665108,0
12,277,0,-0.6906932337574343,0.9772,3.4441854768481086,0.9784003496170044,0,continue,-16.989195070408513,0
12,278,2,-0.3228130172838522,0.9772,3.4685325400991927,0.9637172818183899,0,continue,-17.312008087692366,0
12,279,1,-0.582864213665285,0.9772,3.48503487406567,0.9277686476707458,0,continue,-17.89487230135765,0
12,280,0,-0.6290281319179059,0.9772,3.563368842564829,0.830518364906311,0,continue,-18.523900433275557,0
12,281,0,-0.6599793621978503,0.9772,3.6438483741244405,0.7338469624519348,0,continue,-19.18387979547341,0
12,282,0,-0.5684040747025247,0.9772,3.7166768953633005,0.6837542653083801,0,continue,-19.752283870175933,0
12,283,0,-0.5543526214459573,0.9772,3.7897807357679536,0.6260663866996765,0,continue,-20.30663649162189,0
12,284,0,-0.43581026911090975,0.9772,3.8387014809258964,0.6259554028511047,0,continue,-20.7424467607328,0
12,285,0,-0.460440782379724,0.9772,3.8847449340941433,0.5838284492492676,0,continue,-21.202887543112524,0
12,286,0,-0.2909298352214822,0.9772,3.89947709105425,0.541104257106781,0,continue,-21.493817378334008,0
12,287,0,-0.44918255113413563,0.9772,3.9468471851273716,0.4861496686935425,0,continue,-21.942999929468144,0
12,288,1,-0.5366206732311947,0.9772,3.9929569543550816,0.38631588220596313,0,continue,-22.479620602699338,0
12,289,1,-0.30970541427215464,0.9772,3.9864497200669935,0.34077179431915283,0,continue,-22.789326016971494,0
12,290,0,-0.8713895503036515,0.9772,3.9931912032342374,0.23842577636241913,0,continue,-23.660715567275144,0
12,291,0,-30.994510838099785,0.9772,3.9911205177840943,0.18533062934875488,1,crush,-54.65522640537493,0
13,1,0,-0.9645958829852022,0.9753000000000001,6.127804898463325,0.11999999731779099,0,continue,-0.9645958829852022,0
13,2,0,-1.029890022954988,0.9753000000000001,6.127758240237959,0.11999999731779099,0,continue,-1.9944859059401903,0
13,3,0,-1.2026158023223341,0.9753000000000001,6.1278376668621055,0.11999999731779099,0,continue,-3.197101708262524,0
13,4,0,-31.02164907494709,0.9753000000000001,6.12763648241411,0.11999999731779099,1,crush,-34.218750783209614,0
14,1,0,-0.9404088396759904,0.9734,6.581989760357172,0.11999999731779099,0,continue,-0.9404088396759904,0
14,2,2,-0.4697958264502612,0.9734,6.582182238392484,0.11999999731779099,0,continue,-1.4102046661262517,0
14,3,0,-0.9777831729342472,0.9734,6.582003161696777,0.11999999731779099,0,continue,-2.387987839060499,0
14,4,0,-31.01807371018551,0.9734,6.582108611168729,0.11999999731779099,1,crush,-33.40606154924601,0
15,1,0,-1.0428503591748155,0.9715,3.445808414178959,0.11999999731779099,0,continue,-1.0428503591748155,0
15,2,0,-1.0203364715570749,0.9715,3.4458102665837407,0.11999999731779099,0,continue,-2.0631868307318904,0
15,3,0,-0.9873526090169518,0.9715,3.4458099877268706,0.11999999731779099,0,continue,-3.0505394397488423,0
15,4,0,-30.98837677386744,0.9715,3.4458076768693147,0.11999999731779099,1,crush,-34.03891621361628,0
16,1,0,0.0,0.9696,6.0002884901060325,0.8916798830032349,0,continue,0.0,0
16,2,2,-7.504518254020099e-06,0.9696,6.000289805363994,0.902435302734375,0,continue,-7.504518254020099e-06,0
16,3,0,-0.010125239214591032,0.9696,6.000290856562009,0.8872048258781433,0,continue,-0.010132743732845052,0
16,4,2,-3.052631042566034e-06,0.9696,6.000291238694411,0.8927850723266602,0,continue,-0.010135796363887617,0
16,5,2,0.0029135772436473806,0.9696,6.000290832505438,0.9094215035438538,0,continue,-0.007222219120240236,0
16,6,1,0.021736117735572193,0.9696,5.9358815927174025,0.8954110741615295,0,continue,0.014513898615331956,0
16,7,2,0.19856808301165774,0.9696,5.837279960121598,0.8900389671325684,0,continue,0.21308198162698969,0
16,8,0,0.4089990936692773,0.9696,5.756522525433582,0.8961424827575684,0,continue,0.622081075296267,0
16,9,0,0.40018565853442634,0.9696,5.675590015553768,0.8906673789024353,0,continue,1.0222667338306932,0
16,10,1,0.3897445790102587,0.9696,5.59762066640682,0.9063199162483215,0,continue,1.412011312840952,0
16,11,0,0.03808802624396268,0.9696,5.592550570651205,0.9334568977355957,0,continue,1.4500993390849146,0
16,12,0,0.2570563201903593,0.9696,5.549504035643891,1.0300477743148804,0,continue,1.707155659275274,0
16,13,0,0.2561851288404567,0.9696,5.5010646225559885,1.1194418668746948,0,continue,1.9633407881157305,0
16,14,0,0.2313640124943513,0.9696,5.450527500460668,1.1789017915725708,0,continue,2.194704800610082,0
16,15,2,0.16683755399367411,0.9696,5.41054225174157,1.2808722257614136,0,continue,2.361542354603756,0
16,16,0,0.01884479593865831,0.9696,5.405870413914242,1.3115509748458862,0,continue,2.3803871505424143,0
16,17,0,0.153003376249617,0.9696,5.37548679314195,1.3131661415100098,0,continue,2.533390526792031,0
16,18,2,0.30965036761130216,0.9696,5.316292073294167,1.3787156343460083,0,continue,2.8430408944033334,0
16,19,0,0.3195506009799774,0.9696,5.253896051821333,1.4096076488494873,0,continue,3.1625914953833107,0
16,20,0,0.28769034423637924,0.9696,5.19907593158509,1.458146572113037,0,continue,3.45028183961969,0
16,21,2,0.2688125738925408,0.9696,5.1855249626604225,1.505208134651184,0,continue,3.719094413512231,0
16,22,2,0.37360824352279925,0.9696,5.1507520736244725,1.5160475969314575,0,continue,4.09270265703503,0
16,23,2,0.29913347575410737,0.9696,5.1203714131046985,1.5536551475524902,0,continue,4.3918361327891375,0
16,24,2,0.17834325182701946,0.9696,5.102926952024108,1.6219377517700195,0,continue,4.570179384616157,0
16,25,0,0.015115009679133349,0.9696,5.102406578793199,1.699070692062378,0,continue,4.585294394295291,0
16,26,0,0.025554950778452934,0.9696,5.096948975412034,1.730734944343567,0,continue,4.610849345073744,0
16,27,0,0.05520213339194093,0.9696,5.0855932587169805,1.7357877492904663,0,continue,4.666051478465684,0
16,28,0,-0.015537993859663542,0.9696,5.0794685453976385,1.765236735343933,0,continue,4.650513484606021,0
16,29,1,-0.07815762075253399,0.9696,5.0835209910350345,1.8034285306930542,0,continue,4.572355863853487,0
16,30,2,-0.4035703426639126,0.9696,5.10121235961465,1.8373267650604248,0,continue,4.168785521189575,0
16,31,0,-0.10607108736961601,0.9696,5.1145171535622795,1.8442367315292358,0,continue,4.062714433819959,0
16,32,2,0.002406722290016025,0.9696,5.108364707811963,1.8519254922866821,0,continue,4.065121156109975,0
16,33,0,0.10418899626181503,0.9696,5.090041378971084,1.8631728887557983,0,continue,4.16931015237179,0
16,34,0,0.179380516520486,0.9696,5.071189352764532,1.877874493598938,0,continue,4.348690668892276,0
16,35,0,0.27493316618557295,0.9696,5.069685784665626,1.890735149383545,0,continue,4.623623835077849,0
16,36,0,0.06557900577408235,0.9696,5.06151084816831,1.8822624683380127,0,continue,4.689202840851931,0
16,37,0,-0.4637406578603051,0.9696,5.0359573848957355,1.8480150699615479,0,continue,4.225462182991626,0
16,38,1,0.028993674666188428,0.9696,5.021112189949459,1.862913966178894,0,continue,4.254455857657814,0
16,39,2,-0.2842348124059005,0.9696,5.020639313665655,1.8987935781478882,0,continue,3.9702210452519138,0
16,40,0,-0.0543510326984102,0.9696,5.027030590833863,1.9026583433151245,0,continue,3.9158700125535035,0
16,41,0,-0.0054123308936672825,0.9696,5.027201370638146,1.9080097675323486,0,continue,3.910457681659836,0
16,42,0,-0.024709967014677446,0.9696,5.033063592183215,1.9271284341812134,0,continue,3.885747714645159,0
16,43,2,-0.11994585745425565,0.9696,5.055302902417322,1.9283119440078735,0,continue,3.7658018571909033,0
16,44,0,-0.03940226269814584,0.9696,5.075408759196001,1.8913795948028564,0,continue,3.7263995944927575,0
16,45,0,-0.005443576634998726,0.9696,5.09699743930738,1.886165976524353,0,continue,3.720956017857759,0
16,46,0,-0.1704246502572674,0.9696,5.101455714663581,1.8841842412948608,0,continue,3.5505313676004917,0
16,47,0,-0.2552986612660839,0.9696,5.121524517932072,1.8855434656143188,0,continue,3.295232706334408,0
16,48,0,-0.38132041790654003,0.9696,5.147023631130734,1.8856439590454102,0,continue,2.9139122884278676,0
16,49,1,-0.32954000468164624,0.9696,5.1724955674051385,1.9010004997253418,0,continue,2.5843722837462213,0
16,50,0,-0.26470449059094786,0.9696,5.184796051539545,1.9054393768310547,0,continue,2.3196677931552734,0
16,51,0,-0.2104113186580265,0.9696,5.192609274201424,1.89597749710083,0,continue,2.109256474497247,0
16,52,0,-0.2895272422152392,0.9696,5.209639223395496,1.8977408409118652,0,continue,1.819729232282008,0
16,53,0,-0.31549172252780866,0.9696,5.216886270444917,1.9108549356460571,0,continue,1.5042375097541993,0
16,54,0,-0.23671599744127253,0.9696,5.213438362461308,1.916780948638916,0,continue,1.2675215123129269,0
16,55,0,-0.20593384747017157,0.9696,5.212845534154399,1.9200836420059204,0,continue,1.0615876648427554,0
16,56,0,-0.1200115238320208,0.9696,5.19605160378442,1.925618052482605,0,continue,0.9415761410107346,0
16,57,0,-0.15941600929552338,0.9696,5.178909980321678,1.9260284900665283,0,continue,0.7821601317152113,0
16,58,1,-0.13536849135666112,0.9696,5.169820821402295,1.9142388105392456,0,continue,0.6467916403585501,0
16,59,0,-0.2408939465287478,0.9696,5.16092327020069,1.9360772371292114,0,continue,0.4058976938298023,0
16,60,2,-0.12180484073805378,0.9696,5.1483237466417675,1.9253318309783936,0,continue,0.2840928530917485,0
16,61,2,-0.16214987948522747,0.9696,5.141885544667067,1.926458477973938,0,continue,0.12194297360652101,0
16,62,2,-0.20622100497097753,0.9696,5.141620629638994,1.8690177202224731,0,continue,-0.08427803136445652,0
16,63,0,-0.1561528459245059,0.9696,5.136438401528009,1.8286948204040527,0,continue,-0.24043087728896242,0
16,64,0,-0.16228203804712857,0.9696,5.1309831574383375,1.8051650524139404,0,continue,-0.402712915336091,0
16,65,0,-0.1578647345769335,0.9696,5.124998851603889,1.7723456621170044,0,continue,-0.5605776499130245,0
16,66,1,-0.11305214531890774,0.9696,5.118896150019047,1.7206684350967407,0,continue,-0.6736297952319322,0
16,67,0,-0.19035738486360332,0.9696,5.1151483502750885,1.7200335264205933,0,continue,-0.8639871800955355,0
16,68,0,0.004679006285647481,0.9696,5.114725560801553,1.7071067094802856,0,continue,-0.8593081738098881,0
16,69,2,0.009697143203221925,0.9696,5.112512088828721,1.6588929891586304,0,continue,-0.8496110306066662,0
16,70,2,0.005363688871276117,0.9696,5.11121503806666,1.6363431215286255,0,continue,-0.8442473417353901,0
16,71,0,0.021049980088598774,0.9696,5.110862114064531,1.592463493347168,0,continue,-0.8231973616467912,0
16,72,2,-0.00920070341848076,0.9696,5.112077120161899,1.5386308431625366,0,continue,-0.832398065065272,0
16,73,2,-0.007838568441009696,0.9696,5.113325698326109,1.5229506492614746,0,continue,-0.8402366335062817,0
16,74,0,-0.0011899650426337336,0.9696,5.115182458815847,1.5259054899215698,0,continue,-0.8414265985489154,0
16,75,0,-0.0050823011706986315,0.9696,5.119551976720139,1.4695802927017212,0,continue,-0.8465088997196141,0
16,76,1,-0.03438468215174746,0.9696,5.125860603655578,1.4239141941070557,0,continue,-0.8808935818713616,0
16,77,0,-0.027335483673264795,0.9696,5.134256426909057,1.367168664932251,0,continue,-0.9082290655446263,0
16,78,0,-0.03854857077574079,0.9696,5.142675618584333,1.3447370529174805,0,continue,-0.9467776363203672,0
16,79,0,-0.02491150967240463,0.9696,5.150808511368589,1.303471565246582,0,continue,-0.9716891459927718,0
16,80,0,-0.2041841018244085,0.9696,5.151219305380817,1.2630430459976196,0,continue,-1.1758732478171803,0
16,81,2,-0.2029893697316305,0.9696,5.151690604328102,1.16847562789917,0,continue,-1.3788626175488108,0
16,82,0,-0.2305167376887579,0.9696,5.15840048408293,1.1273802518844604,0,continue,-1.6093793552375688,0
16,83,1,-0.2973249452911427,0.9696,5.1718757437699105,1.0447139739990234,0,continue,-1.9067043005287114,0
16,84,1,-0.3575723654543438,0.9696,5.195189636983327,0.9584331512451172,0,continue,-2.264276665983055,0
16,85,0,-0.41678053872659016,0.9696,5.232848230611282,0.923784077167511,0,continue,-2.6810572047096453,0
16,86,0,-0.41471640665291537,0.9696,5.272434939841252,0.9261919260025024,0,continue,-3.0957736113625605,0
16,87,0,-0.26367253250570954,0.9696,5.281644003071221,0.8986114263534546,0,continue,-3.35944614386827,0
16,88,0,-0.21950667910206506,0.9696,5.288329210170643,0.8360925912857056,0,continue,-3.578952822970335,0
16,89,1,-0.5029209038254817,0.9696,5.347352446931667,0.8078163266181946,0,continue,-4.081873726795817,0
16,90,0,-0.9726838286914716,0.9696,5.428364191371181,0.7588100433349609,0,continue,-5.054557555487289,0
16,91,2,-0.5638576871120542,0.9696,5.5005931127842045,0.7370703220367432,0,continue,-5.618415242599343,0
16,92,0,-0.799258888219702,0.9696,5.574338562665953,0.6800775527954102,0,continue,-6.417674130819045,0
16,93,2,-0.6181270851296417,0.9696,5.657491039443145,0.669806957244873,0,continue,-7.035801215948687,0
16,94,0,-0.5522446871592337,0.9696,5.729114914853231,0.6699106097221375,0,continue,-7.58804590310792,0
16,95,1,-0.2620817203896962,0.9696,5.740991750920024,0.5827744603157043,0,continue,-7.850127623497617,0
16,96,1,-0.2572445901116199,0.9696,5.7524264214264695,0.5021110773086548,0,continue,-8.107372213609237,0
16,97,0,-0.5750643777753629,0.9696,5.822598255407283,0.4559025168418884,0,continue,-8.682436591384599,0
16,98,1,-0.6283528304154744,0.9696,5.885607541797974,0.353488951921463,0,continue,-9.310789421800074,0
16,99,1,-0.586816793298162,0.9696,5.9077519846325925,0.2734507918357849,0,continue,-9.897606215098236,0
16,100,0,-0.7435958600040709,0.9696,5.887858055289459,0.21635030210018158,0,continue,-10.641202075102306,0
16,101,0,-0.8083968643331818,0.9696,5.878667787740424,0.21871228516101837,0,continue,-11.449598939435488,0
16,102,1,-30.550745230317396,0.9696,5.86948832130262,0.17350511252880096,1,crush,-42.000344169752886,0
17,1,0,-0.978814451787082,0.9677,6.9212973341828175,0.11999999731779099,0,continue,-0.978814451787082,0
17,2,1,-0.4662993508049633,0.9677,6.9212948762253665,0.11999999731779099,0,continue,-1.4451138025920454,0
17,3,0,-0.7393876124109993,0.9677,6.920736361823636,0.11999999731779099,0,continue,-2.1845014150030444,0
17,4,0,-30.853281071674324,0.9677,6.921225934926814,0.11999999731779099,1,crush,-33.03778248667737,0
18,1,0,0.0,0.9658,6.033059630821871,0.9576411247253418,0,continue,0.0,0
18,2,1,-0.00034140150322263806,0.9658,6.033127633821193,0.9622657299041748,0,continue,-0.00034140150322263806,0
18,3,0,0.0026155959486630744,0.9658,6.033262302795955,0.9502573609352112,0,continue,0.0022741944454404365,0
18,4,2,-0.0007003643989689668,0.9658,6.0334015912719146,0.965006411075592,0,continue,0.0015738300464714697,0
18,5,0,-0.00037069560225737596,0.9658,6.033521003870084,0.9695922136306763,0,continue,0.0012031344442140937,0
18,6,0,-0.040216422516423656,0.9658,6.040757610920709,0.9613687992095947,0,continue,-0.039013288072209565,0
18,7,0,-0.26928920207610585,0.9658,6.094511466044569,0.9671387076377869,0,continue,-0.3083024901483154,0
18,8,0,-0.31756629301726697,0.9658,6.155376611274663,0.9648022055625916,0,continue,-0.6258687831655824,0
18,9,2,-0.34758472460897905,0.9658,6.224689342940007,0.9607753157615662,0,continue,-0.9734535077745614,0
18,10,2,-0.2437803515833413,0.9658,6.273352474748823,0.9562680125236511,0,continue,-1.2172338593579026,0
18,11,0,-0.05350102904990885,0.9658,6.284277143388293,0.9597118496894836,0,continue,-1.2707348884078116,0
18,12,0,-0.1784170404141853,0.9658,6.319666539284977,0.9539172053337097,0,continue,-1.449151928821997,0
18,13,0,-0.22520824406061932,0.9658,6.3615206795379775,0.9384881258010864,0,continue,-1.6743601728826163,0
18,14,0,-0.18207483002562835,0.9658,6.396007569330927,0.8834457397460938,0,continue,-1.8564350029082446,0
18,15,0,-0.17050710742909256,0.9658,6.433117127631065,0.796514093875885,0,continue,-2.026942110337337,0
18,16,0,-0.13555395364726372,0.9658,6.45658681686881,0.762147843837738,0,continue,-2.1624960639846007,0
18,17,0,-0.012612203784961638,0.9658,6.46064199402314,0.7086709141731262,0,continue,-2.1751082677695623,0
18,18,0,-0.17711758675354408,0.9658,6.497493461343308,0.6623653769493103,0,continue,-2.3522258545231063,0
18,19,0,-0.23278887547420327,0.9658,6.54171054834746,0.6362975835800171,0,continue,-2.5850147299973094,0
18,20,2,-0.28951760676654437,0.9658,6.599487517672588,0.5608546733856201,0,continue,-2.8745323367638536,0
18,21,0,-1.4121649432442869,0.9658,6.638453421867601,0.5202000141143799,0,continue,-4.28669728000814,0
18,22,0,-0.46088807724180186,0.9658,6.640903332741522,0.5137935876846313,0,continue,-4.7475853572499425,0
18,23,1,-0.22162575462274242,0.9658,6.643208478581794,0.4806995391845703,0,continue,-4.969211111872685,0
18,24,0,-0.361274291717124,0.9658,6.67074804854987,0.4379808306694031,0,continue,-5.330485403589809,0
18,25,2,-0.45003129426778976,0.9658,6.703943093302762,0.4056605100631714,0,continue,-5.780516697857599,0
18,26,1,-0.8685170539818237,0.9658,6.744101891288442,0.3396565914154053,0,continue,-6.649033751839422,0
18,27,0,-0.6821325314384241,0.9658,6.789801059840013,0.31275805830955505,0,continue,-7.331166283277846,0
18,28,0,-0.5960627970559348,0.9658,6.821097120220424,0.3173710107803345,0,continue,-7.927229080333781,0
18,29,0,-0.5323528018647259,0.9658,6.8333818420113985,0.29522964358329773,0,continue,-8.459581882198506,0
18,30,1,-0.79361001099602,0.9658,6.905280765968387,0.26758554577827454,0,continue,-9.253191893194526,0
18,31,0,-0.7968964526533868,0.9658,6.9109689313416585,0.2209659218788147,0,continue,-10.050088345847913,0
18,32,2,-0.5060991171168816,0.9658,6.905841162933184,0.20033372938632965,0,continue,-10.556187462964795,0
18,33,1,-30.949183810710363,0.9658,6.910039949548353,0.14700064063072205,1,crush,-41.50537127367516,0
19,1,0,-1.0344504404993928,0.9639,6.055804932026111,0.11999999731779099,0,continue,-1.0344504404993928,0
19,2,2,-0.4684956642029754,0.9639,6.055804747129574,0.11999999731779099,0,continue,-1.5029461047023682,0
19,3,0,-1.010740950925511,0.9639,6.055804216876941,0.12280289083719254,0,continue,-2.513687055627879,0
19,4,0,-31.019714962039085,0.9639,6.055803405984946,0.11999999731779099,1,crush,-33.533402017666965,0
20,1,2,0.15977159142494202,0.962,5.84721730175161,1.0556081533432007,0,continue,0.15977159142494202,0
20,2,1,-0.29999496569905293,0.962,5.847216244020567,1.0565217733383179,0,continue,-0.1402233742741109,0
20,3,0,0.012795599080808318,0.962,5.844368529646787,1.0555270910263062,0,continue,-0.1274277751933026,0
20,4,2,0.32607174832035923,0.962,5.810671171022915,1.060774326324463,0,continue,0.19864397312705664,0
20,5,0,0.1219760028699547,0.962,5.780514722259541,1.044447660446167,0,continue,0.32061997599701136,0
20,6,0,-0.017706450253542047,0.962,5.776419329981487,1.0559961795806885,0,continue,0.3029135257434693,0
20,7,0,0.1399258289343781,0.962,5.749063580906381,1.064090371131897,0,continue,0.4428393546778474,0
20,8,0,0.12349826239374646,0.962,5.716396923419481,1.0607300996780396,0,continue,0.5663376170715939,0
20,9,1,0.1245865027852254,0.962,5.680204093141717,1.054896593093872,0,continue,0.6909241198568193,0
20,10,1,0.0009274601064523727,0.962,5.67560675850954,1.0847612619400024,0,continue,0.6918515799632717,0
20,11,0,0.2768427600489828,0.962,5.625543642919535,1.1260558366775513,0,continue,0.9686943400122545,0
20,12,1,0.2919580767455573,0.962,5.564070933820091,1.1375682353973389,0,continue,1.2606524167578117,0
20,13,1,0.3295201312354865,0.962,5.496140921271836,1.1532535552978516,0,continue,1.5901725479932982,0
20,14,0,0.20745166896242087,0.962,5.462816082375984,1.1787532567977905,0,continue,1.797624216955719,0
20,15,0,0.03928124832390559,0.962,5.449583227320049,1.1921170949935913,0,continue,1.8369054652796246,0
20,16,0,0.20405019876341346,0.962,5.4086819580687395,1.2164300680160522,0,continue,2.040955664043038,0
20,17,1,0.16253393935905036,0.962,5.370667301051183,1.2270665168762207,0,continue,2.2034896034020885,0
20,18,0,0.1606097320998802,0.962,5.335947102923379,1.2845531702041626,0,continue,2.364099335501969,0
20,19,0,0.09783616217353286,0.962,5.313116765830058,1.3427671194076538,0,continue,2.4619354976755017,0
20,20,0,0.02251387328642185,0.962,5.311113293492864,1.436336636543274,0,continue,2.4844493709619235,0
20,21,0,0.007432929196939764,0.962,5.310633923921931,1.442065954208374,0,continue,2.4918823001588635,0
20,22,0,0.16730871416667722,0.962,5.276723193066179,1.4638721942901611,0,continue,2.6591910143255406,0
20,23,0,0.23080429530546903,0.962,5.232504100858722,1.5145273208618164,0,continue,2.8899953096310096,0
20,24,0,0.2450155563557369,0.962,5.187440492779405,1.5463787317276,0,continue,3.1350108659867466,0
20,25,2,0.39345344933265414,0.962,5.140238816957789,1.6009827852249146,0,continue,3.528464315319401,0
20,26,0,0.18460426386404263,0.962,5.1015641563818095,1.6187084913253784,0,continue,3.7130685791834437,0
20,27,0,0.17419108197110766,0.962,5.067312255503673,1.6135882139205933,0,continue,3.8872596611545513,0
20,28,0,0.02231445863763768,0.962,5.062960760178367,1.6299649477005005,0,continue,3.909574119792189,0
20,29,0,0.13678198363458946,0.962,5.043010682469122,1.6912351846694946,0,continue,4.0463561034267785,0
20,30,0,0.2084772759261933,0.962,5.002943215688926,1.7240793704986572,0,continue,4.254833379352972,0
20,31,1,0.16397311054249947,0.962,4.969342932459487,1.7576411962509155,0,continue,4.418806489895471,0
20,32,0,0.22632921189000282,0.962,4.927740046374763,1.8235713243484497,0,continue,4.645135701785474,0
20,33,0,0.21405618916115893,0.962,4.886784366028751,1.85299551486969,0,continue,4.859191890946633,0
20,34,0,0.22209898990346807,0.962,4.846289768469174,1.884992003440857,0,continue,5.081290880850101,0
20,35,0,0.04050795205238602,0.962,4.841999902246549,1.9033622741699219,0,continue,5.1217988329024875,0
20,36,0,0.22879866193699852,0.962,4.798916937009199,1.887474536895752,0,continue,5.350597494839486,0
20,37,0,0.23441357514316033,0.962,4.757505974623718,1.8287843465805054,0,continue,5.585011069982647,0
20,38,1,0.3005286938452904,0.962,4.716874366135813,1.7567188739776611,0,continue,5.885539763827937,0
20,39,0,0.2227509630237047,0.962,4.673599674002168,1.7182798385620117,0,continue,6.108290726851642,0
20,40,2,0.05772430424128707,0.962,4.661780117299811,1.715279459953308,0,continue,6.166015031092929,0
20,41,1,-0.04227286769642412,0.962,4.636096793488686,1.6689587831497192,0,continue,6.123742163396505,0
20,42,0,0.22042187613693723,0.962,4.596419743047212,1.5903809070587158,0,continue,6.344164039533442,0
20,43,1,0.3666917104964269,0.962,4.562955195245503,1.5254242420196533,0,continue,6.71085575002987,0
20,44,0,0.05043190673452384,0.962,4.5566336373875345,1.4835540056228638,0,continue,6.761287656764393,0
20,45,2,0.0827203953858231,0.962,4.539505617842376,1.4518846273422241,0,continue,6.844008052150216,0
20,46,2,0.13177425139003204,0.962,4.504542943010165,1.4071325063705444,0,continue,6.975782303540249,0
20,47,1,-0.009739487331172393,0.962,4.475404329469618,1.3444583415985107,0,continue,6.966042816209076,0
20,48,2,-0.28706929488690447,0.962,4.4686266845357485,1.3085349798202515,0,continue,6.678973521322172,0
20,49,1,0.049634088522221766,0.962,4.432292142196815,1.2796322107315063,0,continue,6.728607609844394,0
20,50,0,0.21476966996856175,0.962,4.390485024850664,1.2514514923095703,0,continue,6.943377279812956,0
20,51,0,0.2153399527106968,0.962,4.34978692620143,1.236973524093628,0,continue,7.158717232523653,0
20,52,0,0.17869615315566004,0.962,4.296745319852964,1.1901451349258423,0,continue,7.337413385679313,0
20,53,0,0.22211110399908976,0.962,4.244078644940707,1.167998194694519,0,continue,7.559524489678403,0
20,54,2,0.13024793980246274,0.962,4.213873512493775,1.1678366661071777,0,continue,7.6897724294808665,0
20,55,0,0.0187201273770927,0.962,4.209941193023137,1.1082618236541748,0,continue,7.708492556857959,0
20,56,0,0.3319117317507829,0.962,4.149665882590201,1.0712193250656128,0,continue,8.040404288608743,0
20,57,0,0.08535772578826688,0.962,4.085056492354332,1.0111597776412964,0,continue,8.12576201439701,0
20,58,0,0.34038577224900435,0.962,4.003729081334515,0.9539333581924438,0,continue,8.466147786646014,0
20,59,2,0.33192947900580644,0.962,3.9461237409955183,0.931113600730896,0,continue,8.79807726565182,0
20,60,2,0.0987167354376411,0.962,3.942884789868858,0.8971703052520752,0,continue,8.89679400108946,0
20,61,2,0.35140796224671256,0.962,3.892502312014845,0.8721624612808228,0,continue,9.248201963336173,0
20,62,2,0.3053273328014591,0.962,3.840311626451887,0.812117338180542,0,continue,9.553529296137633,0
20,63,0,0.11760728197619288,0.962,3.812240403205956,0.7447935342788696,0,continue,9.671136578113826,0
20,64,1,0.06553973446879346,0.962,3.7932619252295883,0.6871898174285889,0,continue,9.736676312582619,0
20,65,2,-0.23039125034375302,0.962,3.791719263733762,0.6820414066314697,0,continue,9.506285062238865,0
20,66,0,-0.047573232707073754,0.962,3.784971714839852,0.6628084778785706,0,continue,9.458711829531792,0
20,67,1,0.0034942377757311814,0.962,3.7802107924052932,0.6178867816925049,0,continue,9.462206067307523,0
20,68,2,-0.36324764548850624,0.962,3.785348480154755,0.5753915309906006,0,continue,9.098958421819017,0
20,69,0,-0.16670027243858987,0.962,3.7935800112736375,0.5761980414390564,0,continue,8.932258149380427,0
20,70,0,-0.39206690490888974,0.962,3.8036599262024064,0.5679521560668945,0,continue,8.540191244471538,0
20,71,0,-0.4998843648343362,0.962,3.842454710317345,0.5620116591453552,0,continue,8.040306879637201,0
20,72,1,-0.22329868495924554,0.962,3.887114447309194,0.5704582929611206,0,continue,7.817008194677956,0
20,73,0,-0.573690185135615,0.962,3.9280928760675793,0.5717452764511108,0,continue,7.243318009542341,0
20,74,0,-0.5240906588709369,0.962,3.932210710486115,0.5799092054367065,0,continue,6.719227350671404,0
20,75,1,-0.1521070044796513,0.962,3.962632111382045,0.5868999361991882,0,continue,6.567120346191753,0
20,76,0,-0.3879097216747832,0.962,4.00416338557006,0.6431955695152283,0,continue,6.179210624516969,0
20,77,1,-0.20825680646622047,0.962,4.045814746863304,0.6817145943641663,0,continue,5.970953818050749,0
20,78,2,-0.7402477992232344,0.962,4.0938643067079505,0.7577219009399414,0,continue,5.230706018827514,0
20,79,0,-0.39401936290172335,0.962,4.134091891065029,0.7748703956604004,0,continue,4.836686655925791,0
20,80,0,-0.2709388349764295,0.962,4.150124397720851,0.7614815831184387,0,continue,4.565747820949362,0
20,81,0,-0.1921202472485433,0.962,4.154186838485463,0.8405419588088989,0,continue,4.373627573700818,0
20,82,0,-0.3954685631564586,0.962,4.194939860923418,0.8765985369682312,0,continue,3.97815901054436,0
20,83,0,-0.44004127753052946,0.962,4.246787272437285,0.9454506039619446,0,continue,3.5381177330138303,0
20,84,0,-0.42608271613589654,0.962,4.295064758869058,0.9657320380210876,0,continue,3.112035016877934,0
20,85,0,-0.2960574065783342,0.962,4.317545992152844,1.0385687351226807,0,continue,2.8159776102995995,0
20,86,0,-0.19141803780418964,0.962,4.3182096716475025,1.046888828277588,0,continue,2.62455957249541,0
20,87,2,-0.35273790773311176,0.962,4.347582414628813,1.081965446472168,0,continue,2.271821664762298,0
20,88,1,-0.7506152013892615,0.962,4.3902191313626195,1.1427313089370728,0,continue,1.5212064633730367,0
20,89,1,-0.47811910775304395,0.962,4.4369805662297646,1.2048553228378296,0,continue,1.0430873556199927,0
20,90,2,-0.7379668233582879,0.962,4.4778908777581865,1.2340549230575562,0,continue,0.30512053226170477,0
20,91,1,-0.6038233467112826,0.962,4.4964071672469945,1.23494553565979,0,continue,-0.2987028144495778,0
20,92,0,-0.6982136943839503,0.962,4.59419365976885,1.2520560026168823,0,continue,-0.9969165088335281,0
20,93,1,-0.6513448163002091,0.962,4.683210038940847,1.2976624965667725,0,continue,-1.6482613251337372,0
20,94,0,-0.5237267639986496,0.962,4.746907649753912,1.3332301378250122,0,continue,-2.1719880891323866,0
20,95,0,-0.30894182713505136,0.962,4.773201533732053,1.381448745727539,0,continue,-2.480929916267438,0
20,96,1,-0.6939460003277439,0.962,4.871369523119269,1.404355764389038,0,continue,-3.174875916595182,0
20,97,0,-0.6193287882757728,0.962,4.960703834524928,1.504998803138733,0,continue,-3.794204704870955,0
20,98,0,-0.5583540424375673,0.962,5.038000585203337,1.599865436553955,0,continue,-4.352558747308523,0
20,99,0,-0.22370762911093633,0.962,5.049197571142433,1.6396896839141846,0,continue,-4.5762663764194595,0
20,100,1,-0.5628389385026789,0.962,5.121626568926918,1.6560053825378418,0,continue,-5.139105314922139,0
20,101,2,-0.9026068242692755,0.962,5.201975738277324,1.7598612308502197,0,continue,-6.041712139191414,0
20,102,0,-0.5921996902732948,0.962,5.282382669362951,1.8019293546676636,0,continue,-6.633911829464709,0
20,103,0,-0.5208474872147708,0.962,5.355754135375556,1.8989797830581665,0,continue,-7.154759316679479,0
20,104,2,-0.3328348039167192,0.962,5.382291852078306,1.932616114616394,0,continue,-7.487594120596198,0
20,105,0,-0.5989753966766138,0.962,5.461197224776162,1.9175167083740234,0,continue,-8.086569517272812,0
20,106,2,-0.6024364307122719,0.962,5.5416715938941135,1.8107190132141113,0,continue,-8.689005947985084,0
20,107,0,-0.5684955166884307,0.962,5.621293793350129,1.725244402885437,0,continue,-9.257501464673515,0
20,108,0,-0.27699982085116454,0.962,5.641615375368416,1.6776912212371826,0,continue,-9.53450128552468,0
20,109,1,-0.5058794522146526,0.962,5.702762905723589,1.612156867980957,0,continue,-10.040380737739333,0
20,110,1,-37.67958540200987,0.962,6.921085205430835,0.11999999731779099,1,crush,-47.719966139749204,0
21,1,0,-1.076193122956363,0.9601,5.210554088607893,0.11999999731779099,0,continue,-1.076193122956363,0
21,2,0,-0.9980259985740767,0.9601,5.210722432041413,0.11999999731779099,0,continue,-2.0742191215304397,0
21,3,1,-0.46986032164374725,0.9601,5.210976387054217,0.11999999731779099,0,continue,-2.544079443174187,0
21,4,0,-30.984488039574885,0.9601,5.211008550255337,0.11999999731779099,1,crush,-33.52856748274907,0
22,1,0,0.0,0.9582,5.577261265436561,1.329813003540039,0,continue,0.0,0
22,2,0,-0.002163705141821803,0.9582,5.577262386339418,1.332856297492981,0,continue,-0.002163705141821803,0
22,3,1,0.2827190833074834,0.9582,5.577261729100575,1.3223867416381836,0,continue,0.2805553781656616,0
22,4,0,0.04916611319868045,0.9582,5.567860949587621,1.3285208940505981,0,continue,0.3297214913643421,0
22,5,0,0.6419327861760886,0.9582,5.4391219217891775,1.3277771472930908,0,continue,0.9716542775404307,0
22,6,2,0.6156730960441198,0.9582,5.315168867971245,1.3161165714263916,0,continue,1.5873273735845506,0
22,7,1,0.2914951592015603,0.9582,5.246918478182944,1.4083776473999023,0,continue,1.8788225327861108,0
22,8,2,0.035165869476831105,0.9582,5.179536397361699,1.487485647201538,0,continue,1.9139884022629419,0
22,9,1,0.3732866294231166,0.9582,5.073453376425521,1.613347053527832,0,continue,2.2872750316860584,0
22,10,1,0.7171473886872689,0.9582,4.951748112079512,1.6698768138885498,0,continue,3.004422420373327,0
22,11,0,0.271942288805022,0.9582,4.899479551519886,1.7570304870605469,0,continue,3.276364709178349,0
22,12,0,0.20371474825156197,0.9582,4.856691183010403,1.911645531654358,0,continue,3.4800794574299108,0
22,13,0,0.04393105455111132,0.9582,4.853627018004135,1.878039836883545,0,continue,3.524010511981022,0
22,14,0,0.4448143440412199,0.9582,4.809497987099424,1.7914129495620728,0,continue,3.968824856022242,0
22,15,2,0.19974750667953536,0.9582,4.792112031611404,1.741668701171875,0,continue,4.168572362701777,0
22,16,0,0.29764280433872714,0.9582,4.776674131220165,1.7189754247665405,0,continue,4.466215167040504,0
22,17,0,-0.11333992807563278,0.9582,4.762301441442228,1.660766839981079,0,continue,4.352875238964871,0
22,18,0,-0.034214154437226536,0.9582,4.756171630115094,1.6302605867385864,0,continue,4.318661084527644,0
22,19,0,0.09117485123050048,0.9582,4.726307737225723,1.57646906375885,0,continue,4.409835935758145,0
22,20,2,0.42768911485689753,0.9582,4.680830675380672,1.5308536291122437,0,continue,4.837525050615042,0
22,21,1,-0.25841701605632417,0.9582,4.654378980809312,1.4999200105667114,0,continue,4.579108034558718,0
22,22,0,-0.31939938195984807,0.9582,4.6576599905173905,1.466575026512146,0,continue,4.25970865259887,0
22,23,0,0.0358674165901854,0.9582,4.650524356661696,1.3947521448135376,0,continue,4.295576069189055,0
22,24,0,-0.352423884836857,0.9582,4.631406203301384,1.3348405361175537,0,continue,3.943152184352198,0
22,25,2,0.3518264386688164,0.9582,4.612046864624804,1.3055921792984009,0,continue,4.294978623021015,0
22,26,0,0.5558825689037634,0.9582,4.58200121206569,1.3019553422927856,0,continue,4.850861191924778,0
22,27,2,-0.1460160081665522,0.9582,4.596667700173589,1.2784531116485596,0,continue,4.704845183758226,0
22,28,1,-0.40939036224726144,0.9582,4.609904132773955,1.2339200973510742,0,continue,4.2954548215109645,0
22,29,0,-0.7774385493966086,0.9582,4.647925929270275,1.154129981994629,0,continue,3.5180162721143557,0
22,30,0,-0.7844512562398398,0.9582,4.727435691811772,1.1208372116088867,0,continue,2.733565015874516,0
22,31,0,-0.2476934256519593,0.9582,4.747248670054541,1.1206042766571045,0,continue,2.4858715902225565,0
22,32,0,-0.5795524732241858,0.9582,4.859710144956223,1.1335911750793457,0,continue,1.9063191169983709,0
22,33,0,-1.0224429316727128,0.9582,5.033760492542543,1.1452902555465698,0,continue,0.883876185325658,0
22,34,0,-0.3936953418945585,0.9582,5.059659647485726,1.1661670207977295,0,continue,0.4901808434310995,0
22,35,0,-0.7588266211843029,0.9582,5.187731484746189,1.3076125383377075,0,continue,-0.26864577775320336,0
22,36,0,-0.7610040974826024,0.9582,5.300405359735914,1.3770934343338013,0,continue,-1.0296498752358059,0
22,37,1,-0.7715042641366849,0.9582,5.414046570579601,1.4720795154571533,0,continue,-1.8011541393724908,0
22,38,0,-0.776460918749972,0.9582,5.536151037013161,1.53013277053833,0,continue,-2.577615058122463,0
22,39,1,-0.8137564902157892,0.9582,5.658686029217424,1.4597053527832031,0,continue,-3.3913715483382525,0
22,40,0,-0.5927851731521838,0.9582,5.738288334404297,1.4421942234039307,0,continue,-3.9841567214904363,0
22,41,0,-0.45867234450632594,0.9582,5.79879951230959,1.3447507619857788,0,continue,-4.442829065996762,0
22,42,0,-0.7815385037028368,0.9582,5.921448832425998,1.271022081375122,0,continue,-5.2243675696995995,0
22,43,0,-1.0659942256104464,0.9582,6.107632841862708,1.1615362167358398,0,continue,-6.290361795310046,0
22,44,0,-0.4382113880212196,0.9582,6.15832177142424,1.1129422187805176,0,continue,-6.728573183331266,0
22,45,0,-0.5934465438497138,0.9582,6.242120374427487,0.9993200302124023,0,continue,-7.3220197271809795,0
22,46,2,-0.3230963203163465,0.9582,6.258582576880595,0.8952772617340088,0,continue,-7.645116047497326,0
22,47,0,-0.7177334862965856,0.9582,6.33742569172949,0.8791548609733582,0,continue,-8.362849533793911,0
22,48,0,-0.8200450245322837,0.9582,6.494848960691441,0.7752699255943298,0,continue,-9.182894558326195,0
22,49,0,-0.37245654754516444,0.9582,6.5262799950608645,0.7405084371566772,0,continue,-9.55535110587136,0
22,50,0,-0.9117653143821669,0.9582,6.653712545793597,0.6042531132698059,0,continue,-10.467116420253527,0
22,51,0,-0.8288205997175644,0.9582,6.787267611351054,0.4745825231075287,0,continue,-11.295937019971092,0
22,52,0,-0.35803262434920546,0.9582,6.815596096568999,0.4681347608566284,0,continue,-11.653969644320297,0
22,53,1,-0.672658075593537,0.9582,6.877542794536959,0.32569295167922974,0,continue,-12.326627719913834,0
22,54,2,-0.8671410174458856,0.9582,6.87656346047699,0.23297861218452454,0,continue,-13.193768737359719,0
22,55,0,-31.131380243014917,0.9582,6.872778540121273,0.15576057136058807,1,crush,-44.325148980374635,0
23,1,1,-0.4684954691859163,0.9563,3.127212840062334,0.11999999731779099,0,continue,-0.4684954691859163,0
23,2,0,-1.0078754790447038,0.9563,3.1269290657088646,0.11999999731779099,0,continue,-1.47637094823062,0
23,3,1,-0.4686022491300781,0.9563,3.126916131206186,0.11999999731779099,0,continue,-1.944973197360698,0
23,4,1,-30.46932345888739,0.9563,3.127041095979052,0.11999999731779099,1,crush,-32.41429665624809,0
24,1,0,0.0,0.9544,5.714365086126216,1.2092236280441284,0,continue,0.0,0
24,2,0,0.07335863448727663,0.9544,5.698483273838839,1.2188975811004639,0,continue,0.07335863448727663,0
24,3,0,0.08289655821686992,0.9544,5.681553540527816,1.2179657220840454,0,continue,0.15625519270414656,0
24,4,0,0.0582817213061389,0.9544,5.669746807695992,1.2236037254333496,0,continue,0.21453691401028546,0
24,5,0,-0.12124310325240323,0.9544,5.664681907677244,1.248189926147461,0,continue,0.09329381075788223,0
24,6,1,0.35578513875209283,0.9544,5.65550006433374,1.2730954885482788,0,continue,0.44907894950997507,0
24,7,0,0.07509076092579098,0.9544,5.648814909925685,1.2894129753112793,0,continue,0.5241697104357661,0
24,8,0,-0.056808887499939,0.9544,5.643879554394964,1.3131701946258545,0,continue,0.4673608229358271,0
24,9,0,0.032312912433308125,0.9544,5.644033556226034,1.345235824584961,0,continue,0.49967373536913523,0
24,10,0,0.013789754616710295,0.9544,5.645675484314002,1.3665915727615356,0,continue,0.5134634899858456,0
24,11,0,-0.01700542659448041,0.9544,5.6493550410151885,1.3929249048233032,0,continue,0.49645806339136517,0
24,12,0,-0.014653858341940672,0.9544,5.6575459343406465,1.408742904663086,0,continue,0.4818042050494245,0
24,13,1,-0.06589801117247465,0.9544,5.669986396480243,1.433687686920166,0,continue,0.4159061938769498,0
24,14,0,-0.019037111897016512,0.9544,5.67899444439287,1.473197102546692,0,continue,0.3968690819799333,0
24,15,0,-0.09843950953463654,0.9544,5.701893927966445,1.4918254613876343,0,continue,0.2984295724452968,0
24,16,0,-0.034646041048696716,0.9544,5.712454314993302,1.5165423154830933,0,continue,0.26378353139660005,0
24,17,0,-0.09660655716113611,0.9544,5.727417685879018,1.5417972803115845,0,continue,0.16717697423546393,0
24,18,0,-0.20683696737959734,0.9544,5.760254372418338,1.559807538986206,0,continue,-0.039659993144133404,0
24,19,0,-0.5279998033918828,0.9544,5.867076237676991,1.5895189046859741,0,continue,-0.5676597965360162,0
24,20,2,-0.32256248130370657,0.9544,5.929717059399391,1.595676302909851,0,continue,-0.8902222778397227,0
24,21,0,-0.3740199099084151,0.9544,6.016101979524545,1.5932683944702148,0,continue,-1.2642421877481378,0
24,22,0,-1.3204692279217123,0.9544,6.156177251603513,1.5176525115966797,0,continue,-2.58471141566985,0
24,23,0,-0.7653957000728548,0.9544,6.2715555092910495,1.4712326526641846,0,continue,-3.3501071157427047,0
24,24,0,-0.7504782230662486,0.9544,6.464368067639565,1.200735092163086,0,continue,-4.100585338808953,0
24,25,0,-0.7555198257771181,0.9544,6.574958813047652,1.102095603942871,0,continue,-4.856105164586071,0
24,26,0,-0.3665951621817176,0.9544,6.608225698868604,1.00022292137146,0,continue,-5.222700326767789,0
24,27,0,-1.2001351302406782,0.9544,6.807291284565472,0.7145817279815674,0,continue,-6.422835457008468,0
24,28,1,-0.6833777654645863,0.9544,6.903697512528099,0.6593180298805237,0,continue,-7.106213222473054,0
24,29,1,-0.23570285466267393,0.9544,6.910827528778455,0.6060549020767212,0,continue,-7.3419160771357275,0
24,30,0,-0.8885577620422649,0.9544,7.039862069446998,0.4256493151187897,0,continue,-8.230473839177993,0
24,31,0,-0.8654135716239837,0.9544,7.089296692775861,0.27682146430015564,0,continue,-9.095887410801977,0
24,32,0,-0.785611985275362,0.9544,7.089500980510005,0.22635582089424133,0,continue,-9.881499396077338,0
24,33,0,-31.313758868573558,0.9544,7.091576932873046,0.12129952013492584,1,crush,-41.195258264650896,0
25,1,0,-0.9918633092375673,0.9525,3.093614749479382,0.11999999731779099,0,continue,-0.9918633092375673,0
25,2,0,-0.9954037938483666,0.9525,3.0936151683635638,0.11999999731779099,0,continue,-1.987267103085934,0
25,3,0,-0.9705058343098258,0.9525,3.0936144049374588,0.11999999731779099,0,continue,-2.9577729373957595,0
25,4,0,-31.014209801056502,0.9525,3.0936144498225726,0.11999999731779099,1,crush,-33.97198273845226,0
26,1,0,0.0,0.9506,6.000286217386027,0.896736741065979,0,continue,0.0,0
26,2,0,-0.006726573849209427,0.9506,6.000292299952055,0.908463716506958,0,continue,-0.006726573849209427,0
26,3,0,0.006503893006095551,0.9506,6.000292715009939,0.894279956817627,0,continue,-0.00022268084311387586,0
26,4,0,0.31562945055009356,0.9506,5.936196730314589,0.9026513695716858,0,continue,0.3154067697069797,0
26,5,0,0.49688481877312807,0.9506,5.837606083660209,0.8959245085716248,0,continue,0.8122915884801077,0
26,6,0,0.21401577908874186,0.9506,5.791693260328705,0.9006770849227905,0,continue,1.0263073675688497,0
26,7,2,0.09622724446120914,0.9506,5.772946446393755,0.9018315076828003,0,continue,1.1225346120300588,0
26,8,2,0.5329971225141376,0.9506,5.6663371754352525,0.8990561366081238,0,continue,1.6555317345441964,0
26,9,0,0.5740934814281969,0.9506,5.558989918389421,0.9949786067008972,0,continue,2.2296252159723933,0
26,10,0,0.9568771477999611,0.9506,5.378680010281665,1.1265789270401,0,continue,3.1865023637723544,0
26,11,0,0.7413998041933263,0.9506,5.243761884669958,1.272963047027588,0,continue,3.927902167965681,0
26,12,0,0.3443123083676853,0.9506,5.179914814265962,1.3457765579223633,0,continue,4.2722144763333665,0
26,13,1,0.17848997766251537,0.9506,5.1445715253287485,1.4277582168579102,0,continue,4.450704453995882,0
26,14,0,0.7374639359494563,0.9506,5.009691326154932,1.5715500116348267,0,continue,5.188168389945338,0
26,15,0,0.9166807467586355,0.9506,4.838779089912865,1.7155710458755493,0,continue,6.104849136703974,0
26,16,0,0.6759584319695294,0.9506,4.704239894047041,1.735887050628662,0,continue,6.780807568673503,0
26,17,0,0.3795468192942628,0.9506,4.64076252888021,1.8831136226654053,0,continue,7.160354387967766,0
26,18,0,1.074162102044023,0.9506,4.442877480627804,1.8049460649490356,0,continue,8.234516490011789,0
26,19,0,0.19974903193400953,0.9506,4.4117897175988094,1.6750153303146362,0,continue,8.434265521945798,0
26,20,1,0.5189256000168501,0.9506,4.307993281816111,1.646491527557373,0,continue,8.953191121962648,0
26,21,0,0.6407900506832995,0.9506,4.191082452491621,1.5057713985443115,0,continue,9.593981172645949,0
26,22,1,0.27375313270313933,0.9506,4.136321659426931,1.3983772993087769,0,continue,9.867734305349089,0
26,23,0,0.0996138764852899,0.9506,4.113849003254473,1.370935320854187,0,continue,9.967348181834378,0
26,24,0,0.4412494398648117,0.9506,4.028580212787824,1.2513364553451538,0,continue,10.40859762169919,0
26,25,0,0.411325967983325,0.9506,3.944581015603896,1.1169495582580566,0,continue,10.819923589682515,0
26,26,0,0.35286830645199185,0.9506,3.8664504952517316,0.9290451407432556,0,continue,11.172791896134507,0
26,27,0,-0.014276651134158146,0.9506,3.865314457454303,0.8917834162712097,0,continue,11.158515245000348,0
26,28,0,0.06310218484557595,0.9506,3.8445080801477602,0.8177303075790405,0,continue,11.221617429845924,0
26,29,0,-0.06089932928711112,0.9506,3.8561764373309906,0.809701144695282,0,continue,11.160718100558814,0
26,30,0,-0.2722914027804106,0.9506,3.8898287959127753,0.8087846636772156,0,continue,10.888426697778403,0
26,31,0,-0.06627274820738618,0.9506,3.9024630777216975,0.7817594408988953,0,continue,10.822153949571018,0
26,32,0,-1.6731655561860326,0.9506,3.9997141554639715,0.7711884379386902,0,continue,9.148988393384984,0
26,33,0,-0.6506593270594463,0.9506,4.098007809168724,0.796067476272583,0,continue,8.498329066325539,0
26,34,2,-0.6332048858042904,0.9506,4.224403218574121,0.7955008149147034,0,continue,7.865124180521248,0
26,35,2,-0.17112577690286573,0.9506,4.258288715477596,0.8606221079826355,0,continue,7.693998403618383,0
26,36,0,-0.3856929101671528,0.9506,4.337737984506811,0.9430866241455078,0,continue,7.30830549345123,0
26,37,0,-0.46953786663023855,0.9506,4.440015299900985,1.0376032590866089,0,continue,6.838767626820991,0
26,38,2,-0.5529328373397193,0.9506,4.550086076675199,1.095158576965332,0,continue,6.285834789481272,0
26,39,0,-0.40665092050965523,0.9506,4.592790349752598,1.1070294380187988,0,continue,5.879183868971617,0
26,40,0,-0.365387289728602,0.9506,4.634164225937234,1.198383092880249,0,continue,5.513796579243015,0
26,41,2,-0.7330724917738156,0.9506,4.740216660383191,1.2825281620025635,0,continue,4.780724087469199,0
26,42,0,-0.6336351654071962,0.9506,4.833645102043077,1.3408875465393066,0,continue,4.147088922062003,0
26,43,0,-0.7513553001328113,0.9506,4.942693839978863,1.3477630615234375,0,continue,3.3957336219291916,0
26,44,2,-0.4241819531693669,0.9506,4.987339169356613,1.4303462505340576,0,continue,2.9715516687598247,0
26,45,0,-0.6627717371321673,0.9506,5.082414378083403,1.4856034517288208,0,continue,2.308779931627657,0
26,46,0,-0.7791878307167288,0.9506,5.208339796805847,1.5814000368118286,0,continue,1.5295921009109283,0
26,47,0,-0.4845054946800113,0.9506,5.270057951115788,1.651839256286621,0,continue,1.045086606230917,0
26,48,1,-0.6156335002214028,0.9506,5.339186536494511,1.7563987970352173,0,continue,0.42945310600951414,0
26,49,0,-0.3246099322850516,0.9506,5.359778764528533,1.8243041038513184,0,continue,0.10484317372446256,0
26,50,0,-0.20203370530363518,0.9506,5.395536910396047,1.8821485042572021,0,continue,-0.09719053157917262,0
26,51,2,-0.32766370257677857,0.9506,5.420854812146263,1.914756417274475,0,continue,-0.4248542341559512,0
26,52,0,-0.4268526523424899,0.9506,5.439980906100595,1.9086709022521973,0,continue,-0.8517068864984412,0
26,53,0,-0.3788183263483821,0.9506,5.480751885011519,1.8696630001068115,0,continue,-1.2305252128468234,0
26,54,0,-0.3545871649414446,0.9506,5.515701093900394,1.7300962209701538,0,continue,-1.5851123777882679,0
26,55,0,-0.4384586475463367,0.9506,5.557470661326864,1.7225943803787231,0,continue,-2.0235710253346046,0
26,56,0,-0.29263294589748057,0.9506,5.580261400268319,1.5978530645370483,0,continue,-2.316203971232085,0
26,57,2,-0.5061418015740214,0.9506,5.64085866800165,1.4449243545532227,0,continue,-2.8223457728061065,0
26,58,0,-0.41361169837420747,0.9506,5.683014527523711,1.3041924238204956,0,continue,-3.235957471180314,0
26,59,0,-0.29722178307990665,0.9506,5.705144416736566,1.241446852684021,0,continue,-3.5331792542602205,0
26,60,0,-0.45742390441482433,0.9506,5.757604595740768,1.1391408443450928,0,continue,-3.990603158675045,0
26,61,2,-0.5569942571544011,0.9506,5.828241272313081,0.9923944473266602,0,continue,-4.547597415829446,0
26,62,0,-0.3927450084973545,0.9506,5.865192939981329,0.9515004754066467,0,continue,-4.940342424326801,0
26,63,2,-0.28326703129678166,0.9506,5.881668667442078,0.7961738109588623,0,continue,-5.223609455623582,0
26,64,0,-0.49431449464573574,0.9506,5.941116933711457,0.6499814987182617,0,continue,-5.717923950269318,0
26,65,0,-0.5287652112644495,0.9506,6.006932199052541,0.5459859371185303,0,continue,-6.246689161533768,0
26,66,0,-0.42645657401456727,0.9506,6.052537452671181,0.5256208181381226,0,continue,-6.673145735548335,0
26,67,0,-0.25713937372577245,0.9506,6.0563746089951715,0.4310704171657562,0,continue,-6.930285109274108,0
26,68,0,-0.5570563218222939,0.9506,6.094349039084581,0.32172268629074097,0,continue,-7.487341431096402,0
26,69,0,-31.002217003202443,0.9506,6.093349525602352,0.18899571895599365,1,crush,-38.48955843429884,0
27,1,0,-1.0387261051865495,0.9487,5.403392332957593,0.11999999731779099,0,continue,-1.0387261051865495,0
27,2,1,-0.4675525822177251,0.9487,5.403376198888956,0.11999999731779099,0,continue,-1.5062786874042746,0
27,3,1,-0.46909225391912956,0.9487,5.403491519412876,0.11999999731779099,0,continue,-1.9753709413234042,0
27,4,2,-30.76887554059948,0.9487,5.403527667546412,0.11999999731779099,1,crush,-32.744246481922886,0
28,1,0,0.0,0.9468,5.676878412667894,1.2164939641952515,0,continue,0.0,0
28,2,1,0.7562637433541584,0.9468,5.525049587335519,1.2313692569732666,0,continue,0.7562637433541584,0
28,3,0,0.9807078312485347,0.9468,5.327378452937123,1.2245521545410156,0,continue,1.736971574602693,0
28,4,0,0.834466769023001,0.9468,5.16530720591982,1.2604050636291504,0,continue,2.571438343625694,0
28,5,0,0.9435127606431442,0.9468,4.993708092341474,1.482728123664856,0,continue,3.514951104268838,0
28,6,0,0.201218813118846,0.9468,4.965882303292345,1.6108225584030151,0,continue,3.716169917387684,0
28,7,1,0.36124274155563874,0.9468,4.885783111944918,1.7256033420562744,0,continue,4.077412658943323,0
28,8,0,0.3546967804465008,0.9468,4.814852909745302,1.8705291748046875,0,continue,4.432109439389824,0
28,9,0,0.2670222868218959,0.9468,4.756846865182258,1.913588523864746,0,continue,4.69913172621172,0
28,10,0,0.00660898634423069,0.9468,4.752394230683318,1.8803532123565674,0,continue,4.705740712555951,0
28,11,0,0.25932123033054166,0.9468,4.705203376525563,1.7914077043533325,0,continue,4.965061942886493,0
28,12,2,0.39014782566919726,0.9468,4.649932264357643,1.7463126182556152,0,continue,5.3552097685556905,0
28,13,0,0.5069184862433829,0.9468,4.5987965588563515,1.6930928230285645,0,continue,5.862128254799074,0
28,14,1,0.06260048130945679,0.9468,4.585698186899846,1.6670923233032227,0,continue,5.924728736108531,0
28,15,0,0.1549523860805927,0.9468,4.538707471159719,1.5975496768951416,0,continue,6.079681122189124,0
28,16,0,0.23751637489234023,0.9468,4.503840852131823,1.5506117343902588,0,continue,6.317197497081464,0
28,17,2,0.23383004245505182,0.9468,4.492397089612716,1.5211454629898071,0,continue,6.551027539536516,0
28,18,0,0.21842019546753927,0.9468,4.452752054305713,1.4690916538238525,0,continue,6.769447735004055,0
28,19,1,0.16664946065848646,0.9468,4.418552237025653,1.4267066717147827,0,continue,6.9360971956625415,0
28,20,0,0.03341415355620095,0.9468,4.396536760973317,1.375565767288208,0,continue,6.969511349218743,0
28,21,0,0.08029504854394598,0.9468,4.376441627767358,1.3551454544067383,0,continue,7.049806397762689,0
28,22,1,0.14179219188464778,0.9468,4.347253961703115,1.3156652450561523,0,continue,7.191598589647336,0
28,23,2,0.14223943723856727,0.9468,4.323349659853324,1.2433724403381348,0,continue,7.333838026885903,0
28,24,0,0.046733123332757594,0.9468,4.30974307679097,1.2162386178970337,0,continue,7.380571150218661,0
28,25,0,-0.06714320359535547,0.9468,4.299390699449655,1.1335443258285522,0,continue,7.313427946623306,0
28,26,0,-0.24405563621616821,0.9468,4.318410435702434,1.0653784275054932,0,continue,7.069372310407138,0
28,27,2,-0.15215066067544192,0.9468,4.340517206853328,1.0166423320770264,0,continue,6.917221649731696,0
28,28,0,-0.7902150677346916,0.9468,4.412645376342001,0.970145046710968,0,continue,6.127006581997004,0
28,29,1,-0.36456809228614995,0.9468,4.483982961547994,0.9580879211425781,0,continue,5.7624384897108545,0
28,30,0,-0.39694605475166106,0.9468,4.555628770669082,0.9540577530860901,0,continue,5.365492434959194,0
28,31,0,-0.34803745747725356,0.9468,4.622629507088132,0.9644204378128052,0,continue,5.01745497748194,0
28,32,1,-0.12239843909108647,0.9468,4.6467241155323435,0.9949327707290649,0,continue,4.895056538390853,0
28,33,1,-0.5690394729743253,0.9468,4.719387334710635,1.0222700834274292,0,continue,4.3260170654165275,0
28,34,0,-0.5602033913819391,0.9468,4.794745686374596,1.0523639917373657,0,continue,3.7658136740345887,0
28,35,0,-0.44248389454144244,0.9468,4.84604976027557,1.0823211669921875,0,continue,3.3233297794931462,0
28,36,0,-0.5420707428462799,0.9468,4.9158162081914885,1.1116517782211304,0,continue,2.7812590366468664,0
28,37,2,-0.6940790433460392,0.9468,5.014050116587443,1.1605374813079834,0,continue,2.0871799933008273,0
28,38,0,-0.5652493048355218,0.9468,5.0869349335466865,1.2004919052124023,0,continue,1.5219306884653054,0
28,39,0,-0.5932233705319255,0.9468,5.167286971769925,1.227534532546997,0,continue,0.9287073179333799,0
28,40,0,0.0023458683296462834,0.9468,5.193628956472775,1.259030818939209,0,continue,0.9310531862630262,0
28,41,0,-0.696681765169871,0.9468,5.296535945482164,1.3549727201461792,0,continue,0.23437142109315523,0
28,42,0,-0.6545284132861953,0.9468,5.3933318935173995,1.2731809616088867,0,continue,-0.42015699219304004,0
28,43,0,-0.4580235564735457,0.9468,5.44985720661939,1.1902775764465332,0,continue,-0.8781805486665857,0
28,44,0,-0.5757150153280753,0.9468,5.5227388341735235,1.0787047147750854,0,continue,-1.453895563994661,0
28,45,2,-0.4306707575088326,0.9468,5.556348122510636,0.9315995573997498,0,continue,-1.8845663215034936,0
28,46,0,-0.19563039573266316,0.9468,5.556783060470426,0.861581027507782,0,continue,-2.0801967172361566,0
28,47,1,-0.40585462806142214,0.9468,5.5918138629190794,0.8036866784095764,0,continue,-2.4860513452975788,0
28,48,2,-0.7426320235199166,0.9468,5.6393803884489895,0.7436304688453674,0,continue,-3.2286833688174954,0
28,49,0,-0.9637849889900445,0.9468,5.672386614459849,0.6878319382667542,0,continue,-4.19246835780754,0
28,50,1,-0.39803044541461846,0.9468,5.705502631184,0.6470447778701782,0,continue,-4.590498803222158,0
28,51,1,-0.6051654817515495,0.9468,5.772816369551733,0.5077803730964661,0,continue,-5.195664284973708,0
28,52,0,-0.518528243217588,0.9468,5.811034884236846,0.3555268347263336,0,continue,-5.714192528191296,0
28,53,2,-0.8967125004867667,0.9468,5.90959404900534,0.2954920530319214,0,continue,-6.610905028678062,0
28,54,2,-30.65696808527023,0.9468,5.910583369771933,0.1930340677499771,1,crush,-37.26787311394829,0
29,1,0,-0.4608741134686329,0.9449,3.3743095950208977,0.12413240969181061,0,continue,-0.4608741134686329,0
29,2,2,-0.5121783304207,0.9449,3.3743204162228815,0.11999999731779099,0,continue,-0.9730524438893329,0
29,3,0,-0.6838766820476656,0.9449,3.3743266925118443,0.11999999731779099,0,continue,-1.6569291259369985,0
29,4,2,-31.079183679200614,0.9449,3.3743230928457777,0.11999999731779099,1,crush,-32.736112805137616,0
30,1,0,0.0,0.9430000000000001,5.608677243923588,1.3079938888549805,0,continue,0.0,0
30,2,1,0.07406235372534135,0.9430000000000001,5.593850156392343,1.2991242408752441,0,continue,0.07406235372534135,0
30,3,2,0.4177597707118474,0.9430000000000001,5.5006497469173565,1.2977097034454346,0,continue,0.49182212443718876,0
30,4,0,0.6766397665392379,0.9430000000000001,5.362959435809954,1.2956748008728027,0,continue,1.1684618909764266,0
30,5,1,0.6723494013560631,0.9430000000000001,5.227836158965457,1.290178894996643,0,continue,1.8408112923324897,0
30,6,0,0.4233603156008326,0.9430000000000001,5.149891619042288,1.405729055404663,0,continue,2.2641716079333225,0
30,7,0,0.32396929059523283,0.9430000000000001,5.09348069986111,1.522437334060669,0,continue,2.5881408985285552,0
30,8,0,0.3889894680981063,0.9430000000000001,5.014052053760812,1.6594667434692383,0,continue,2.9771303666266613,0
30,9,2,0.3326639555400325,0.9430000000000001,4.951107345586876,1.7562756538391113,0,continue,3.309794322166694,0
30,10,0,0.30193926959792494,0.9430000000000001,4.891081971184901,1.8414905071258545,0,continue,3.6117335917646187,0
30,11,0,0.40792950545886775,0.9430000000000001,4.810796684175283,1.915737271308899,0,continue,4.019663097223487,0
30,12,0,0.36806656499731927,0.9430000000000001,4.720443231941187,1.911744475364685,0,continue,4.3877296622208055,0
30,13,1,0.12734764701763232,0.9430000000000001,4.686205343745672,1.860011100769043,0,continue,4.515077309238438,0
30,14,0,0.46228780853568113,0.9430000000000001,4.602173576215962,1.736997127532959,0,continue,4.977365117774119,0
30,15,0,0.4532945983612907,0.9430000000000001,4.521517175319954,1.658332347869873,0,continue,5.43065971613541,0
30,16,0,0.2773540667705846,0.9430000000000001,4.463949219896331,1.5951765775680542,0,continue,5.7080137829059945,0
30,17,2,0.35673827920067747,0.9430000000000001,4.377212784078817,1.4572964906692505,0,continue,6.064752062106672,0
30,18,0,0.4293826549025881,0.9430000000000001,4.28878859061643,1.4246293306350708,0,continue,6.49413471700926,0
30,19,2,0.7155732404943779,0.9430000000000001,4.143407995582256,1.359337329864502,0,continue,7.209707957503638,0
30,20,0,0.2555783851303548,0.9430000000000001,4.09863111225571,1.2868866920471191,0,continue,7.465286342633993,0
30,21,0,0.3470429532972483,0.9430000000000001,4.0385762985182625,1.240411639213562,0,continue,7.812329295931241,0
30,22,1,0.724927521574314,0.9430000000000001,3.892861705276322,1.0950188636779785,0,continue,8.537256817505556,0
30,23,2,0.29805981403594517,0.9430000000000001,3.7729391001477492,0.9903241395950317,0,continue,8.8353166315415,0
30,24,0,0.5775246560641734,0.9430000000000001,3.656055453386585,0.986759603023529,0,continue,9.412841287605675,0
30,25,0,0.30591404493740226,0.9430000000000001,3.6019173257026287,0.8463125228881836,0,continue,9.718755332543077,0
30,26,0,0.6647090944173392,0.9430000000000001,3.483168932086272,0.6939659118652344,0,continue,10.383464426960417,0
30,27,0,0.8568917966618536,0.9430000000000001,3.3223391749773237,0.5537775754928589,0,continue,11.240356223622271,0
30,28,1,0.37612773937940014,0.9430000000000001,3.246185819535457,0.4792616665363312,0,continue,11.616483963001672,0
30,29,0,-0.05232580569979981,0.9430000000000001,3.2428480039735628,0.3946698307991028,0,continue,11.564158157301872,0
30,30,0,-0.1812926183553066,0.9430000000000001,3.2172861586384314,0.29832565784454346,0,continue,11.382865538946564,0
30,31,0,-30.819213315199026,0.9430000000000001,3.216892997056464,0.19628891348838806,1,crush,-19.43634777625246,0
31,1,0,-1.0097530622216142,0.9411,3.0998461573253007,0.11999999731779099,0,continue,-1.0097530622216142,0
31,2,1,-0.46683272319576047,0.9411,3.0998435367668313,0.11999999731779099,0,continue,-1.4765857854173747,0
31,3,0,-1.0386289264364776,0.9411,3.0998429737660302,0.11999999731779099,0,continue,-2.5152147118538526,0
31,4,0,-31.023061818840482,0.9411,3.099760613699847,0.11999999731779099,1,crush,-33.53827653069433,0
32,1,0,0.0,0.9392,5.999727493936889,0.8894990682601929,0,continue,0.0,0
32,2,1,-9.459109333631587e-06,0.9392,5.999729029651526,0.9048077464103699,0,continue,-9.459109333631587e-06,0
32,3,0,0.007628330940804352,0.9392,5.9997303737377,0.8865840435028076,0,continue,0.0076188718314707206,0
32,4,0,0.07448641752086735,0.9392,5.983048279287768,0.907168984413147,0,continue,0.08210528935233807,0
32,5,0,0.4602997361767837,0.9392,5.881634593095787,0.898726761341095,0,continue,0.5424050255291217,0
32,6,1,0.2975823127241225,0.9392,5.809851124963661,0.8914980292320251,0,continue,0.8399873382532442,0
32,7,1,0.14811977700146947,0.9392,5.773812950143923,0.9027725458145142,0,continue,0.9881071152547137,0
32,8,0,0.0023740908177004617,0.9392,5.773484478770621,0.9515365958213806,0,continue,0.9904812060724142,0
32,9,1,0.30274345825987126,0.9392,5.73799391193066,1.0632288455963135,0,continue,1.2932246643322856,0
32,10,0,0.5435625175520817,0.9392,5.6439681539621995,1.128212332725525,0,continue,1.8367871818843673,0
32,11,0,0.3767202658057679,0.9392,5.5850373731292855,1.1497243642807007,0,continue,2.213507447690135,0
32,12,0,0.09684374503651479,0.9392,5.562511106292044,1.1745753288269043,0,continue,2.31035119272665,0
32,13,0,0.3667202122614998,0.9392,5.495276128588864,1.2629425525665283,0,continue,2.67707140498815,0
32,14,0,0.3330497829114676,0.9392,5.437793517571022,1.318454384803772,0,continue,3.0101211878996175,0
32,15,0,0.09983665651657314,0.9392,5.422133319120634,1.3651072978973389,0,continue,3.109957844416191,0
32,16,0,0.34979063290740703,0.9392,5.3585380604059685,1.4440321922302246,0,continue,3.459748477323598,0
32,17,0,0.2824548171497978,0.9392,5.310556752341679,1.523862361907959,0,continue,3.742203294473396,0
32,18,0,0.048396711104328805,0.9392,5.301406065470474,1.5453181266784668,0,continue,3.7906000055777245,0
32,19,0,0.09142624184593846,0.9392,5.2823853716747164,1.57178795337677,0,continue,3.882026247423663,0
32,20,0,0.013213519289629341,0.9392,5.275584436151043,1.6294662952423096,0,continue,3.8952397667132925,0
32,21,0,-0.031214829971736413,0.9392,5.283185611517511,1.679774522781372,0,continue,3.864024936741556,0
32,22,0,-0.13386154584851712,0.9392,5.312794403776722,1.7266511917114258,0,continue,3.730163390893039,0
32,23,1,-0.17832552759502812,0.9392,5.34184416904801,1.7618777751922607,0,continue,3.5518378632980108,0
32,24,0,-0.826316791608858,0.9392,5.429252792814954,1.77389395236969,0,continue,2.725521071689153,0
32,25,0,-0.15697470791186754,0.9392,5.455585191257272,1.7718480825424194,0,continue,2.568546363777285,0
32,26,0,-0.46061492038665264,0.9392,5.508178093562351,1.7838068008422852,0,continue,2.1079314433906324,0
32,27,0,-0.13885804443523575,0.9392,5.529205244288877,1.7351001501083374,0,continue,1.9690733989553966,0
32,28,0,-0.2873897677564689,0.9392,5.595739351452001,1.699859380722046,0,continue,1.6816836311989276,0
32,29,0,-0.5384998203226599,0.9392,5.696427889574246,1.6834259033203125,0,continue,1.1431838108762677,0
32,30,1,-0.5616728119065229,0.9392,5.765896343758086,1.6482810974121094,0,continue,0.5815109989697449,0
32,31,0,-0.8001887478785934,0.9392,5.894070728246618,1.608820915222168,0,continue,-0.2186777489088485,0
32,32,0,-0.37470040626418233,0.9392,5.949945302251337,1.5504088401794434,0,continue,-0.5933781551730308,0
32,33,0,-0.5571762005375303,0.9392,6.02890731021592,1.4838653802871704,0,continue,-1.150554355710561,0
32,34,0,-0.7397188897982352,0.9392,6.129624640108881,1.4280815124511719,0,continue,-1.8902732455087963,0
32,35,0,-0.24009172709563723,0.9392,6.141697266679641,1.3819191455841064,0,continue,-2.1303649726044336,0
32,36,2,-0.5522610864810751,0.9392,6.212133592113695,1.3406363725662231,0,continue,-2.682626059085509,0
32,37,0,-0.8753467561835353,0.9392,6.353614565652199,1.229138970375061,0,continue,-3.557972815269044,0
32,38,1,-0.3160401700485611,0.9392,6.3768168368060465,1.1640262603759766,0,continue,-3.8740129853176053,0
32,39,0,-0.6150163426966186,0.9392,6.46198766320108,1.1450519561767578,0,continue,-4.489029328014224,0
32,40,0,-0.6586062780416263,0.9392,6.559489736016584,1.0865482091903687,0,continue,-5.14763560605585,0
32,41,1,-0.4052096643836919,0.9392,6.600401320541165,1.0222605466842651,0,continue,-5.552845270439542,0
32,42,0,-0.34782275510569316,0.9392,6.632855325232698,1.002010703086853,0,continue,-5.900668025545236,0
32,43,1,-0.5672387088109317,0.9392,6.706186325192871,0.9769599437713623,0,continue,-6.467906734356167,0
32,44,0,-0.6432295379982428,0.9392,6.804158210525172,0.9005626440048218,0,continue,-7.11113627235441,0
32,45,2,-0.6511292963939185,0.9392,6.8941883162079085,0.8129443526268005,0,continue,-7.762265568748329,0
32,46,0,-0.7564235613231876,0.9392,7.009389004941289,0.7592914700508118,0,continue,-8.518689130071516,0
32,47,0,-0.3448541182494157,0.9392,7.038317174624177,0.691800594329834,0,continue,-8.863543248320932,0
32,48,0,-0.6376182583016103,0.9392,7.125678116690656,0.6418466567993164,0,continue,-9.501161506622543,0
32,49,0,-0.739066532880976,0.9392,7.233286852629094,0.5706756114959717,0,continue,-10.240228039503519,0
32,50,0,-0.8200984824482436,0.9392,7.357096650241999,0.5002973079681396,0,continue,-11.060326521951762,0
32,51,1,-0.3405802613957844,0.9392,7.383094417424039,0.4700165390968323,0,continue,-11.400906783347546,0
32,52,2,-0.8855639307857721,0.9392,7.440240502298469,0.36485910415649414,0,continue,-12.286470714133317,0
32,53,0,-1.3105764776031836,0.9392,7.570257203166072,0.2661570608615875,0,continue,-13.5970471917365,0
32,54,0,-1.6438880320923843,0.9392,7.559357595094088,0.22293709218502045,0,continue,-15.240935223828885,0
32,55,2,-30.637439254361595,0.9392,7.548136424251225,0.14433421194553375,1,crush,-45.87837447819048,0
33,1,1,-0.46441803464612136,0.9373,6.3205815085741985,0.11999999731779099,0,continue,-0.46441803464612136,0
33,2,1,-0.4693877973592432,0.9373,6.320737592249831,0.11999999731779099,0,continue,-0.9338058320053646,0
33,3,2,-0.768513336148744,0.9373,6.320740349825536,0.11999999731779099,0,continue,-1.7023191681541086,0
33,4,0,-30.989045658853872,0.9373,6.3208135339873115,0.11999999731779099,1,crush,-32.69136482700798,0
34,1,0,0.0,0.9354,5.797320162762771,1.1081409454345703,0,continue,0.0,0
34,2,0,-0.004548356371116347,0.9354,5.79728300879527,1.1114094257354736,0,continue,-0.004548356371116347,0
34,3,1,0.11198567579202193,0.9354,5.774865377669194,1.1070654392242432,0,continue,0.10743731942090558,0
34,4,0,0.6147562623858095,0.9354,5.651172682355756,1.0953035354614258,0,continue,0.7221935818067151,0
34,5,2,0.5802222462207746,0.9354,5.567576931028117,1.1051480770111084,0,continue,1.3024158280274896,0
34,6,1,-0.06715572703975205,0.9354,5.5209866389088615,1.1056582927703857,0,continue,1.2352601009877375,0
34,7,0,0.5010445714516686,0.9354,5.422360036608881,1.14913809299469,0,continue,1.736304672439406,0
34,8,0,0.4386908742759077,0.9354,5.344777200836429,1.2721039056777954,0,continue,2.174995546715314,0
34,9,0,0.32243872411969116,0.9354,5.28498950521694,1.3426316976547241,0,continue,2.4974342708350052,0
34,10,1,0.3438098613880563,0.9354,5.203690969634996,1.4671223163604736,0,continue,2.8412441322230615,0
34,11,1,0.09707875072178922,0.9354,5.1783254987613505,1.5562463998794556,0,continue,2.938322882944851,0
34,12,0,0.5700763295281175,0.9354,5.062677465944064,1.5928287506103516,0,continue,3.5083992124729684,0
34,13,1,0.608199498767544,0.9354,4.940910330974749,1.6377358436584473,0,continue,4.1165987112405125,0
34,14,0,0.17425551518449248,0.9354,4.915426780263207,1.6998553276062012,0,continue,4.290854226425005,0
34,15,0,0.33083355398067127,0.9354,4.842529071855625,1.7530882358551025,0,continue,4.621687780405677,0
34,16,0,0.3596984349276816,0.9354,4.772069675492075,1.8540078401565552,0,continue,4.981386215333358,0
34,17,0,0.21494712705067565,0.9354,4.728830615492319,1.8971941471099854,0,continue,5.196333342384033,0
34,18,0,0.24378243418448653,0.9354,4.684176221519286,1.8482853174209595,0,continue,5.44011577656852,0
34,19,0,0.3091001644167251,0.9354,4.605799268786828,1.7579878568649292,0,continue,5.749215940985246,0
34,20,2,0.10632820506947313,0.9354,4.580583228502969,1.677315592765808,0,continue,5.855544146054719,0
34,21,1,0.5325523450018022,0.9354,4.440078466453148,1.6396679878234863,0,continue,6.388096491056521,0
34,22,2,0.25109661748525713,0.9354,4.328598755723586,1.6076723337173462,0,continue,6.639193108541778,0
34,23,0,0.1077976397138786,0.9354,4.324438535988425,1.5580295324325562,0,continue,6.746990748255657,0
34,24,0,0.49416112184637034,0.9354,4.227712746155848,1.4575355052947998,0,continue,7.241151870102027,0
34,25,0,0.9898354601388335,0.9354,4.043331549687541,1.2740405797958374,0,continue,8.230987330240861,0
34,26,0,0.18784565711120324,0.9354,4.00720569337357,1.2674225568771362,0,continue,8.418832987352065,0
34,27,0,0.34869141777820717,0.9354,3.9378880739148046,1.2299063205718994,0,continue,8.767524405130272,0
34,28,0,0.8052334216497467,0.9354,3.7886074128781493,1.087087631225586,0,continue,9.57275782678002,0
34,29,0,0.4326549752378137,0.9354,3.714201243440961,0.9508813619613647,0,continue,10.005412802017833,0
34,30,0,0.31380913846879666,0.9354,3.6478932255014347,0.9366269111633301,0,continue,10.31922194048663,0
34,31,1,0.25542107224571076,0.9354,3.588056995959276,0.8344330191612244,0,continue,10.57464301273234,0
34,32,0,0.4239802338382423,0.9354,3.504228600581911,0.6910489201545715,0,continue,10.998623246570581,0
34,33,2,0.023770845335869064,0.9354,3.494465706662048,0.6212278604507446,0,continue,11.02239409190645,0
34,34,0,0.32781473101125724,0.9354,3.426730991339831,0.526900589466095,0,continue,11.350208822917708,0
34,35,0,0.16611232403225826,0.9354,3.3825264003448816,0.4492843449115753,0,continue,11.516321146949966,0
34,36,2,0.006239266723439475,0.9354,3.3763076165581625,0.4174433946609497,0,continue,11.522560413673405,0
34,37,0,-0.0025126323714258214,0.9354,3.355953322387756,0.38592785596847534,0,continue,11.52004778130198,0
34,38,0,-0.7141592213429835,0.9354,3.335212468805478,0.340608149766922,0,continue,10.805888559958996,0
34,39,2,0.6477852480213371,0.9354,3.3238659191407933,0.2838369905948639,0,continue,11.453673807980334,0
34,40,0,-2.485115846379646,0.9354,3.3976196952532605,0.2674674987792969,0,continue,8.968557961600688,0
34,41,0,-2.6859979856681973,0.9354,3.434590486556498,0.26315248012542725,0,continue,6.28255997593249,0
34,42,0,-3.516673548938097,0.9354,3.5458426792187954,0.2623074948787689,0,continue,2.7658864269943932,0
34,43,2,-0.751162483428069,0.9354,3.660023563211844,0.29897820949554443,0,continue,2.0147239435663242,0
34,44,0,-2.6606266804774514,0.9354,3.763116587198854,0.30838578939437866,0,continue,-0.6459027369111272,0
34,45,0,-1.9361659539458604,0.9354,3.8105425757130713,0.39390668272972107,0,continue,-2.5820686908569876,0
34,46,2,-0.5601364972048928,0.9354,3.92256987515405,0.5135717391967773,0,continue,-3.1422051880618804,0
34,47,2,-0.7027246899943316,0.9354,4.023114813152916,0.6372837424278259,0,continue,-3.8449298780562122,0
34,48,0,-0.55021299159733,0.9354,4.099079447643342,0.7322676181793213,0,continue,-4.395142869653542,0
34,49,0,-0.732108762017466,0.9354,4.215620818732184,0.8367360830307007,0,continue,-5.127251631671008,0
34,50,2,-0.7498853029804189,0.9354,4.325304415200988,0.8723242878913879,0,continue,-5.877136934651427,0
34,51,0,-0.9011044941006865,0.9354,4.466804596787568,0.8955617547035217,0,continue,-6.778241428752113,0
34,52,1,-0.2913677129239346,0.9354,4.484994402767716,1.0445667505264282,0,continue,-7.069609141676048,0
34,53,0,-0.869388882011704,0.9354,4.627243324223614,1.1492059230804443,0,continue,-7.938998023687752,0
34,54,2,-1.0070870579852478,0.9354,4.78812678073646,1.2788407802581787,0,continue,-8.946085081672999,0
34,55,0,-0.4890343651267666,0.9354,4.845914822458959,1.2852267026901245,0,continue,-9.435119446799765,0
34,56,0,-0.3674094501417213,0.9354,4.885772878911791,1.3662035465240479,0,continue,-9.802528896941487,0
34,57,0,-0.7991279511102138,0.9354,5.015939109192616,1.4716854095458984,0,continue,-10.6016568480517,0
34,58,0,-0.9009962703054513,0.9354,5.162697843182428,1.5703151226043701,0,continue,-11.502653118357152,0
34,59,0,-0.5143069119582329,0.9354,5.2294308911559515,1.617138147354126,0,continue,-12.016960030315385,0
34,60,0,-0.8518188868400896,0.9354,5.369621397744265,1.7285525798797607,0,continue,-12.868778917155474,0
34,61,1,-0.5149918555453261,0.9354,5.432537830237732,1.8535943031311035,0,continue,-13.3837707727008,0
34,62,1,-0.6192150137083525,0.9354,5.5086665607915375,1.8932771682739258,0,continue,-14.002985786409152,0
34,63,1,-0.46200657508811094,0.9354,5.548963379620372,1.8705252408981323,0,continue,-14.464992361497263,0
34,64,2,-0.5799610206276091,0.9354,5.564272095821456,1.8238104581832886,0,continue,-15.044953382124872,0
34,65,0,-0.4476158016677981,0.9354,5.614574467038528,1.7618536949157715,0,continue,-15.49256918379267,0
34,66,1,-0.43026119052266903,0.9354,5.65172545894956,1.7214207649230957,0,continue,-15.922830374315339,0
34,67,0,-0.3736118338473425,0.9354,5.7021961563595065,1.6966534852981567,0,continue,-16.29644220816268,0
34,68,0,-0.6272357422170303,0.9354,5.75904327910603,1.6851215362548828,0,continue,-16.923677950379712,0
34,69,0,-0.14538498854144702,0.9354,5.773854273988341,1.6905778646469116,0,continue,-17.06906293892116,0
34,70,0,-0.9174897774038808,0.9354,5.873277150341719,1.6464613676071167,0,continue,-17.98655271632504,0
34,71,2,-0.4980364338931915,0.9354,5.931572568049924,1.5754002332687378,0,continue,-18.48458915021823,0
34,72,2,-0.46900206295544494,0.9354,5.984681167979294,1.5395575761795044,0,continue,-18.953591213173674,0
34,73,1,-0.9782136623567539,0.9354,6.077945345532531,1.5283032655715942,0,continue,-19.93180487553043,0
34,74,0,-0.6253248171751741,0.9354,6.162528339423668,1.5020561218261719,0,continue,-20.5571296927056,0
34,75,2,-0.3029646166620046,0.9354,6.182745402189388,1.466363549232483,0,continue,-20.860094309367607,0
34,76,0,-0.5536938632327528,0.9354,6.254009131235389,1.4366198778152466,0,continue,-21.41378817260036,0
34,77,0,-0.45966086007816653,0.9354,6.387875058455099,1.3803688287734985,0,continue,-21.873449032678526,0
34,78,0,-0.7092765638373217,0.9354,6.489261019464496,1.3090338706970215,0,continue,-22.582725596515846,0
34,79,1,-0.40345031784339985,0.9354,6.529673996157505,1.2249677181243896,0,continue,-22.986175914359247,0
34,80,0,-0.6122709066934632,0.9354,6.611918697194286,1.134981393814087,0,continue,-23.59844682105271,0
34,81,0,-0.6148473178089664,0.9354,6.694587721952382,0.9966353178024292,0,continue,-24.213294138861677,0
34,82,0,-0.3069660798850607,0.9354,6.715934296291123,0.9531212449073792,0,continue,-24.52026021874674,0
34,83,1,-0.6190616463279093,0.9354,6.799435187742892,0.9073415994644165,0,continue,-25.13932186507465,0
34,84,1,-0.596307237265435,0.9354,6.878349853311482,0.8137392401695251,0,continue,-25.735629102340084,0
34,85,0,-0.334950961840804,0.9354,6.905291705435208,0.7193372249603271,0,continue,-26.070580064180888,0
34,86,0,-0.626423741711974,0.9354,6.990323925451238,0.6703455448150635,0,continue,-26.697003805892862,0
34,87,1,-0.6548749069716961,0.9354,7.080945941828457,0.5824653506278992,0,continue,-27.351878712864558,0
34,88,0,-0.22226193090894258,0.9354,7.08508819684373,0.49214968085289,0,continue,-27.5741406437735,0
34,89,0,-0.5322925867391075,0.9354,7.148330101971264,0.4610816240310669,0,continue,-28.106433230512607,0
34,90,1,-0.754393789126947,0.9354,7.2282548692817645,0.32390210032463074,0,continue,-28.860827019639554,0
34,91,0,-0.8778889648371893,0.9354,7.237511606188035,0.23940376937389374,0,continue,-29.738715984476745,0
34,92,0,-0.7757870906281314,0.9354,7.225325754629597,0.21720753610134125,0,continue,-30.514503075104876,0
34,93,0,-31.39861315351377,0.9354,7.2295217933095826,0.11999999731779099,1,crush,-61.91311622861865,0
35,1,0,-1.0263228107424653,0.9335,6.912949233194818,0.11999999731779099,0,continue,-1.0263228107424653,0
35,2,0,-0.9875064696180367,0.9335,6.913031192929665,0.11999999731779099,0,continue,-2.0138292803605022,0
35,3,2,-0.4688929520145389,0.9335,6.913087901646052,0.11999999731779099,0,continue,-2.4827222323750413,0
35,4,1,-30.76843521843683,0.9335,6.913061563221416,0.11999999731779099,1,crush,-33.251157450811874,0
36,1,0,0.0,0.9316,5.447454450245916,1.4593170881271362,0,continue,0.0,0
36,2,0,0.6541384927181066,0.9316,5.314715063592489,1.45637047290802,0,continue,0.6541384927181066,0
36,3,1,0.6708647465134391,0.9316,5.189460181315454,1.4620071649551392,0,continue,1.3250032392315458,0
36,4,1,0.5703858080949935,0.9316,5.082002294959022,1.4569697380065918,0,continue,1.8953890473265393,0
36,5,0,0.7090300058033491,0.9316,4.948059137914943,1.5461969375610352,0,continue,2.6044190531298885,0
36,6,0,0.537720985764853,0.9316,4.850597411181731,1.6578258275985718,0,continue,3.1421400388947416,0
36,7,0,0.7206066340029289,0.9316,4.71767167771362,1.8097621202468872,0,continue,3.8627466728976705,0
36,8,2,0.09315941977903752,0.9316,4.699469337780933,1.9225752353668213,0,continue,3.955906092676708,0
36,9,2,0.3497480525439882,0.9316,4.6241240269364186,1.889782428741455,0,continue,4.3056541452206964,0
36,10,0,0.2858168212430248,0.9316,4.562905450486183,1.7929316759109497,0,continue,4.591470966463722,0
36,11,0,0.2678573937608374,0.9316,4.507136183129305,1.6981984376907349,0,continue,4.859328360224559,0
36,12,0,0.062027634512552714,0.9316,4.49172606745965,1.6441158056259155,0,continue,4.9213559947371115,0
36,13,0,0.1787312164308204,0.9316,4.474042359471902,1.5202147960662842,0,continue,5.100087211167932,0
36,14,0,0.2260675220757587,0.9316,4.460753800238447,1.452268362045288,0,continue,5.326154733243691,0
36,15,0,-0.6140153158175685,0.9316,4.482801872300474,1.4394844770431519,0,continue,4.712139417426123,0
36,16,1,-0.12532891273493094,0.9316,4.501467307324971,1.4341788291931152,0,continue,4.586810504691192,0
36,17,0,-0.34967703373464454,0.9316,4.518868382903227,1.4011414051055908,0,continue,4.237133470956548,0
36,18,0,-0.5763433888477737,0.9316,4.589587344070912,1.3778958320617676,0,continue,3.660790082108774,0
36,19,2,-0.2685416149669512,0.9316,4.642439756826075,1.4003418684005737,0,continue,3.392248467141823,0
36,20,0,-0.2551481815067112,0.9316,4.69129084669156,1.3996241092681885,0,continue,3.137100285635112,0
36,21,0,-0.12144934750263088,0.9316,4.717452620222438,1.4056631326675415,0,continue,3.015650938132481,0
36,22,1,-0.2662228724416711,0.9316,4.770490465906933,1.4486117362976074,0,continue,2.74942806569081,0
36,23,1,-0.265518827966409,0.9316,4.823435956784211,1.5001908540725708,0,continue,2.483909237724401,0
36,24,2,-0.5563410971903807,0.9316,4.8740234771874205,1.5487419366836548,0,continue,1.9275681405340204,0
36,25,1,-0.7476811601995186,0.9316,4.963211394337286,1.582400918006897,0,continue,1.1798869803345018,0
36,26,0,-0.6092058944550878,0.9316,5.049743989950014,1.651846170425415,0,continue,0.570681085879414,0
36,27,1,-0.3578283461566042,0.9316,5.0810423157588085,1.7066419124603271,0,continue,0.21285273972280983,0
36,28,0,-0.4453743236609753,0.9316,5.127192229487013,1.7234572172164917,0,continue,-0.23252158393816547,0
36,29,0,-0.33730919194849984,0.9316,5.151189902024125,1.8310872316360474,0,continue,-0.5698307758866653,0
36,30,0,-0.27560113906114464,0.9316,5.1687871254569355,1.8573262691497803,0,continue,-0.84543191494781,0
36,31,0,-0.23453311639965482,0.9316,5.168751513604432,1.8922563791275024,0,continue,-1.079965031347465,0
36,32,0,-0.08563581774033245,0.9316,5.158874791581232,1.9222381114959717,0,continue,-1.1656008490877974,0
36,33,0,-0.13260696251881185,0.9316,5.159063224605453,1.9246816635131836,0,continue,-1.2982078116066091,0
36,34,0,-0.2646835928233403,0.9316,5.166723787786808,1.9295958280563354,0,continue,-1.5628914044299496,0
36,35,1,-0.26239244687688895,0.9316,5.178498704729755,1.9371050596237183,0,continue,-1.8252838513068386,0
36,36,0,-0.12385506380069491,0.9316,5.183637314212399,1.9194533824920654,0,continue,-1.9491389151075336,0
36,37,0,-0.47404057209659245,0.9316,5.199603362577163,1.8723043203353882,0,continue,-2.423179487204126,0
36,38,0,-0.3018533411195926,0.9316,5.210389435197024,1.8646799325942993,0,continue,-2.7250328283237186,0
36,39,0,-0.21842398255757628,0.9316,5.218862723770617,1.8325424194335938,0,continue,-2.943456810881295,0
36,40,2,-0.2949986566482382,0.9316,5.237203819528792,1.8353489637374878,0,continue,-3.238455467529533,0
36,41,0,-0.34173701291490555,0.9316,5.257928823190735,1.8081647157669067,0,continue,-3.5801924804444383,0
36,42,2,-0.3488326639469073,0.9316,5.286968748693609,1.7862327098846436,0,continue,-3.9290251443913458,0
36,43,0,-0.23073314445364432,0.9316,5.295682570122116,1.7793560028076172,0,continue,-4.15975828884499,0
36,44,0,-0.3504504591883122,0.9316,5.319315762264681,1.7695856094360352,0,continue,-4.5102087480333015,0
36,45,1,-0.3685699168605449,0.9316,5.35238388102234,1.7295626401901245,0,continue,-4.878778664893846,0
36,46,0,-0.30880934053574216,0.9316,5.369780024626472,1.664008378982544,0,continue,-5.187588005429588,0
36,47,0,-0.2835945807509114,0.9316,5.385300389422622,1.5950846672058105,0,continue,-5.4711825861804995,0
36,48,0,-0.4242635871392465,0.9316,5.423496323500444,1.4979816675186157,0,continue,-5.895446173319746,0
36,49,0,-0.2563573017673629,0.9316,5.432460266227446,1.4017117023468018,0,continue,-6.1518034750871085,0
36,50,0,-0.2625192058458724,0.9316,5.439606538140541,1.320986032485962,0,continue,-6.4143226809329805,0
36,51,0,-0.45218392427109166,0.9316,5.4789645718710265,1.272544503211975,0,continue,-6.866506605204072,0
36,52,0,-0.6479883760398879,0.9316,5.5512830074118185,1.1330182552337646,0,continue,-7.51449498124396,0
36,53,0,-0.27875936186667133,0.9316,5.556225144309148,1.0695348978042603,0,continue,-7.793254343110632,0
36,54,0,-0.6122964116471687,0.9316,5.666837195613634,0.9531745910644531,0,continue,-8.405550754757801,0
36,55,0,-1.1438731671299511,0.9316,5.789558302123727,0.8998211622238159,0,continue,-9.549423921887753,0
36,56,0,-0.6606626941392559,0.9316,5.887882123127923,0.9172102212905884,0,continue,-10.21008661602701,0
36,57,0,-0.8062246307441554,0.9316,6.019043788869277,0.8111371994018555,0,continue,-11.016311246771165,0
36,58,0,-0.3693393007935618,0.9316,6.0523542415136715,0.6817387938499451,0,continue,-11.385650547564728,0
36,59,1,-0.4529880218605751,0.9316,6.101600373752967,0.6288741230964661,0,continue,-11.838638569425303,0
36,60,1,-0.7023648425340077,0.9316,6.187560014482269,0.5021806359291077,0,continue,-12.541003411959311,0
36,61,0,-0.37311643378651504,0.9316,6.215606518945693,0.4361332654953003,0,continue,-12.914119845745827,0
36,62,0,-0.681812587602566,0.9316,6.3145564588641205,0.37372785806655884,0,continue,-13.595932433348393,0
36,63,0,-0.234510595383431,0.9316,6.315491909519121,0.28190723061561584,0,continue,-13.830443028731825,0
36,64,2,-30.557452977201486,0.9316,6.316770562442319,0.18995675444602966,1,crush,-44.387896005933314,0
37,1,0,-0.9758361268969453,0.9297,7.1748010963540585,0.11999999731779099,0,continue,-0.9758361268969453,0
37,2,2,-0.46898117503363745,0.9297,7.174888472367723,0.11999999731779099,0,continue,-1.4448173019305828,0
37,3,1,-0.7682664767580742,0.9297,7.174840103225684,0.11999999731779099,0,continue,-2.213083778688657,0
37,4,0,-31.02059170859219,0.9297,7.174604864683249,0.11999999731779099,1,crush,-33.23367548728085,0
38,1,2,0.0,0.9278,5.833300651611383,1.0650904178619385,0,continue,0.0,0
38,2,0,0.030481482822595173,0.9278,5.827153578021427,1.0607028007507324,0,continue,0.030481482822595173,0
38,3,0,0.21739697862995322,0.9278,5.780405250243479,1.0703068971633911,0,continue,0.24787846145254838,0
38,4,0,1.0402264076354846,0.9278,5.569399728751111,1.0754889249801636,0,continue,1.288104869088033,0
38,5,0,0.40080846325945385,0.9278,5.4918530471689095,1.123212218284607,0,continue,1.6889133323474868,0
38,6,0,0.4944295422088418,0.9278,5.395498274855421,1.1339787244796753,0,continue,2.1833428745563284,0
38,7,0,0.47315751736010475,0.9278,5.308252245369121,1.2295873165130615,0,continue,2.656500391916433,0
38,8,2,0.3362241065785027,0.9278,5.240110945881425,1.340132236480713,0,continue,2.9927244984949355,0
38,9,0,0.3170317172801188,0.9278,5.1794813535311865,1.389044165611267,0,continue,3.3097562157750544,0
38,10,0,0.4648191036301125,0.9278,5.093017886618998,1.4511363506317139,0,continue,3.7745753194051668,0
38,11,1,0.29324979481876257,0.9278,5.0485837265164575,1.550488829612732,0,continue,4.067825114223929,0
38,12,1,0.46534723375629417,0.9278,4.971649952426393,1.6407259702682495,0,continue,4.533172347980223,0
38,13,1,0.5607983633734701,0.9278,4.876640079550207,1.6688793897628784,0,continue,5.093970711353693,0
38,14,0,0.4745620559326755,0.9278,4.7901905938382425,1.774354338645935,0,continue,5.568532767286368,0
38,15,1,0.20147535090224497,0.9278,4.760727255738796,1.8536152839660645,0,continue,5.770008118188613,0
38,16,0,0.4571889939367654,0.9278,4.66961933286791,1.876795768737793,0,continue,6.227197112125379,0
38,17,0,0.49319658665246086,0.9278,4.5785588369959145,1.9023417234420776,0,continue,6.72039369877784,0
38,18,0,0.2797690716399028,0.9278,4.532664893017121,1.804272174835205,0,continue,7.0001627704177425,0
38,19,0,0.662663444457429,0.9278,4.404349937843692,1.7218962907791138,0,continue,7.662826214875172,0
38,20,0,0.691010290192759,0.9278,4.276202625102595,1.594896674156189,0,continue,8.35383650506793,0
38,21,0,0.37330469464258664,0.9278,4.20668012916201,1.5201964378356934,0,continue,8.727141199710516,0
38,22,0,0.315640704246838,0.9278,4.1502165410564515,1.4153635501861572,0,continue,9.042781903957355,0
38,23,0,0.3401611606521002,0.9278,4.081216554496069,1.3275792598724365,0,continue,9.382943064609455,0
38,24,2,0.29178733022818315,0.9278,4.012917441860305,1.2236624956130981,0,continue,9.674730394837638,0
38,25,0,0.0414655554238881,0.9278,4.007340211283526,1.1396193504333496,0,continue,9.716195950261527,0
38,26,2,0.3840351005927593,0.9278,3.926722985715548,1.0770423412322998,0,continue,10.100231050854287,0
38,27,0,0.5860341293177656,0.9278,3.8097858249777756,1.0033072233200073,0,continue,10.686265180172052,0
38,28,0,0.7477391408686069,0.9278,3.6714362476685616,0.9635503888130188,0,continue,11.434004321040659,0
38,29,0,0.1409302185890081,0.9278,3.638989245669706,0.9124855995178223,0,continue,11.574934539629666,0
38,30,0,0.5119082388245604,0.9278,3.5413962068107727,0.8252833485603333,0,continue,12.086842778454226,0
38,31,0,0.5865668472305029,0.9278,3.4371330753527185,0.6881589293479919,0,continue,12.673409625684728,0
38,32,2,0.2841967367577312,0.9278,3.3802343177737124,0.6093485951423645,0,continue,12.95760636244246,0
38,33,0,0.3145300906328174,0.9278,3.3163635220947265,0.5681253671646118,0,continue,13.272136453075278,0
38,34,0,0.3925181728046053,0.9278,3.2321435206430875,0.4470786154270172,0,continue,13.664654625879884,0
38,35,1,0.32369026114323196,0.9278,3.1352244539504506,0.35040387511253357,0,continue,13.988344887023116,0
38,36,0,-0.29376446664532996,0.9278,3.1190237163570953,0.2744367718696594,0,continue,13.694580420377786,0
38,37,0,-30.806923453281687,0.9278,3.1119005062449676,0.189552441239357,1,crush,-17.1123430329039,0
39,1,0,0.0,0.9259,2.856136021881921,1.1067967414855957,0,continue,0.0,0
39,2,1,-0.0984748427083737,0.9259,2.8745964320261668,1.097401738166809,0,continue,-0.0984748427083737,0
39,3,0,-0.14828161251163394,0.9259,2.903877445841298,1.0947574377059937,0,continue,-0.24675645522000764,0
39,4,0,-0.14660284822678177,0.9259,2.932811178571669,1.0742664337158203,0,continue,-0.3933593034467894,0
39,5,0,-0.08284778015615313,0.9259,2.953049091908266,1.0891377925872803,0,continue,-0.4762070836029425,0
39,6,0,0.034919002104616396,0.9259,2.9565571679646934,1.0706613063812256,0,continue,-0.4412880814983261,0
39,7,0,-0.11443650534757424,0.9259,2.9853736603267347,0.9481388926506042,0,continue,-0.5557245868459003,0
39,8,1,-0.33076607599498115,0.9259,3.038412827183702,0.813636302947998,0,continue,-0.8864906628408815,0
39,9,0,-0.43017516803623623,0.9259,3.1159166747642906,0.7934910655021667,0,continue,-1.3166658308771177,0
39,10,0,-0.03733169083093742,0.9259,3.11816023669397,0.7370200753211975,0,continue,-1.353997521708055,0
39,11,1,-0.6225792269879494,0.9259,3.2405995131915124,0.6314323544502258,0,continue,-1.9765767486960044,0
39,12,0,-1.1373297469029264,0.9259,3.3720708235559407,0.5946071743965149,0,continue,-3.113906495598931,0
39,13,0,-0.8486814254229161,0.9259,3.4960156071738866,0.5690688490867615,0,continue,-3.962587921021847,0
39,14,0,-0.2919491073190775,0.9259,3.552602092857183,0.5482617020606995,0,continue,-4.254537028340924,0
39,15,0,-0.5197403250513318,0.9259,3.6542446105052555,0.5124050974845886,0,continue,-4.7742773533922565,0
39,16,0,-0.6401033584529642,0.9259,3.7690123074598545,0.4673336446285248,0,continue,-5.4143807118452205,0
39,17,0,-0.5438384681998351,0.9259,3.8175930303535694,0.42752131819725037,0,continue,-5.958219180045056,0
39,18,0,-0.6498634908065302,0.9259,3.9018214001587195,0.41712892055511475,0,continue,-6.608082670851586,0
39,19,0,-0.7385007772620263,0.9259,3.959840345094355,0.3702283501625061,0,continue,-7.346583448113613,0
39,20,0,-0.9618290562099844,0.9259,3.9564996818309854,0.28747865557670593,0,continue,-8.308412504323597,0
39,21,0,-1.9333912321626652,0.9259,3.956969183977699,0.21389587223529816,0,continue,-10.241803736486261,0
39,22,0,-32.2382558641877,0.9259,3.9593328210509067,0.16669130325317383,1,crush,-42.48005960067396,0
40,1,0,-0.9999376524420656,0.924,7.696159960641561,0.11999999731779099,0,continue,-0.9999376524420656,0
40,2,2,-0.4690080629855854,0.924,7.696261641511834,0.11999999731779099,0,continue,-1.468945715427651,0
40,3,0,-1.00559013588531,0.924,7.696173879060113,0.11999999731779099,0,continue,-2.474535851312961,0
40,4,1,-30.467602935412735,0.924,7.695995315264214,0.11999999731779099,1,crush,-32.94213878672569,0
41,1,1,0.059778690338134766,0.9221,5.669845530653395,1.2355643510818481,0,continue,0.059778690338134766,0
41,2,0,0.25973285308131966,0.9221,5.617444069993608,1.2303252220153809,0,continue,0.3195115434194544,0
41,3,0,0.31528804330435833,0.9221,5.542658163295835,1.231892466545105,0,continue,0.6347995867238128,0
41,4,0,0.1958878360068382,0.9221,5.491850279874903,1.2132257223129272,0,continue,0.830687422730651,0
41,5,0,0.14447523062602524,0.9221,5.454976232100094,1.2547777891159058,0,continue,0.9751626533566762,0
41,6,0,0.04310179333034588,0.9221,5.443761561984183,1.3067214488983154,0,continue,1.018264446687022,0
41,7,0,0.11517249975320334,0.9221,5.4522621236264435,1.4463337659835815,0,continue,1.1334369464402254,0
41,8,2,-0.2439995888216953,0.9221,5.499195975684719,1.4689209461212158,0,continue,0.8894373576185302,0
41,9,0,-0.21184127944347153,0.9221,5.543902309051071,1.4898498058319092,0,continue,0.6775960781750586,0
41,10,0,-0.4959954270349698,0.9221,5.602460928893567,1.5063709020614624,0,continue,0.18160065114008883,0
41,11,0,-0.09532181085963787,0.9221,5.623234769154735,1.4743903875350952,0,continue,0.08627884028045096,0
41,12,1,-0.19503826800197846,0.9221,5.662023101297713,1.452222466468811,0,continue,-0.1087594277215275,0
41,13,2,-0.5562326913763023,0.9221,5.712244781720485,1.4192196130752563,0,continue,-0.6649921190978297,0
41,14,0,-0.1086208497950804,0.9221,5.73697347029333,1.3890912532806396,0,continue,-0.7736129688929101,0
41,15,2,-0.3511890499851048,0.9221,5.806704420152695,1.3457568883895874,0,continue,-1.124802018878015,0
41,16,2,-0.30558493574141443,0.9221,5.867124627797113,1.3159302473068237,0,continue,-1.4303869546194294,0
41,17,0,-0.1991725254826452,0.9221,5.9075064438560565,1.2779675722122192,0,continue,-1.6295594801020745,0
41,18,0,-0.23032014387447783,0.9221,5.957026985153155,1.2439481019973755,0,continue,-1.8598796239765523,0
41,19,0,-0.2837086141540731,0.9221,6.017596065889727,1.1994613409042358,0,continue,-2.1435882381306253,0
41,20,0,-0.23730483922036083,0.9221,6.065886622210661,1.1785142421722412,0,continue,-2.380893077350986,0
41,21,0,-0.47322558606134213,0.9221,6.1191918212556855,1.1550865173339844,0,continue,-2.8541186634123283,0
41,22,0,-0.45866039408809456,0.9221,6.174122088794761,1.1193795204162598,0,continue,-3.312779057500423,0
41,23,0,-0.3686802461328113,0.9221,6.2102556212830935,1.0960019826889038,0,continue,-3.6814593036332344,0
41,24,0,-0.3981793177408559,0.9221,6.250910651412637,1.0797041654586792,0,continue,-4.07963862137409,0
41,25,1,-0.7247216802878484,0.9221,6.355090373691851,1.0564690828323364,0,continue,-4.804360301661939,0
41,26,0,-0.3724074397725209,0.9221,6.392593774828489,1.001468539237976,0,continue,-5.1767677414344595,0
41,27,0,-0.46371361231909763,0.9221,6.435709220228255,0.961297333240509,0,continue,-5.640481353753557,0
41,28,0,-0.2403513217247405,0.9221,6.435963846320565,0.924319326877594,0,continue,-5.880832675478298,0
41,29,0,-0.14541092743767917,0.9221,6.428225732409631,0.8939999938011169,0,continue,-6.026243602915978,0
41,30,0,-1.0974967473044608,0.9221,6.391881480769266,0.8890568614006042,0,continue,-7.123740350220438,0
41,31,1,0.21609119389543036,0.9221,6.363398463752573,0.9143688678741455,0,continue,-6.907649156325008,0
41,32,0,-0.11373696883191359,0.9221,6.343664731688542,0.9147079586982727,0,continue,-7.021386125156922,0
41,33,0,-0.058283965928995735,0.9221,6.326540360734703,0.996456503868103,0,continue,-7.079670091085918,0
41,34,0,-0.05548184506669798,0.9221,6.300723961865525,1.0828275680541992,0,continue,-7.1351519361526154,0
41,35,0,-0.0997854471863361,0.9221,6.283075808281292,1.1379491090774536,0,continue,-7.234937383338951,0
41,36,2,-0.1444655967410453,0.9221,6.271502342245057,1.158301830291748,0,continue,-7.3794029800799965,0
41,37,0,-0.11861349597953036,0.9221,6.261719954849925,1.1867753267288208,0,continue,-7.498016476059527,0
41,38,0,-0.11964160019549086,0.9221,6.249245252598454,1.1094197034835815,0,continue,-7.617658076255018,0
41,39,1,-0.08498404448504726,0.9221,6.23746517754047,0.9814555048942566,0,continue,-7.702642120740065,0
41,40,0,-0.16906477928853442,0.9221,6.231603310989923,0.9666575193405151,0,continue,-7.8717069000286,0
41,41,0,-0.16511732145020686,0.9221,6.229918253422192,0.866660475730896,0,continue,-8.036824221478806,0
41,42,0,-0.2288527441394156,0.9221,6.235895500476193,0.7521260380744934,0,continue,-8.265676965618221,0
41,43,0,-0.3982620484389082,0.9221,6.271829799460555,0.629649817943573,0,continue,-8.66393901405713,0
41,44,2,-0.342231573561225,0.9221,6.294193825134881,0.6161197423934937,0,continue,-9.006170587618355,0
41,45,0,-0.40674964756293597,0.9221,6.347999082065719,0.5645128488540649,0,continue,-9.412920235181291,0
41,46,1,-0.435920755227693,0.9221,6.382456213062551,0.48821234703063965,0,continue,-9.848840990408984,0
41,47,1,-0.0543955775860322,0.9221,6.384004834926315,0.4379233419895172,0,continue,-9.903236567995016,0
41,48,0,-0.26805622415726993,0.9221,6.415991917350949,0.38521820306777954,0,continue,-10.171292792152286,0
41,49,1,-0.49338552690649,0.9221,6.446536383351526,0.32998207211494446,0,continue,-10.664678319058776,0
41,50,0,-1.1025528002371034,0.9221,6.439939002133388,0.2736368477344513,0,continue,-11.767231119295879,0
41,51,1,-0.4989157590994095,0.9221,6.44123424892113,0.24370452761650085,0,continue,-12.266146878395288,0
41,52,0,-31.129624936678397,0.9221,6.461189484094932,0.14274124801158905,1,crush,-43.39577181507369,0
42,1,0,-1.013547762128917,0.9202,3.6178927257331797,0.11999999731779099,0,continue,-1.013547762128917,0
42,2,0,-1.0248994101125726,0.9202,3.617894613661412,0.11999999731779099,0,continue,-2.0384471722414896,0
42,3,1,-0.4684948593333672,0.9202,3.617894385933042,0.11999999731779099,0,continue,-2.506942031574857,0
42,4,0,-31.053365049010885,0.9202,3.617894853087201,0.11999999731779099,1,crush,-33.560307080585744,0
43,1,2,0.0,0.9183,5.809515387978808,1.102759838104248,0,continue,0.0,0
43,2,0,0.23234530098236716,0.9183,5.759216740487833,1.0927438735961914,0,continue,0.23234530098236716,0
43,3,0,0.3908858018846281,0.9183,5.662841438780588,1.1038404703140259,0,continue,0.6232311028669952,0
43,4,1,0.8597749782060655,0.9183,5.555162635637195,1.1069508790969849,0,continue,1.4830060810730608,0
43,5,0,0.29922088491851967,0.9183,5.483209065550112,1.1483534574508667,0,continue,1.7822269659915804,0
43,6,0,0.2450155684082102,0.9183,5.425938296478498,1.2261422872543335,0,continue,2.0272425343997904,0
43,7,2,-0.013549758103238305,0.9183,5.424690186552217,1.2874512672424316,0,continue,2.013692776296552,0
43,8,0,0.3244354086502398,0.9183,5.356654510644948,1.3737270832061768,0,continue,2.338128184946792,0
43,9,2,0.7273135197091669,0.9183,5.256299390813043,1.4510098695755005,0,continue,3.0654417046559588,0
43,10,0,0.27001083612548066,0.9183,5.198719453206532,1.4806721210479736,0,continue,3.3354525407814393,0
43,11,0,0.1754226728273964,0.9183,5.162506680884993,1.4835467338562012,0,continue,3.5108752136088355,0
43,12,0,0.4011900767325406,0.9183,5.086887903495584,1.5452492237091064,0,continue,3.912065290341376,0
43,13,0,0.4226459727807759,0.9183,5.011431770154484,1.617261528968811,0,continue,4.334711263122152,0
43,14,0,0.2289695321486868,0.9183,4.969155693165621,1.7102199792861938,0,continue,4.563680795270839,0
43,15,1,0.22467348124449832,0.9183,4.919068891993097,1.7454572916030884,0,continue,4.788354276515338,0
43,16,0,0.25177161126780395,0.9183,4.86622016427099,1.8108949661254883,0,continue,5.040125887783142,0
43,17,0,0.28994834239383543,0.9183,4.81060687626888,1.9271982908248901,0,continue,5.330074230176978,0
43,18,1,1.0190969686598144,0.9183,4.61343725009242,1.8777374029159546,0,continue,6.3491711988367925,0
43,19,0,0.21189622765643357,0.9183,4.569167795648256,1.8101328611373901,0,continue,6.561067426493226,0
43,20,0,0.6303777350248869,0.9183,4.450410636022169,1.713833212852478,0,continue,7.1914451615181125,0
43,21,2,0.6611258138091264,0.9183,4.3179828790871415,1.5824198722839355,0,continue,7.852570975327239,0
43,22,1,-0.1310911760274608,0.9183,4.284415365524696,1.5594098567962646,0,continue,7.721479799299778,0
43,23,0,0.33876289369262974,0.9183,4.21575778940456,1.4668446779251099,0,continue,8.060242692992407,0
43,24,1,0.15754574989409348,0.9183,4.172525291932185,1.3092613220214844,0,continue,8.217788442886501,0
43,25,0,0.0653622397273832,0.9183,4.165859336447294,1.2369375228881836,0,continue,8.283150682613885,0
43,26,0,0.48660741768808496,0.9183,4.068215406863731,1.1581698656082153,0,continue,8.769758100301969,0
43,27,0,0.47554547056948815,0.9183,3.986146959084483,1.0960770845413208,0,continue,9.245303570871457,0
43,28,0,0.002884376921436929,0.9183,3.970468994391904,1.0893996953964233,0,continue,9.248187947792893,0
43,29,1,0.23675340591414704,0.9183,3.9389372186645555,1.0463956594467163,0,continue,9.48494135370704,0
43,30,0,0.16011134215278908,0.9183,3.902230855862746,0.938336968421936,0,continue,9.645052695859828,0
43,31,0,-0.03269213896502392,0.9183,3.9005315088721635,0.8495322465896606,0,continue,9.612360556894805,0
43,32,0,-0.08885092276352884,0.9183,3.9177377514969245,0.8476749658584595,0,continue,9.523509634131276,0
43,33,0,-0.08823035529781462,0.9183,3.919300653438211,0.7775090336799622,0,continue,9.43527927883346,0
43,34,2,-0.22172740641562286,0.9183,3.9601531762470357,0.7366031408309937,0,continue,9.213551872417838,0
43,35,1,-0.6468979876241765,0.9183,4.029176490361133,0.713451087474823,0,continue,8.566653884793661,0
43,36,0,-0.7132585311872645,0.9183,4.094705109532043,0.7052278518676758,0,continue,7.8533953536063965,0
43,37,0,-0.3567248351461358,0.9183,4.169329532218872,0.7116652727127075,0,continue,7.4966705184602604,0
43,38,0,0.013690322936593053,0.9183,4.19082091240096,0.7396728992462158,0,continue,7.510360841396854,0
43,39,0,-0.6312013406620756,0.9183,4.297784603751029,0.7766668200492859,0,continue,6.8791595007347786,0
43,40,0,-0.5105841120665482,0.9183,4.411199283610007,0.8109861016273499,0,continue,6.36857538866823,0
43,41,0,-0.6654853141902536,0.9183,4.504631268554447,0.8243442177772522,0,continue,5.703090074477976,0
43,42,1,-0.3246721323546494,0.9183,4.5294934322694225,0.8734708428382874,0,continue,5.378417942123327,0
43,43,0,-0.5916089376676222,0.9183,4.610807724283454,0.8933643698692322,0,continue,4.786809004455704,0
43,44,0,-0.6382388026674296,0.9183,4.7005482605254985,0.9297041893005371,0,continue,4.148570201788274,0
43,45,0,-0.5967081780355361,0.9183,4.7799564095585705,0.9173721075057983,0,continue,3.5518620237527383,0
43,46,0,-0.5861195511276311,0.9183,4.8586877468734535,0.9462352395057678,0,continue,2.965742472625107,0
43,47,0,-0.2723713472547534,0.9183,4.874606081660727,0.9594652056694031,0,continue,2.6933711253703536,0
43,48,2,-0.6096997547864482,0.9183,4.956058233369716,0.9913700819015503,0,continue,2.0836713705839056,0
43,49,0,-0.6165853949198083,0.9183,5.040032206246949,1.016171932220459,0,continue,1.4670859756640973,0
43,50,0,-0.47046176983695925,0.9183,5.098306010907188,1.0331615209579468,0,continue,0.996624205827138,0
43,51,0,-0.6476620141357758,0.9183,5.191470778870622,1.0672754049301147,0,continue,0.3489621916913621,0
43,52,0,-0.6821126566192603,0.9183,5.292544347614668,1.0730198621749878,0,continue,-0.33315046492789824,0
43,53,1,-0.41188153689141505,0.9183,5.334748048203912,1.0512287616729736,0,continue,-0.7450320018193133,0
43,54,2,-0.7727710459789809,0.9183,5.386930675719038,0.9843866229057312,0,continue,-1.5178030477982942,0
43,55,0,-0.5044514399852957,0.9183,5.437648109880773,0.8433651328086853,0,continue,-2.0222544877835897,0
43,56,0,-0.23163501398826766,0.9183,5.443004295209718,0.724233865737915,0,continue,-2.2538895017718574,0
43,57,0,-0.3790314842889666,0.9183,5.477358972762503,0.6905472278594971,0,continue,-2.632920986060824,0
43,58,0,-0.3860986289790095,0.9183,5.5486410567230235,0.5503520965576172,0,continue,-3.0190196150398334,0
43,59,0,-0.31918966711139163,0.9183,5.570384987618694,0.4955267608165741,0,continue,-3.338209282151225,0
43,60,2,-0.54605790295836,0.9183,5.597281332287946,0.31707966327667236,0,continue,-3.884267185109585,0
43,61,2,-30.51442308667427,0.9183,5.584739440036575,0.19728520512580872,1,crush,-34.398690271783856,0
44,1,0,-1.021650670859424,0.9164,5.249939300105268,0.11999999731779099,0,continue,-1.021650670859424,0
44,2,0,-1.041964498263606,0.9164,5.249998301961053,0.11999999731779099,0,continue,-2.06361516912303,0
44,3,1,-0.4673518162277845,0.9164,5.249955156551645,0.11999999731779099,0,continue,-2.530966985350814,0
44,4,2,-30.769363384964652,0.9164,5.2500040856883485,0.11999999731779099,1,crush,-33.300330370315464,0
45,1,0,0.0,0.9145,5.706938623757397,1.197858214378357,0,continue,0.0,0
45,2,0,0.0566891342527458,0.9145,5.6947088104682715,1.1968135833740234,0,continue,0.0566891342527458,0
45,3,0,0.6570085721055041,0.9145,5.563521841702037,1.1963043212890625,0,continue,0.7136977063582499,0
45,4,0,0.6594838204461411,0.9145,5.4283229325143605,1.189657211303711,0,continue,1.373181526804391,0
45,5,0,0.817664984203053,0.9145,5.266528802743018,1.2076506614685059,0,continue,2.190846511007444,0
45,6,1,0.495715890723463,0.9145,5.167214386251732,1.2881275415420532,0,continue,2.686562401730907,0
45,7,0,0.47302240422157593,0.9145,5.087357848681674,1.444409728050232,0,continue,3.159584805952483,0
45,8,0,0.6314934918473034,0.9145,4.970476000089934,1.5461913347244263,0,continue,3.7910782977997863,0
45,9,0,0.7172184899874059,0.9145,4.838528273139571,1.6952364444732666,0,continue,4.5082967877871925,0
45,10,2,0.12124720689116308,0.9145,4.815631780408393,1.7494497299194336,0,continue,4.629543994678356,0
45,11,0,0.6591545005958878,0.9145,4.691071128380234,1.846146821975708,0,continue,5.288698495274243,0
45,12,0,0.7350683848426296,0.9145,4.556354724630787,1.8741532564163208,0,continue,6.023766880116873,0
45,13,0,0.6129239452227869,0.9145,4.43871762816026,1.8036980628967285,0,continue,6.6366908253396595,0
45,14,2,0.09397397490798709,0.9145,4.41990313805434,1.6939630508422852,0,continue,6.730664800247647,0
45,15,0,0.7103425635261359,0.9145,4.286602798202427,1.6003692150115967,0,continue,7.441007363773783,0
45,16,2,0.8102732716451417,0.9145,4.12453893396592,1.4157652854919434,0,continue,8.251280635418924,0
45,17,0,0.27683897185393486,0.9145,4.069931436733038,1.4045515060424805,0,continue,8.52811960727286,0
45,18,0,0.31067172369644436,0.9145,4.016320158389876,1.3133182525634766,0,continue,8.838791330969304,0
45,19,1,0.5833029348108215,0.9145,3.8996522122891224,1.2014360427856445,0,continue,9.422094265780126,0
45,20,0,0.7428628616733126,0.9145,3.764791837137263,1.0538363456726074,0,continue,10.16495712745344,0
45,21,0,0.147916186549873,0.9145,3.736767429228959,1.04445481300354,0,continue,10.312873314003312,0
45,22,2,0.3458723726784655,0.9145,3.6660129792832206,0.859556257724762,0,continue,10.658745686681778,0
45,23,0,0.2894741516829563,0.9145,3.607064106297154,0.7611178159713745,0,continue,10.948219838364734,0
45,24,0,0.19360038236489088,0.9145,3.5611669879251537,0.7178217768669128,0,continue,11.141820220729626,0
45,25,0,0.2558228328345159,0.9145,3.5104375575502154,0.7087134122848511,0,continue,11.397643053564142,0
45,26,1,0.4372368651670589,0.9145,3.4195980093863527,0.621497631072998,0,continue,11.8348799187312,0
45,27,0,0.40269724745882596,0.9145,3.332998976437558,0.5593369603157043,0,continue,12.237577166190027,0
45,28,0,0.09934483423209024,0.9145,3.3266709457546115,0.5141041278839111,0,continue,12.336922000422117,0
45,29,1,0.4667430131130846,0.9145,3.2228680577269504,0.4194343090057373,0,continue,12.803665013535202,0
45,30,0,0.21484503452162762,0.9145,3.1480982310230843,0.32091662287712097,0,continue,13.018510048056829,0
45,31,0,-1.0889934210276444,0.9145,3.141792908189339,0.27399933338165283,0,continue,11.929516627029184,0
45,32,0,-0.19907829725870604,0.9145,3.1512208895243075,0.2424517571926117,0,continue,11.730438329770477,0
45,33,0,-31.50040084182067,0.9145,3.1140909257387483,0.11999999731779099,1,crush,-19.769962512050192,0
46,1,1,-0.46332595461925635,0.9126,6.056377896263489,0.11999999731779099,0,continue,-0.46332595461925635,0
46,2,2,-0.7684946002381317,0.9126,6.056377712561613,0.11999999731779099,0,continue,-1.231820554857388,0
46,3,2,-0.4701582460708251,0.9126,6.056680347625967,0.11999999731779099,0,continue,-1.701978800928213,0
46,4,1,-30.768180427832732,0.9126,6.056537026984683,0.11999999731779099,1,crush,-32.47015922876095,0
47,1,0,0.0,0.9107000000000001,5.600596182230308,1.3020384311676025,0,continue,0.0,0
47,2,0,0.041624612223174,0.9107000000000001,5.593637870111677,1.3012570142745972,0,continue,0.041624612223174,0
47,3,1,0.7127829709574905,0.9107000000000001,5.451031950428891,1.310990333557129,0,continue,0.7544075831806646,0
47,4,0,0.07792811320757902,0.9107000000000001,5.432757220938295,1.3077789545059204,0,continue,0.8323356963882436,0
47,5,1,1.2653204361343622,0.9107000000000001,5.179372886558222,1.4423474073410034,0,continue,2.097656132522606,0
47,6,1,0.9929634612551475,0.9107000000000001,4.980532748991803,1.4693108797073364,0,continue,3.0906195937777534,0
47,7,0,0.37661071436125676,0.9107000000000001,4.917827484654114,1.6578192710876465,0,continue,3.46723030813901,0
47,8,0,0.4540194816510953,0.9107000000000001,4.826567684000543,1.8013768196105957,0,continue,3.9212497897901053,0
47,9,0,0.19635541480287166,0.9107000000000001,4.789180506105863,1.9311022758483887,0,continue,4.1176052045929765,0
47,10,0,0.6752301413234243,0.9107000000000001,4.658681980187365,1.85713529586792,0,continue,4.792835345916401,0
47,11,0,0.8597127011896329,0.9107000000000001,4.487178084283197,1.7397977113723755,0,continue,5.652548047106033,0
47,12,0,0.31157511156269074,0.9107000000000001,4.431795641452678,1.7384768724441528,0,continue,5.964123158668724,0
47,13,0,0.048372954498516266,0.9107000000000001,4.42098750158196,1.669411063194275,0,continue,6.0124961131672405,0
47,14,1,0.22868869504503064,0.9107000000000001,4.372991455764174,1.5741218328475952,0,continue,6.241184808212271,0
47,15,0,0.24581011798214658,0.9107000000000001,4.322080154184148,1.4849120378494263,0,continue,6.486994926194417,0
47,16,0,0.14023800161967231,0.9107000000000001,4.294878398172486,1.4016112089157104,0,continue,6.62723292781409,0
47,17,0,0.025070931708310918,0.9107000000000001,4.28414614236378,1.394221544265747,0,continue,6.652303859522401,0
47,18,0,0.09035640111999693,0.9107000000000001,4.267387996695114,1.3672895431518555,0,continue,6.742660260642397,0
47,19,2,0.0936583302749727,0.9107000000000001,4.259341714211564,1.2972456216812134,0,continue,6.83631859091737,0
47,20,0,-0.3845721570429011,0.9107000000000001,4.265663778678031,1.2531126737594604,0,continue,6.451746433874469,0
47,21,0,-0.299946723487569,0.9107000000000001,4.28086938775134,1.232271432876587,0,continue,6.1517997103869,0
47,22,0,-0.29238700395369477,0.9107000000000001,4.329180304000523,1.220484972000122,0,continue,5.859412706433205,0
47,23,0,-0.46943249594724484,0.9107000000000001,4.368359188391671,1.1898071765899658,0,continue,5.389980210485961,0
47,24,0,-0.3259492932730433,0.9107000000000001,4.415239627708152,1.1838358640670776,0,continue,5.064030917212917,0
47,25,0,-0.056884747912489264,0.9107000000000001,4.430867135748574,1.2222539186477661,0,continue,5.0071461693004276,0
47,26,1,-0.277152565443335,0.9107000000000001,4.485724167247454,1.256434679031372,0,continue,4.729993603857093,0
47,27,1,-0.25243831692712876,0.9107000000000001,4.535032644500617,1.2781087160110474,0,continue,4.477555286929964,0
47,28,0,-0.020893807494098995,0.9107000000000001,4.541683806307126,1.2992267608642578,0,continue,4.456661479435865,0
47,29,2,-0.17708439128353354,0.9107000000000001,4.576780757966699,1.3277192115783691,0,continue,4.279577088152331,0
47,30,0,-0.23482640987882084,0.9107000000000001,4.625136934877054,1.3473269939422607,0,continue,4.044750678273511,0
47,31,2,-0.4139684756607259,0.9107000000000001,4.667403892747122,1.3764704465866089,0,continue,3.6307822026127847,0
47,32,0,-0.497193894884078,0.9107000000000001,4.728442240746658,1.3929623365402222,0,continue,3.1335883077287066,0
47,33,0,-0.5042700364288124,0.9107000000000001,4.790439947910965,1.4169777631759644,0,continue,2.629318271299894,0
47,34,2,-0.3268599227301927,0.9107000000000001,4.8156167402174095,1.4393482208251953,0,continue,2.3024583485697017,0
47,35,2,-0.6357541902537849,0.9107000000000001,4.901908229633287,1.4754524230957031,0,continue,1.6667041583159168,0
47,36,0,-0.4044423602693489,0.9107000000000001,4.947035228674453,1.512462854385376,0,continue,1.262261798046568,0
47,37,0,-0.4861121682486727,0.9107000000000001,5.002260574301377,1.513992190361023,0,continue,0.7761496297978954,0
47,38,0,-0.6113716959621363,0.9107000000000001,5.085740999875182,1.537280559539795,0,continue,0.16477793383575912,0
47,39,0,-0.5303370985318944,0.9107000000000001,5.1557636561685785,1.5819138288497925,0,continue,-0.36555916469613525,0
47,40,2,-0.4337713593399376,0.9107000000000001,5.202260887263379,1.6115621328353882,0,continue,-0.7993305240360729,0
47,41,0,-0.5349033307857096,0.9107000000000001,5.271975772390934,1.641201376914978,0,continue,-1.3342338548217825,0
47,42,0,-0.5606313918914368,0.9107000000000001,5.346258507513553,1.6664172410964966,0,continue,-1.8948652467132194,0
47,43,0,-0.60937571331826,0.9107000000000001,5.42843720942764,1.7102932929992676,0,continue,-2.5042409600314794,0
47,44,0,-0.6870330013283705,0.9107000000000001,5.520623232980157,1.7011433839797974,0,continue,-3.19127396135985,0
47,45,0,-0.3909893767532711,0.9107000000000001,5.550124190075762,1.5520758628845215,0,continue,-3.5822633381131213,0
47,46,2,-0.8265995599512512,0.9107000000000001,5.673566178301314,1.5059709548950195,0,continue,-4.408862898064372,0
47,47,2,-0.8963073486995332,0.9107000000000001,5.810606992977028,1.4384560585021973,0,continue,-5.305170246763906,0
47,48,0,-1.2440655755675976,0.9107000000000001,5.931605642304865,1.3625566959381104,0,continue,-6.549235822331504,0
47,49,0,-0.5508488354085694,0.9107000000000001,6.00266222249831,1.3257908821105957,0,continue,-7.100084657740073,0
47,50,1,-0.8930327293297706,0.9107000000000001,6.140961289392858,1.2282662391662598,0,continue,-7.9931173870698435,0
47,51,0,-1.1460787126535095,0.9107000000000001,6.3341258984861115,1.0968284606933594,0,continue,-9.139196099723353,0
47,52,2,-0.2447313787108114,0.9107000000000001,6.342745376872519,1.0540016889572144,0,continue,-9.383927478434165,0
47,53,0,-0.6612516842941154,0.9107000000000001,6.445295532166636,0.9431501030921936,0,continue,-10.04517916272828,0
47,54,2,-0.8978465125684905,0.9107000000000001,6.584589463108799,0.8721525073051453,0,continue,-10.94302567529677,0
47,55,1,-0.9427676902737656,0.9107000000000001,6.673122647309214,0.8033449053764343,0,continue,-11.885793365570535,0
47,56,1,-0.29140777897617387,0.9107000000000001,6.691349420820034,0.766181468963623,0,continue,-12.177201144546709,0
47,57,0,-0.9218149412969692,0.9107000000000001,6.820826241013628,0.660180926322937,0,continue,-13.099016085843678,0
47,58,2,-1.0746943869886054,0.9107000000000001,6.995611875221936,0.5783751010894775,0,continue,-14.173710472832283,0
47,59,2,-0.5470984700195718,0.9107000000000001,7.064951468340514,0.5702686309814453,0,continue,-14.720808942851855,0
47,60,0,-1.0678578805738292,0.9107000000000001,7.161084037148688,0.4268761873245239,0,continue,-15.788666823425684,0
47,61,0,-0.8140374148568936,0.9107000000000001,7.218727194127312,0.36274686455726624,0,continue,-16.602704238282577,0
47,62,1,-0.48759412545836717,0.9107000000000001,7.235360636695862,0.29979458451271057,0,continue,-17.090298363740946,0
47,63,1,-0.6589905773888378,0.9107000000000001,7.2684481432315735,0.22955234348773956,0,continue,-17.749288941129784,0
47,64,2,-30.873400190027382,0.9107000000000001,7.2712073498647705,0.18658345937728882,1,crush,-48.622689131157166,0
48,1,0,-0.988531335088817,0.9088,3.2031960960235852,0.11999999731779099,0,continue,-0.988531335088817,0
48,2,2,-0.4684876782416099,0.9088,3.2031941654552427,0.11999999731779099,0,continue,-1.4570190133304268,0
48,3,0,-0.94368610666935,0.9088,3.203193210967428,0.11999999731779099,0,continue,-2.4007051199997766,0
48,4,0,-30.985827268488823,0.9088,3.2031936156903935,0.11999999731779099,1,crush,-33.3865323884886,0
49,1,1,0.0,0.9069,5.782410652989221,1.1422919034957886,0,continue,0.0,0
49,2,0,0.17418242325430094,0.9069,5.747988016489432,1.13020920753479,0,continue,0.17418242325430094,0
49,3,1,0.16361608436118924,0.9069,5.708704739333703,1.1325156688690186,0,continue,0.3377985076154902,0
49,4,0,0.15145708231796112,0.9069,5.666928079268208,1.1241390705108643,0,continue,0.4892555899334513,0
49,5,0,0.21742777897770435,0.9069,5.616097907173089,1.1209487915039062,0,continue,0.7066833689111557,0
49,6,0,0.2471157649115862,0.9069,5.563526162418997,1.1341021060943604,0,continue,0.9537991338227418,0
49,7,1,0.17275727482332418,0.9069,5.523348319943844,1.1639556884765625,0,continue,1.126556408646066,0
49,8,1,0.6534800138504782,0.9069,5.3896687801585,1.2223151922225952,0,continue,1.7800364224965441,0
49,9,0,0.6770093762180107,0.9069,5.264158080023104,1.3113223314285278,0,continue,2.457045798714555,0
49,10,0,0.6758375686547337,0.9069,5.129154746579432,1.355987310409546,0,continue,3.1328833673692884,0
49,11,0,0.21597175788146877,0.9069,5.101749987953645,1.5392584800720215,0,continue,3.3488551252507572,0
49,12,0,0.3553819934180619,0.9069,5.032114594642875,1.6394963264465332,0,continue,3.704237118668819,0
49,13,0,0.2677791330488159,0.9069,4.974994863888998,1.741579294204712,0,continue,3.972016251717635,0
49,14,0,0.06385987562753502,0.9069,4.959350624494484,1.7693312168121338,0,continue,4.03587612734517,0
49,15,0,0.2999919933508958,0.9069,4.899724063394046,1.8079321384429932,0,continue,4.335868120696066,0
49,16,2,0.42390599401818085,0.9069,4.813092756156329,1.8671103715896606,0,continue,4.759774114714247,0
49,17,2,0.4279409019572328,0.9069,4.731125140423473,1.9320729970932007,0,continue,5.18771501667148,0
49,18,1,-0.2542910910661682,0.9069,4.721964094801023,1.909704327583313,0,continue,4.933423925605312,0
49,19,0,0.11643903343284784,0.9069,4.69009811230892,1.8506808280944824,0,continue,5.04986295903816,0
49,20,2,0.5838235676216472,0.9069,4.593404666343767,1.7987868785858154,0,continue,5.633686526659807,0
49,21,1,0.1220403846082613,0.9069,4.507621516101942,1.6901346445083618,0,continue,5.755726911268068,0
49,22,2,0.24220498631162818,0.9069,4.429649121822312,1.6779237985610962,0,continue,5.997931897579696,0
49,23,2,0.37491235781901894,0.9069,4.381199250702584,1.621108055114746,0,continue,6.372844255398715,0
49,24,0,0.12314131723346336,0.9069,4.368911651511491,1.5042494535446167,0,continue,6.495985572632178,0
49,25,0,0.42565261647119695,0.9069,4.288718915109181,1.4339418411254883,0,continue,6.921638189103375,0
49,26,0,0.4049380106105054,0.9069,4.215122012225874,1.336830735206604,0,continue,7.32657619971388,0
49,27,2,0.43890847704038005,0.9069,4.149230104660418,1.321861982345581,0,continue,7.7654846767542605,0
49,28,2,0.2355394089535341,0.9069,4.125442048833265,1.2666058540344238,0,continue,8.001024085707794,0
49,29,1,-0.15476781303622958,0.9069,4.086506928911025,1.1911578178405762,0,continue,7.846256272671564,0
49,30,0,0.027294571011253294,0.9069,4.079150240297351,1.0881160497665405,0,continue,7.873550843682817,0
49,31,0,-0.015285865047835755,0.9069,4.082815866220045,1.0491734743118286,0,continue,7.858264978634981,0
49,32,0,-0.0684419352953417,0.9069,4.104104208443857,0.9958817362785339,0,continue,7.78982304333964,0
49,33,0,-1.3458161851094324,0.9069,4.1457757211997555,0.933516263961792,0,continue,6.444006858230207,0
49,34,2,-0.15808453017526874,0.9069,4.1692772828677205,0.9159867167472839,0,continue,6.285922328054938,0
49,35,0,-0.47025917538033307,0.9069,4.2527936215138,0.9097679853439331,0,continue,5.815663152674605,0
49,36,0,-0.6032296648327589,0.9069,4.361870226689942,0.9050720930099487,0,continue,5.212433487841846,0
49,37,1,-0.23551797170476424,0.9069,4.407582012202374,0.9318587183952332,0,continue,4.9769155161370815,0
49,38,2,-0.8298149474196997,0.9069,4.512462623673541,0.9461005330085754,0,continue,4.147100568717382,0
49,39,0,-0.43336147858111523,0.9069,4.603404797019484,1.0479482412338257,0,continue,3.7137390901362664,0
49,40,0,-0.1610627753396861,0.9069,4.639876065735182,1.1038302183151245,0,continue,3.5526763147965803,0
49,41,0,-0.6834221324796115,0.9069,4.738651061885099,1.1008856296539307,0,continue,2.869254182316969,0
49,42,1,-0.8114146443823638,0.9069,4.860492911157273,1.2022508382797241,0,continue,2.057839537934605,0
49,43,1,-0.5549290806872106,0.9069,4.931076233218485,1.2707302570343018,0,continue,1.5029104572473941,0
49,44,1,-0.23236332950897767,0.9069,4.937457802372143,1.307433009147644,0,continue,1.2705471277384164,0
49,45,0,-0.680800158608781,0.9069,5.038856144073504,1.398084282875061,0,continue,0.5897469691296354,0
49,46,0,-0.7219869324613295,0.9069,5.148138365413675,1.4605233669281006,0,continue,-0.13223996333169408,0
49,47,2,-0.5595510879257564,0.9069,5.219894246417589,1.5053759813308716,0,continue,-0.6917910512574504,0
49,48,2,-0.6696104334163985,0.9069,5.313471998347443,1.566942811012268,0,continue,-1.361401484673849,0
49,49,2,-0.9178369924159719,0.9069,5.456616184254813,1.666070818901062,0,continue,-2.279238477089821,0
49,50,2,-0.7245648021562427,0.9069,5.561259094069531,1.712393879890442,0,continue,-3.0038032792460636,0
49,51,0,-0.36589448837174887,0.9069,5.600951575668892,1.786923885345459,0,continue,-3.3696977676178124,0
49,52,0,-0.8361195114601176,0.9069,5.737520394588283,1.6785523891448975,0,continue,-4.20581727907793,0
49,53,0,-0.8149448385259883,0.9069,5.864252170915231,1.58549165725708,0,continue,-5.020762117603919,0
49,54,1,-0.224590764313462,0.9069,5.869152441077772,1.5433757305145264,0,continue,-5.245352881917381,0
49,55,1,-0.5571866257935918,0.9069,5.940401887201012,1.4724061489105225,0,continue,-5.802539507710973,0
49,56,0,-0.6199124444102526,0.9069,6.03012798841206,1.3872865438461304,0,continue,-6.422451952121226,0
49,57,2,-0.49098057694390884,0.9069,6.088207562537162,1.3212193250656128,0,continue,-6.913432529065135,0
49,58,0,-0.507183479403835,0.9069,6.147369485114889,1.3203309774398804,0,continue,-7.42061600846897,0
49,59,0,-0.5143309901774782,0.9069,6.205878043658687,1.2546135187149048,0,continue,-7.934946998646448,0
49,60,1,-0.36752903884002996,0.9069,6.230417778355008,1.1691311597824097,0,continue,-8.302476037486478,0
49,61,0,-0.2220705204581096,0.9069,6.2376752008747145,1.1099350452423096,0,continue,-8.524546557944587,0
49,62,2,-0.38053926761068435,0.9069,6.2719185745431245,1.0392179489135742,0,continue,-8.905085825555272,0
49,63,2,-0.33254389665747197,0.9069,6.28271803336691,0.9774476289749146,0,continue,-9.237629722212743,0
49,64,2,-0.14167330921650775,0.9069,6.265126943936639,0.9570302963256836,0,continue,-9.37930303142925,0
49,65,2,-0.20119232606297938,0.9069,6.262769714715855,0.9220483303070068,0,continue,-9.58049535749223,0
49,66,0,-0.35313903862776885,0.9069,6.234981107948444,0.8328996896743774,0,continue,-9.933634396119999,0
49,67,0,-0.6993721402706503,0.9069,6.236748536513287,0.7319213151931763,0,continue,-10.63300653639065,0
49,68,1,-0.3351891664932849,0.9069,6.2566843525102716,0.7133152484893799,0,continue,-10.968195702883934,0
49,69,0,-0.4952420486408246,0.9069,6.3413015345609525,0.6693753600120544,0,continue,-11.463437751524758,0
49,70,0,-0.0074687542580332,0.9069,6.380627948770657,0.5890706181526184,0,continue,-11.470906505782791,0
49,71,1,-0.4074332140151461,0.9069,6.418588016526408,0.5645282864570618,0,continue,-11.878339719797937,0
49,72,0,-0.41686360836455477,0.9069,6.435073843464182,0.3694842457771301,0,continue,-12.295203328162492,0
49,73,2,-0.36391809775762446,0.9069,6.427392897860874,0.2878570556640625,0,continue,-12.659121425920116,0
49,74,0,-0.8762492727809559,0.9069,6.426696609026029,0.21442744135856628,0,continue,-13.535370698701072,0
49,75,0,-31.653456879124384,0.9069,6.419373062089831,0.15174226462841034,1,crush,-45.18882757782546,0
50,1,0,-1.0161483872862733,0.905,7.483266223361199,0.11999999731779099,0,continue,-1.0161483872862733,0
50,2,1,-0.46854939432897585,0.905,7.483276905813375,0.11999999731779099,0,continue,-1.4846977816152491,0
50,3,0,-0.9574254835968783,0.905,7.483277263691382,0.11999999731779099,0,continue,-2.4421232652121274,0
50,4,0,-31.028206103912865,0.905,7.4832704571208595,0.11999999731779099,1,crush,-33.47032936912499,0
51,1,0,0.0,0.9031,5.833866130793087,1.0613664388656616,0,continue,0.0,0
51,2,2,-0.0012556954344832504,0.9031,5.834115648825399,1.0868959426879883,0,continue,-0.0012556954344832504,0
51,3,0,0.02776319497347026,0.9031,5.828376502526085,1.0761042833328247,0,continue,0.02650749953898701,0
51,4,1,0.711087447182857,0.9031,5.726323079400817,1.0692753791809082,0,continue,0.737594946721844,0
51,5,0,0.4353795166076729,0.9031,5.639320763736439,1.0719269514083862,0,continue,1.172974463329517,0
51,6,2,0.4486395290551843,0.9031,5.548947533113098,1.061564564704895,0,continue,1.6216139923847013,0
51,7,0,0.08129414528868982,0.9031,5.536586120703096,1.1240266561508179,0,continue,1.702908137673391,0
51,8,0,0.3763709735198124,0.9031,5.466232475945542,1.2484581470489502,0,continue,2.0792791111932036,0
51,9,1,0.5666024606859521,0.9031,5.388244609071461,1.321611762046814,0,continue,2.6458815718791557,0
51,10,0,0.10832404203279172,0.9031,5.364789991129795,1.367444634437561,0,continue,2.7542056139119473,0
51,11,0,0.5809170695245678,0.9031,5.247952425176388,1.387507438659668,0,continue,3.335122683436515,0
51,12,1,0.9359770235564144,0.9031,5.06759013119541,1.4925779104232788,0,continue,4.2710997069929295,0
51,13,0,0.30597761406482876,0.9031,5.007121580865402,1.5606215000152588,0,continue,4.577077321057758,0
51,14,0,0.46864779562450176,0.9031,4.920158556730064,1.7200124263763428,0,continue,5.04572511668226,0
51,15,0,0.08174565253934488,0.9031,4.9065368938784735,1.853226661682129,0,continue,5.127470769221605,0
51,16,0,0.3423432980967264,0.9031,4.837267446234046,1.8891870975494385,0,continue,5.469814067318332,0
51,17,0,0.4370119412110254,0.9031,4.750646455754335,1.8947910070419312,0,continue,5.906826008529357,0
51,18,0,0.4563189577445498,0.9031,4.666098018625882,1.8682148456573486,0,continue,6.363144966273907,0
51,19,0,0.11775994145997257,0.9031,4.645348536420971,1.865233063697815,0,continue,6.48090490773388,0
51,20,0,0.11919548675141936,0.9031,4.61949944678519,1.8227427005767822,0,continue,6.600100394485299,0
51,21,2,0.2879741950604271,0.9031,4.571335022747584,1.735797643661499,0,continue,6.888074589545726,0
51,22,2,0.27297813653508796,0.9031,4.523275469460331,1.656083345413208,0,continue,7.161052726080814,0
51,23,0,0.2378001289546008,0.9031,4.477065203646496,1.5821759700775146,0,continue,7.398852855035415,0
51,24,0,0.46488476228971176,0.9031,4.3790567126585636,1.5631177425384521,0,continue,7.8637376173251265,0
51,25,0,0.25814166489521206,0.9031,4.326394187411926,1.5449256896972656,0,continue,8.12187928222034,0
51,26,0,0.38211904489478143,0.9031,4.256156982652239,1.4700647592544556,0,continue,8.50399832711512,0
51,27,2,0.48584728727530346,0.9031,4.158509857674995,1.4523124694824219,0,continue,8.989845614390424,0
51,28,2,0.26084981286209363,0.9031,4.105647420446497,1.3584522008895874,0,continue,9.250695427252518,0
51,29,0,0.23514359385344166,0.9031,4.057645646131224,1.2584586143493652,0,continue,9.48583902110596,0
51,30,0,0.3540499627982937,0.9031,3.987745514121586,1.1685460805892944,0,continue,9.839888983904254,0
51,31,0,0.2658711017574524,0.9031,3.9352175554477378,1.034251093864441,0,continue,10.105760085661707,0
51,32,0,0.139807462564777,0.9031,3.8965238001336835,1.0228267908096313,0,continue,10.245567548226484,0
51,33,0,-0.014466734581376092,0.9031,3.891120183753096,0.9674559831619263,0,continue,10.231100813645108,0
51,34,2,0.10768846581792643,0.9031,3.8842870772676408,0.8490344882011414,0,continue,10.338789279463034,0
51,35,2,0.2560435549307979,0.9031,3.862894855674321,0.8030434846878052,0,continue,10.594832834393832,0
51,36,0,-0.45450998405247345,0.9031,3.8531561078687737,0.7658786773681641,0,continue,10.14032285034136,0
51,37,1,0.011234398006340851,0.9031,3.850712484494475,0.7303105592727661,0,continue,10.1515572483477,0
51,38,0,-0.13786809300252512,0.9031,3.8506277486667497,0.6456161737442017,0,continue,10.013689155345174,0
51,39,2,-0.030243746535484516,0.9031,3.855815830728509,0.6532007455825806,0,continue,9.98344540880969,0
51,40,0,-0.0872765017351787,0.9031,3.8597823057116187,0.5900421142578125,0,continue,9.896168907074511,0
51,41,2,-0.31397941409499724,0.9031,3.9045848916847254,0.5239604711532593,0,continue,9.582189492979513,0
51,42,0,-0.3386020854591978,0.9031,3.960442778056748,0.5079284310340881,0,continue,9.243587407520316,0
51,43,1,-0.2081502813221836,0.9031,4.002072834321185,0.5057146549224854,0,continue,9.035437126198133,0
51,44,0,-1.0330215971270402,0.9031,4.070714993911073,0.46146252751350403,0,continue,8.002415529071092,0
51,45,0,-2.520337464392945,0.9031,4.330403548114735,0.5119476914405823,0,continue,5.482078064678147,0
51,46,2,-0.7591177972616368,0.9031,4.442227107567063,0.5209633708000183,0,continue,4.72296026741651,0
51,47,0,-0.8101068136086131,0.9031,4.5198480739417395,0.6219314336776733,0,continue,3.9128534538078967,0
51,48,1,-1.4061437708354119,0.9031,4.760158564351144,0.8737437725067139,0,continue,2.5067096829724846,0
51,49,0,-0.6031595688990831,0.9031,4.844855872264792,0.9327532052993774,0,continue,1.9035501140734015,0
51,50,2,-1.0273005601999114,0.9031,5.009923836632435,1.0918506383895874,0,continue,0.87624955387349,0
51,51,0,-0.4502871959149143,0.9031,5.061841251694823,1.116271734237671,0,continue,0.42596235795857573,0
51,52,0,-0.7189853551225642,0.9031,5.1744200895877945,1.2322275638580322,0,continue,-0.2930229971639885,0
51,53,1,-0.5929843161535749,0.9031,5.252888282865157,1.3014540672302246,0,continue,-0.8860073133175634,0
51,54,0,-0.49150348709232794,0.9031,5.312400152497414,1.3490674495697021,0,continue,-1.3775108004098913,0
51,55,0,-1.316886717422696,0.9031,5.546917928762371,1.3081291913986206,0,continue,-2.694397517832587,0
51,56,0,-0.5733812229245552,0.9031,5.626539335757424,1.2592172622680664,0,continue,-3.267778740757142,0
51,57,0,-0.20945605860492938,0.9031,5.62990147179398,1.2228385210037231,0,continue,-3.4772347993620714,0
51,58,0,-0.49565803513999196,0.9031,5.696236919876777,1.1519862413406372,0,continue,-3.9728928345020633,0
51,59,0,-0.8852268773835361,0.9031,5.975069440170188,0.9830798506736755,0,continue,-4.8581197118856,0
51,60,0,-0.641991180945211,0.9031,6.063359127663297,0.9780383110046387,0,continue,-5.5001108928308104,0
51,61,2,-0.37129484585942907,0.9031,6.0975894603251355,0.8613710403442383,0,continue,-5.87140573869024,0
51,62,0,-1.9883277764420162,0.9031,6.387322910048554,0.6607162356376648,0,continue,-7.859733515132256,0
51,63,2,-0.6469703134241899,0.9031,6.476631463599006,0.6134651899337769,0,continue,-8.506703828556446,0
51,64,0,-1.2666086144748219,0.9031,6.63328006504063,0.505423367023468,0,continue,-9.77331244303127,0
51,65,0,-1.7041254726143522,0.9031,6.826579908559253,0.3506908714771271,0,continue,-11.477437915645622,0
51,66,0,-0.8532745446750465,0.9031,6.84157992896444,0.2696553170681,0,continue,-12.330712460320669,0
51,67,0,-31.393479587486915,0.9031,6.832525111379122,0.15834562480449677,1,crush,-43.724192047807584,0
52,1,0,-3.4148552555771743,0.9012,7.77363361022574,0.11999999731779099,0,continue,-3.4148552555771743,0
52,2,0,-3.468547446791252,0.9012,7.77371931144711,0.11999999731779099,0,continue,-6.883402702368427,0
52,3,1,-0.4687339567039435,0.9012,7.773767008950715,0.11999999731779099,0,continue,-7.352136659072371,0
52,4,2,-30.76880472640965,0.9012,7.7738288603954615,0.11999999731779099,1,crush,-38.12094138548202,0
53,1,0,0.0,0.8993,5.251340590709892,1.654370903968811,0,continue,0.0,0
53,2,0,0.6395240122373048,0.8993,5.121188225525793,1.6489226818084717,0,continue,0.6395240122373048,0
53,3,2,0.7870188850842526,0.8993,4.963582743449654,1.6627271175384521,0,continue,1.4265428973215575,0
53,4,0,0.6046518829029963,0.8993,4.840663326984624,1.6384780406951904,0,continue,2.0311947802245536,0
53,5,2,0.4332031969650058,0.8993,4.753373213622713,1.830162763595581,0,continue,2.4643979771895594,0
53,6,0,0.663158123534696,0.8993,4.631773948368997,1.9070640802383423,0,continue,3.1275561007242554,0
53,7,0,0.7048032819865139,0.8993,4.5017971057360215,1.7880668640136719,0,continue,3.832359382710769,0
53,8,0,0.5649528770537291,0.8993,4.392507243754158,1.740386962890625,0,continue,4.397312259764498,0
53,9,2,0.2228383153211915,0.8993,4.347690515881952,1.676164984703064,0,continue,4.62015057508569,0
53,10,0,0.34958983267679516,0.8993,4.2839125019333935,1.547945261001587,0,continue,4.969740407762485,0
53,11,2,0.27843181924308236,0.8993,4.2153832291262265,1.4529434442520142,0,continue,5.2481722270055675,0
53,12,2,0.029417000017838913,0.8993,4.207328502454839,1.3486682176589966,0,continue,5.277589227023406,0
53,13,0,0.6579087379768049,0.8993,4.078914795488961,1.269319772720337,0,continue,5.935497965000211,0
53,14,0,0.6805599633615006,0.8993,3.9414572979661435,1.202453374862671,0,continue,6.616057928361712,0
53,15,0,0.3919094395182705,0.8993,3.8658531098376328,1.164272427558899,0,continue,7.007967367879982,0
53,16,0,0.0701502287860373,0.8993,3.854307103044756,1.0688207149505615,0,continue,7.0781175966660195,0
53,17,2,0.339760224372757,0.8993,3.7796702647642535,0.9806622266769409,0,continue,7.417877821038776,0
53,18,2,0.2092636282936694,0.8993,3.724916142311319,0.8562729954719543,0,continue,7.627141449332446,0
53,19,0,0.20435518097758845,0.8993,3.6919093257356037,0.8413848280906677,0,continue,7.831496630310034,0
53,20,2,0.03730292821366752,0.8993,3.675480954610384,0.7864825129508972,0,continue,7.868799558523701,0
53,21,1,-0.3145125373268864,0.8993,3.6755593964443456,0.6973425149917603,0,continue,7.5542870211968145,0
53,22,0,0.028721345921050155,0.8993,3.6659366131227937,0.6473172903060913,0,continue,7.5830083671178645,0
53,23,0,0.10802068694930558,0.8993,3.6598828598628845,0.6181491017341614,0,continue,7.69102905406717,0
53,24,0,-1.0756018482944323,0.8993,3.666014714331735,0.6072838306427002,0,continue,6.615427205772738,0
53,25,0,0.6859297083018882,0.8993,3.6676233539912135,0.5939888954162598,0,continue,7.301356914074626,0
53,26,0,-0.8857686181064852,0.8993,3.677765512676776,0.5675719976425171,0,continue,6.41558829596814,0
53,27,2,-0.06429913375964462,0.8993,3.6901460381203837,0.5791676044464111,0,continue,6.351289162208496,0
53,28,0,0.12777972257304304,0.8993,3.6969050174041533,0.5635817050933838,0,continue,6.4790688847815385,0
53,29,2,-0.1145857569213888,0.8993,3.7184967772231112,0.5446932315826416,0,continue,6.36448312786015,0
53,30,0,-0.21021621873270863,0.8993,3.754337606588725,0.5388966202735901,0,continue,6.154266909127442,0
53,31,0,-0.1456990227107113,0.8993,3.7843651241141547,0.5345577001571655,0,continue,6.0085678864167305,0
53,32,0,-0.11165567111312291,0.8993,3.7863505760354164,0.5247877240180969,0,continue,5.896912215303607,0
53,33,0,-0.126212480626604,0.8993,3.8088277053306214,0.49517878890037537,0,continue,5.770699734677003,0
53,34,2,-0.3576218979345367,0.8993,3.865289120292968,0.5053154230117798,0,continue,5.413077836742467,0
53,35,2,-0.6645064856189844,0.8993,3.948011339710408,0.49165257811546326,0,continue,4.748571351123482,0
53,36,1,-0.6669258875626398,0.8993,3.975329250209258,0.4715521037578583,0,continue,4.081645463560843,0
53,37,0,-1.2579613537439969,0.8993,4.095899160555591,0.48711735010147095,0,continue,2.8236841098168464,0
53,38,2,-1.2285731658860042,0.8993,4.301613793732792,0.5399045944213867,0,continue,1.5951109439308422,0
53,39,1,-0.7356212029466542,0.8993,4.348738034322123,0.5682147145271301,0,continue,0.859489740984188,0
53,40,0,-0.6457167197602512,0.8993,4.41689015779993,0.6359482407569885,0,continue,0.2137730212239367,0
53,41,0,-1.3837578199504488,0.8993,4.485977362579607,0.7403544187545776,0,continue,-1.169984798726512,0
53,42,0,-0.28162430776318315,0.8993,4.502356833767287,0.8210674524307251,0,continue,-1.4516091064896952,0
53,43,0,-0.4826616021263225,0.8993,4.557309061774974,0.8500005006790161,0,continue,-1.9342707086160176,0
53,44,1,-0.5224092552664242,0.8993,4.615314099699625,0.8939208388328552,0,continue,-2.4566799638824417,0
53,45,0,-0.38947985665370216,0.8993,4.641680086340707,0.9728227853775024,0,continue,-2.846159820536144,0
53,46,2,-0.23344331364605295,0.8993,4.646463649392413,0.9765290021896362,0,continue,-3.079603134182197,0
53,47,0,-0.7269725429323726,0.8993,4.747496867842667,1.0614871978759766,0,continue,-3.8065756771145693,0
53,48,0,-0.6555482390929912,0.8993,4.835476385805007,1.1274819374084473,0,continue,-4.4621239162075605,0
53,49,0,-0.42892668679954565,0.8993,4.881031490860487,1.1438698768615723,0,continue,-4.891050603007106,0
53,50,0,-0.45581530139693643,0.8993,4.927703204451581,1.1800968647003174,0,continue,-5.3468659044040425,0
53,51,0,-0.6353161047358383,0.8993,5.025890452558975,1.2836989164352417,0,continue,-5.982182009139881,0
53,52,0,-0.5698235783042276,0.8993,5.104888930591436,1.3893368244171143,0,continue,-6.552005587444109,0
53,53,2,-0.2230306261182835,0.8993,5.108243730078298,1.4382820129394531,0,continue,-6.775036213562393,0
53,54,0,-0.47162485355395095,0.8993,5.163803198826119,1.511337161064148,0,continue,-7.246661067116344,0
53,55,0,-0.5574719160978489,0.8993,5.2419203992372,1.6012507677078247,0,continue,-7.804132983214193,0
53,56,0,-0.648210064157202,0.8993,5.341745175011934,1.7241367101669312,0,continue,-8.452343047371395,0
53,57,0,-0.4841485651211406,0.8993,5.399124399775384,1.723461627960205,0,continue,-8.936491612492535,0
53,58,0,-0.5651643737005667,0.8993,5.478791874893361,1.8180291652679443,0,continue,-9.501655986193102,0
53,59,0,-0.2728865186586158,0.8993,5.501544026118395,1.9060901403427124,0,continue,-9.774542504851718,0
53,60,0,-0.39162107738105645,0.8993,5.540952080466717,1.9182032346725464,0,continue,-10.166163582232775,0
53,61,0,-0.39919061054968014,0.8993,5.5796961307474655,1.875592589378357,0,continue,-10.565354192782456,0
53,62,2,-0.3551995085143793,0.8993,5.600384607617656,1.8030163049697876,0,continue,-10.920553701296836,0
53,63,1,-0.6374983571776363,0.8993,5.627079292512046,1.6807172298431396,0,continue,-11.558052058474471,0
53,64,0,-0.31503023333711605,0.8993,5.644878215178707,1.6041566133499146,0,continue,-11.873082291811588,0
53,65,1,0.007804814509341423,0.8993,5.641590622631373,1.5637587308883667,0,continue,-11.865277477302246,0
53,66,1,-0.2565562995330515,0.8993,5.643115702743903,1.5334348678588867,0,continue,-12.121833776835299,0
53,67,0,-0.2754285943698601,0.8993,5.663321719502956,1.4797528982162476,0,continue,-12.397262371205159,0
53,68,0,-0.1469180634019873,0.8993,5.666101105330488,1.4534618854522705,0,continue,-12.544180434607146,0
53,69,0,-0.21490260975704714,0.8993,5.661775503657127,1.4476535320281982,0,continue,-12.759083044364193,0
53,70,2,-0.13490459198864468,0.8993,5.6368127760999185,1.427337646484375,0,continue,-12.893987636352838,0
53,71,0,0.0016809690926996579,0.8993,5.6032384931681625,1.3880016803741455,0,continue,-12.892306667260138,0
53,72,2,-0.14399783211824332,0.8993,5.589523120186279,1.3771917819976807,0,continue,-13.036304499378382,0
53,73,0,0.06201035992383791,0.8993,5.535706205663517,1.3543142080307007,0,continue,-12.974294139454544,0
53,74,1,0.104860227486124,0.8993,5.522976892928493,1.3463571071624756,0,continue,-12.86943391196842,0
53,75,1,0.10003770608888346,0.8993,5.521472503589099,1.374048113822937,0,continue,-12.769396205879536,0
53,76,0,-0.18817476200461036,0.8993,5.5081316053899405,1.3917218446731567,0,continue,-12.957570967884147,0
53,77,0,0.033671745090031124,0.8993,5.4882267051091755,1.4203730821609497,0,continue,-12.923899222794116,0
53,78,1,0.05185882631771643,0.8993,5.485475293825213,1.4654901027679443,0,continue,-12.8720403964764,0
53,79,1,0.10925429597598457,0.8993,5.474596024828741,1.4610164165496826,0,continue,-12.762786100500415,0
53,80,0,0.1914334629158864,0.8993,5.458849630319285,1.4462637901306152,0,continue,-12.571352637584528,0
53,81,0,0.03514578943873348,0.8993,5.445431859745672,1.4647486209869385,0,continue,-12.536206848145795,0
53,82,1,0.2612411342416186,0.8993,5.438905450607593,1.47565758228302,0,continue,-12.274965713904177,0
53,83,0,0.03988817681321848,0.8993,5.436434097953562,1.4746640920639038,0,continue,-12.235077537090959,0
53,84,0,0.03818435392685686,0.8993,5.430356793237791,1.4865663051605225,0,continue,-12.196893183164102,0
53,85,0,-0.026567760195650526,0.8993,5.426708204126383,1.493780255317688,0,continue,-12.223460943359752,0
53,86,0,0.004984683457430772,0.8993,5.426119241687422,1.5020627975463867,0,continue,-12.218476259902321,0
53,87,2,-0.0041368926620620975,0.8993,5.426314842958323,1.5006980895996094,0,continue,-12.222613152564383,0
53,88,2,-0.02048857563822387,0.8993,5.429625852227427,1.5035439729690552,0,continue,-12.243101728202607,0
53,89,0,-0.022548956494612492,0.8993,5.432072655990085,1.5126399993896484,0,continue,-12.265650684697219,0
53,90,0,-0.054502850457134246,0.8993,5.440905496479366,1.516208291053772,0,continue,-12.320153535154352,0
53,91,2,-0.057749902799715556,0.8993,5.4517680170025855,1.5298653841018677,0,continue,-12.377903437954068,0
53,92,0,-0.041023107065658745,0.8993,5.458182049246283,1.529145359992981,0,continue,-12.418926545019726,0
53,93,0,-0.04131321276732047,0.8993,5.464666070281602,1.5408918857574463,0,continue,-12.460239757787047,0
53,94,0,-0.006225362155412376,0.8993,5.455982138552564,1.55155348777771,0,continue,-12.466465119942459,0
53,95,0,-0.010357742781591826,0.8993,5.4460324668491795,1.5575785636901855,0,continue,-12.47682286272405,0
53,96,0,0.19576248154430173,0.8993,5.404905766313048,1.5641385316848755,0,continue,-12.28106038117975,0
53,97,0,0.19645519065519917,0.8993,5.365141292106997,1.5519505739212036,0,continue,-12.08460519052455,0
53,98,1,0.41307669807193365,0.8993,5.323482880434597,1.5509639978408813,0,continue,-11.671528492452618,0
53,99,0,-0.1535087888297525,0.8993,5.314408753010069,1.5828802585601807,0,continue,-11.82503728128237,0
53,100,0,0.23718224267467825,0.8993,5.281031219385314,1.6468840837478638,0,continue,-11.587855038607692,0
53,101,1,0.3151427778585106,0.8993,5.228353613531225,1.7276617288589478,0,continue,-11.272712260749183,0
53,102,1,0.4478107668745885,0.8993,5.1463609013204605,1.776260495185852,0,continue,-10.824901493874593,0
53,103,2,0.0746191073555038,0.8993,5.066996405582529,1.8240728378295898,0,continue,-10.750282386519089,0
53,104,2,0.8073582277032123,0.8993,4.901857041655329,1.9088616371154785,0,continue,-9.942924158815877,0
53,105,0,0.608720938125439,0.8993,4.793283444332976,1.8974783420562744,0,continue,-9.334203220690439,0
53,106,2,0.07995804638944806,0.8993,4.777202852779518,1.8604884147644043,0,continue,-9.25424517430099,0
53,107,0,1.3173016684542007,0.8993,4.540039126201573,1.613302230834961,0,continue,-7.93694350584679,0
53,108,2,0.7753611632409179,0.8993,4.384835915813191,1.511892318725586,0,continue,-7.161582342605872,0
53,109,0,0.35371281940551463,0.8993,4.324021674889159,1.4074021577835083,0,continue,-6.807869523200357,0
53,110,0,0.4058380584345683,0.8993,4.255849464428597,1.2629421949386597,0,continue,-6.4020314647657885,0
53,111,0,0.635744603113371,0.8993,4.136211002006138,1.1656025648117065,0,continue,-5.766286861652418,0
53,112,0,0.44328119835567753,0.8993,4.058439394160318,1.049235463142395,0,continue,-5.32300566329674,0
53,113,0,0.5015489004950302,0.8993,3.956818050375796,1.0321627855300903,0,continue,-4.82145676280171,0
53,114,2,0.6357907835313967,0.8993,3.829314345256903,0.9170229434967041,0,continue,-4.185665979270313,0
53,115,0,0.3687898142113441,0.8993,3.7683869174321973,0.7660068869590759,0,continue,-3.816876165058969,0
53,116,0,0.487705298620394,0.8993,3.6685286912605335,0.6522691249847412,0,continue,-3.3291708664385746,0
53,117,0,0.3443589153317943,0.8993,3.595123026068856,0.47769537568092346,0,continue,-2.9848119511067805,0
53,118,2,0.08600063242291504,0.8993,3.575389286561997,0.4652051329612732,0,continue,-2.8988113186838653,0
53,119,2,0.23520347297438426,0.8993,3.5056861432464177,0.37103796005249023,0,continue,-2.663607845709481,0
53,120,0,-0.39672505174906936,0.8993,3.4687021392442916,0.3040488064289093,0,continue,-3.0603328974585504,0
53,121,1,-0.037053701504540515,0.8993,3.441864214265248,0.2868116796016693,0,continue,-3.097386598963091,0
53,122,0,-0.3029288383866202,0.8993,3.351783807976376,0.21507324278354645,0,continue,-3.400315437349711,0
53,123,0,-30.551243829069158,0.8993,3.3059680383712076,0.17752432823181152,1,crush,-33.95155926641887,0
54,1,0,-0.971350400540439,0.8974,3.172403241603697,0.11999999731779099,0,continue,-0.971350400540439,0
54,2,0,-0.9993786467063352,0.8974,3.1724069214777106,0.11999999731779099,0,continue,-1.9707290472467742,0
54,3,0,-1.0182335147887192,0.8974,3.172414138366477,0.11999999731779099,0,continue,-2.9889625620354936,0
54,4,1,-30.468524535709754,0.8974,3.172419799586655,0.11999999731779099,1,crush,-33.45748709774525,0
55,1,0,0.0,0.8955,5.8151271042900134,1.0979077816009521,0,continue,0.0,0
55,2,2,0.13059798795370636,0.8955,5.78895814423059,1.0876305103302002,0,continue,0.13059798795370636,0
55,3,0,0.4666033447604641,0.8955,5.694744971528973,1.0935940742492676,0,continue,0.5972013327141705,0
55,4,0,0.42410307006639814,0.8955,5.607651161747889,1.0985733270645142,0,continue,1.0213044027805687,0
55,5,0,0.3852225720659433,0.8955,5.531042092898078,1.0946224927902222,0,continue,1.406526974846512,0
55,6,0,0.0754464568949903,0.8955,5.516031403664154,1.1086219549179077,0,continue,1.481973431741502,0
55,7,1,0.47873856868354425,0.8955,5.472682415852713,1.177626371383667,0,continue,1.9607120004250462,0
55,8,0,0.34711437521666544,0.8955,5.4020681112443,1.3009902238845825,0,continue,2.307826375641712,0
55,9,0,0.37017471981599115,0.8955,5.327452727961652,1.3991814851760864,0,continue,2.678001095457703,0
55,10,1,0.2969003003099133,0.8955,5.311483366880433,1.416849970817566,0,continue,2.9749013957676165,0
55,11,0,0.4138370276543935,0.8955,5.223940320674254,1.4572237730026245,0,continue,3.38873842342201,0
55,12,0,0.5768219829942008,0.8955,5.116364261265231,1.5375299453735352,0,continue,3.965560406416211,0
55,13,0,0.4600748345567263,0.8955,5.025452431130603,1.605915904045105,0,continue,4.425635240972937,0
55,14,1,0.5299755820082899,0.8955,4.91911244870187,1.6212388277053833,0,continue,4.955610822981227,0
55,15,2,0.2031188442507752,0.8955,4.8295016636272114,1.7075011730194092,0,continue,5.158729667232002,0
55,16,0,0.24786080691583073,0.8955,4.789432658616045,1.797701120376587,0,continue,5.406590474147833,0
55,17,0,0.4604829971976368,0.8955,4.704035809666536,1.8893438577651978,0,continue,5.86707347134547,0
55,18,2,0.49647921595544225,0.8955,4.604639111962334,1.929405689239502,0,continue,6.363552687300912,0
55,19,1,-0.0789688159334028,0.8955,4.560656236081427,1.8386884927749634,0,continue,6.284583871367508,0
55,20,0,0.4820882325771834,0.8955,4.471311077003679,1.7694863080978394,0,continue,6.766672103944692,0
55,21,2,0.3563431322594915,0.8955,4.400450933936946,1.7063766717910767,0,continue,7.123015236204183,0
55,22,0,0.3899977269964978,0.8955,4.326208664198064,1.6076639890670776,0,continue,7.513012963200681,0
55,23,2,0.3770918159269453,0.8955,4.237921059869985,1.5223639011383057,0,continue,7.890104779127626,0
55,24,0,0.2253573783596698,0.8955,4.19788863474089,1.3694981336593628,0,continue,8.115462157487297,0
55,25,0,0.7143947749988597,0.8955,4.06689426851877,1.2829793691635132,0,continue,8.829856932486157,0
55,26,0,0.8849177926985468,0.8955,3.893837757792105,1.1652952432632446,0,continue,9.714774725184704,0
55,27,2,0.3494223601583132,0.8955,3.832332214400064,1.057665228843689,0,continue,10.064197085343016,0
55,28,2,0.6698213661934714,0.8955,3.706138539542015,0.920603334903717,0,continue,10.734018451536487,0
55,29,0,0.2739552095084435,0.8955,3.6589441937499796,0.8278264403343201,0,continue,11.00797366104493,0
55,30,0,0.18891461535505916,0.8955,3.614173778380312,0.7765318751335144,0,continue,11.19688827639999,0
55,31,2,0.08257820064617502,0.8955,3.591075025709923,0.6517198085784912,0,continue,11.279466477046165,0
55,32,1,-0.341313004404405,0.8955,3.59169159179822,0.5895295143127441,0,continue,10.93815347264176,0
55,33,1,-0.08239193289195959,0.8955,3.602591034398876,0.5254650712013245,0,continue,10.8557615397498,0
55,34,0,-1.8036577845581052,0.8955,3.6523927335140978,0.4415876269340515,0,continue,9.052103755191695,0
55,35,0,-1.6225955432398296,0.8955,3.6924701799063393,0.4226985573768616,0,continue,7.429508211951865,0
55,36,1,-0.14466262214114198,0.8955,3.712781232651994,0.4225512742996216,0,continue,7.284845589810724,0
55,37,2,-0.6545383168455582,0.8955,3.773826255644217,0.41528594493865967,0,continue,6.630307272965165,0
55,38,0,-1.4585845497024341,0.8955,3.820337489070971,0.41860947012901306,0,continue,5.171722723262731,0
55,39,1,-0.22103223619497567,0.8955,3.8579933693224544,0.4355119466781616,0,continue,4.950690487067756,0
55,40,0,-1.3372833152630033,0.8955,3.872571652224836,0.41938844323158264,0,continue,3.6134071718047522,0
55,41,0,-1.3072502601974063,0.8955,3.9122247181891083,0.4304393231868744,0,continue,2.3061569116073457,0
55,42,0,-1.436724371016403,0.8955,3.953765885168307,0.4247704744338989,0,continue,0.8694325405909427,0
55,43,0,-1.4170723398506349,0.8955,3.987884844565691,0.4247208535671234,0,continue,-0.5476397992596922,0
55,44,0,-1.2908577321258208,0.8955,4.0047166581371245,0.430838942527771,0,continue,-1.838497531385513,0
55,45,0,-1.3723373244358157,0.8955,4.038046985463539,0.42454442381858826,0,continue,-3.2108348558213287,0
55,46,0,-1.6628051044090073,0.8955,4.092534921438831,0.4308090806007385,0,continue,-4.873639960230336,0
55,47,0,-1.6805627722181176,0.8955,4.141146553427765,0.43045058846473694,0,continue,-6.554202732448454,0
55,48,0,-1.5203144250152272,0.8955,4.284733824721626,0.43744638562202454,0,continue,-8.074517157463681,0
55,49,0,-1.5230537679295715,0.8955,4.328959148013474,0.47091415524482727,0,continue,-9.597570925393253,0
55,50,2,-0.36641850093412015,0.8955,4.362242848200298,0.5118656158447266,0,continue,-9.963989426327373,0
55,51,2,-0.5250173711544945,0.8955,4.423892555741529,0.6014504432678223,0,continue,-10.489006797481867,0
55,52,0,-1.0011300502053857,0.8955,4.497246600851118,0.6299744844436646,0,continue,-11.490136847687253,0
55,53,0,-0.527741760484087,0.8955,4.560467858869871,0.6639782786369324,0,continue,-12.01787860817134,0
55,54,0,-0.2562859010685486,0.8955,4.567976765234094,0.6958755850791931,0,continue,-12.274164509239888,0
55,55,0,-0.12067277786850218,0.8955,4.6277450229209105,0.7972487807273865,0,continue,-12.394837287108391,0
55,56,0,-0.5896835168428609,0.8955,4.739417625281438,0.9335938692092896,0,continue,-12.984520803951252,0
55,57,1,-0.34394336629453964,0.8955,4.767991036464856,0.9402952790260315,0,continue,-13.328464170245791,0
55,58,0,-0.49806253790332045,0.8955,4.809885589024922,0.9915252923965454,0,continue,-13.826526708149112,0
55,59,0,-0.3049409143419727,0.8955,4.824470694905001,0.9951471090316772,0,continue,-14.131467622491085,0
55,60,0,-0.2302430248595636,0.8955,4.823745050211873,0.9230722188949585,0,continue,-14.361710647350648,0
55,61,1,-0.1604544339769146,0.8955,4.81405263842042,0.8664044737815857,0,continue,-14.522165081327563,0
55,62,0,0.1729630073756196,0.8955,4.821538105991516,0.8043168187141418,0,continue,-14.349202073951943,0
55,63,0,-1.3042839284367773,0.8955,4.846272775862128,0.720423698425293,0,continue,-15.653486002388721,0
55,64,0,-0.11518550686113763,0.8955,4.950653725833106,0.6475432515144348,0,continue,-15.76867150924986,0
55,65,0,-1.5932898082341411,0.8955,5.03357211052777,0.5734612941741943,0,continue,-17.361961317484,0
55,66,0,-0.7422200092350872,0.8955,5.100202062452128,0.5764171481132507,0,continue,-18.104181326719086,0
55,67,0,-0.017820481813812822,0.8955,5.119340221953391,0.5076937675476074,0,continue,-18.1220018085329,0
55,68,0,-0.47257722470451674,0.8955,5.155778804537335,0.3770921528339386,0,continue,-18.594579033237416,0
55,69,0,-0.7922704911399303,0.8955,5.153663570448005,0.28258955478668213,0,continue,-19.386849524377347,0
55,70,0,-31.10909054358383,0.8955,5.150506609949718,0.18158188462257385,1,crush,-50.49594006796117,0
56,1,0,-2.7895944405527984,0.8936,4.749014181184996,0.11999999731779099,0,continue,-2.7895944405527984,0
56,2,0,-2.6994948736172244,0.8936,4.748942855930739,0.11999999731779099,0,continue,-5.489089314170023,0
56,3,2,-0.4665031549682133,0.8936,4.74878748094516,0.11999999731779099,0,continue,-5.955592469138237,0
56,4,0,-32.71716578776264,0.8936,4.748918792332585,0.11999999731779099,1,crush,-38.67275825690088,0
57,1,0,0.0,0.8917,5.611910965820345,1.3082671165466309,0,continue,0.0,0
57,2,0,-0.006503368052557512,0.8917,5.61191948133395,1.3104277849197388,0,continue,-0.006503368052557512,0
57,3,0,0.02527276664569573,0.8917,5.6086890390494535,1.3138360977172852,0,continue,0.01876939859313822,0
57,4,1,0.19728270191710648,0.8917,5.568849585331507,1.300900936126709,0,continue,0.2160521005102447,0
57,5,0,0.20793381410862247,0.8917,5.526093588439754,1.3055596351623535,0,continue,0.42398591461886714,0
57,6,0,0.23759102580504715,0.8917,5.474734491540423,1.2919538021087646,0,continue,0.6615769404239142,0
57,7,0,0.20830560643807938,0.8917,5.439000100195245,1.3558776378631592,0,continue,0.8698825468619936,0
57,8,0,0.12454093491231465,0.8917,5.415522913138937,1.3734805583953857,0,continue,0.9944234817743083,0
57,9,0,0.235986977741645,0.8917,5.371131995984013,1.3987956047058105,0,continue,1.2304104595159533,0
57,10,1,0.06213034312346233,0.8917,5.3586354071498326,1.4402467012405396,0,continue,1.2925408026394156,0
57,11,1,0.0980479754090593,0.8917,5.335433947933375,1.5030732154846191,0,continue,1.390588778048475,0
57,12,2,0.012692450519332266,0.8917,5.311592113986285,1.5159236192703247,0,continue,1.4032812285678071,0
57,13,0,0.20498284596107172,0.8917,5.270655161972379,1.5551822185516357,0,continue,1.6082640745288788,0
57,14,2,0.5159865428415539,0.8917,5.202922457816846,1.589135766029358,0,continue,2.1242506173704325,0
57,15,2,0.37455305192375277,0.8917,5.161419111298745,1.6180890798568726,0,continue,2.498803669294185,0
57,16,0,0.3481426077125596,0.8917,5.094345136032403,1.6427812576293945,0,continue,2.8469462770067446,0
57,17,0,0.41857368421557817,0.8917,5.012307912821497,1.683247685432434,0,continue,3.265519961222323,0
57,18,0,0.2811021682073437,0.8917,4.970878891405011,1.8110202550888062,0,continue,3.5466221294296667,0
57,19,1,0.2777735258159381,0.8917,4.91528987302316,1.8743891716003418,0,continue,3.824395655245605,0
57,20,0,0.566389932781687,0.8917,4.8113711685960325,1.8874293565750122,0,continue,4.390785588027292,0
57,21,0,0.4299417992666409,0.8917,4.73193847444804,1.7904390096664429,0,continue,4.820727387293933,0
57,22,0,0.28373524671960965,0.8917,4.681234356650541,1.7262927293777466,0,continue,5.104462634013542,0
57,23,2,0.4435235144568602,0.8917,4.591636408959525,1.6234210729599,0,continue,5.547986148470402,0
57,24,0,0.3502557985169668,0.8917,4.528860028557282,1.5140324831008911,0,continue,5.898241946987369,0
57,25,0,0.2367866024214214,0.8917,4.487417847335444,1.4345407485961914,0,continue,6.135028549408791,0
57,26,2,0.3740031859533802,0.8917,4.411693506592141,1.3253568410873413,0,continue,6.5090317353621705,0
57,27,2,0.26527046347660216,0.8917,4.357966113022982,1.2410541772842407,0,continue,6.774302198838773,0
57,28,0,0.1640795616566419,0.8917,4.330363354741124,1.1664180755615234,0,continue,6.938381760495415,0
57,29,0,0.22687902661167664,0.8917,4.284457279037012,1.082759976387024,0,continue,7.1652607871070915,0
57,30,0,0.03844172302512164,0.8917,4.2775117959843305,0.9687137603759766,0,continue,7.203702510132213,0
57,31,0,0.24042396985275336,0.8917,4.229809942416947,0.9425001740455627,0,continue,7.444126479984966,0
57,32,0,0.26956225876860546,0.8917,4.171995180334029,0.9153367877006531,0,continue,7.7136887387535715,0
57,33,0,0.21675571637721675,0.8917,4.109779582222208,0.8252978920936584,0,continue,7.930444455130789,0
57,34,0,-0.2816177652730256,0.8917,4.096833216371654,0.8339600563049316,0,continue,7.6488266898577635,0
57,35,0,0.3034974334360945,0.8917,4.0338910451882874,0.7933056354522705,0,continue,7.952324123293858,0
57,36,0,0.012998547588856615,0.8917,3.961862562184926,0.6619933247566223,0,continue,7.965322670882714,0
57,37,0,0.17956249046186032,0.8917,3.917784975631399,0.6378858685493469,0,continue,8.144885161344575,0
57,38,0,0.3904591256838899,0.8917,3.836889030178788,0.602319598197937,0,continue,8.535344287028465,0
57,39,1,0.4412858769058301,0.8917,3.7464823931503406,0.5533618330955505,0,continue,8.976630163934296,0
57,40,2,0.013761749687979774,0.8917,3.6825971455657656,0.5250336527824402,0,continue,8.990391913622275,0
57,41,2,0.12443413188814376,0.8917,3.656935095962388,0.5150357484817505,0,continue,9.11482604551042,0
57,42,0,0.006077980240206542,0.8917,3.610152159672195,0.44659945368766785,0,continue,9.120904025750626,0
57,43,0,-0.07976533837467487,0.8917,3.5763683843547023,0.35038989782333374,0,continue,9.041138687375952,0
57,44,0,-0.2823916882340475,0.8917,3.5806272916938147,0.30629387497901917,0,continue,8.758746999141904,0
57,45,0,-30.695618877010855,0.8917,3.563859666430204,0.19410574436187744,1,crush,-21.936871877868953,0
58,1,0,-1.007841898891536,0.8898,3.1223791714881814,0.11999999731779099,0,continue,-1.007841898891536,0
58,2,0,-0.9854434559455321,0.8898,3.1223791680727238,0.11999999731779099,0,continue,-1.9932853548370681,0
58,3,0,-1.028173821825556,0.8898,3.122379383938422,0.11999999731779099,0,continue,-3.021459176662624,0
58,4,0,-31.029137817487822,0.8898,3.1223796118512084,0.11999999731779099,1,crush,-34.050596994150446,0
59,1,2,0.0021407604217529297,0.8879,6.000286356754245,0.9019889831542969,0,continue,0.0021407604217529297,0
59,2,0,0.11555976033332331,0.8879,5.977397513886406,0.9097422361373901,0,continue,0.11770052075507624,0
59,3,0,0.3425731044904285,0.8879,5.903064695874646,0.8735148310661316,0,continue,0.46027362524550475,0
59,4,0,0.32685931471680807,0.8879,5.825552583741979,0.893661379814148,0,continue,0.7871329399623128,0
59,5,2,0.24543565972352913,0.8879,5.770957136098925,0.9044322371482849,0,continue,1.032568599685842,0
59,6,0,0.18188595109619576,0.8879,5.732805994976611,0.9383248090744019,0,continue,1.2144545507820377,0
59,7,2,0.10655645422571976,0.8879,5.722929517224877,1.0337201356887817,0,continue,1.3210110050077575,0
59,8,0,0.11374646260251983,0.8879,5.7070400012055895,1.1135576963424683,0,continue,1.4347574676102772,0
59,9,0,0.20231914629433057,0.8879,5.666927941621633,1.174418330192566,0,continue,1.6370766139046078,0
59,10,0,0.125121538211063,0.8879,5.644117917585245,1.205487608909607,0,continue,1.7621981521156709,0
59,11,0,0.10441481580085053,0.8879,5.627687318190496,1.2104953527450562,0,continue,1.8666129679165213,0
59,12,0,0.02700536543082084,0.8879,5.619556352627736,1.221535086631775,0,continue,1.8936183333473422,0
59,13,0,0.03831366093827593,0.8879,5.61185815100812,1.2683097124099731,0,continue,1.9319319942856181,0
59,14,0,0.10823326637569232,0.8879,5.594444650559432,1.303835391998291,0,continue,2.0401652606613103,0
59,15,1,0.07455318689374027,0.8879,5.579431675518441,1.334170937538147,0,continue,2.1147184475550507,0
59,16,0,0.02294354323610173,0.8879,5.57287298491331,1.3438924551010132,0,continue,2.1376619907911523,0
59,17,2,0.3536196847428565,0.8879,5.5557111895648426,1.3710578680038452,0,continue,2.4912816755340086,0
59,18,1,-0.26703826110101564,0.8879,5.548850230464793,1.4080981016159058,0,continue,2.224243414432993,0
59,19,2,-0.047718505264813235,0.8879,5.547205921806121,1.4348506927490234,0,continue,2.1765249091681795,0
59,20,0,-0.025287363229513457,0.8879,5.5472425804188195,1.4577527046203613,0,continue,2.151237545938666,0
59,21,2,-0.16771777428437007,0.8879,5.56903532150989,1.4752449989318848,0,continue,1.9835197716542958,0
59,22,0,-0.09967369192913908,0.8879,5.583915497540884,1.5054582357406616,0,continue,1.8838460797251568,0
59,23,2,-0.09549598691608159,0.8879,5.600073956832703,1.5225095748901367,0,continue,1.7883500928090752,0
59,24,1,-0.6666442338984966,0.8879,5.671933022600935,1.526364803314209,0,continue,1.1217058589105786,0
59,25,1,-0.6073392669145903,0.8879,5.7901587752967805,1.5472486019134521,0,continue,0.5143665919959883,0
59,26,1,-0.3251008233487458,0.8879,5.813991201417961,1.5317158699035645,0,continue,0.18926576864724254,0
59,27,1,-0.5137049356840515,0.8879,5.867366125232749,1.4784252643585205,0,continue,-0.324439167036809,0
59,28,0,-0.4749986757502068,0.8879,5.923070089307272,1.4304791688919067,0,continue,-0.7994378427870158,0
59,29,0,-1.0456784585495469,0.8879,6.062468151791592,1.402199387550354,0,continue,-1.8451163013365628,0
59,30,0,-0.5749311130544683,0.8879,6.175955896627676,1.3663222789764404,0,continue,-2.420047414391031,0
59,31,0,-0.6667353310077645,0.8879,6.245484846654478,1.339102029800415,0,continue,-3.0867827453987955,0
59,32,0,-0.781634160543548,0.8879,6.367863593573946,1.2582440376281738,0,continue,-3.868416905942343,0
59,33,0,-0.917235137834516,0.8879,6.525804404950219,1.1160452365875244,0,continue,-4.785652043776859,0
59,34,1,-0.3305341748306826,0.8879,6.551770910714586,1.0856894254684448,0,continue,-5.116186218607542,0
59,35,2,-1.145897053899339,0.8879,6.680878411234419,0.9685346484184265,0,continue,-6.262083272506881,0
59,36,2,-0.8136208547205641,0.8879,6.803393768993635,0.8327727913856506,0,continue,-7.075704127227445,0
59,37,2,-0.4406220812218691,0.8879,6.851473472794683,0.8139216303825378,0,continue,-7.516326208449314,0
59,38,0,-0.8119093848186201,0.8879,6.979333336439073,0.746519148349762,0,continue,-8.328235593267934,0
59,39,2,-0.8547437036268735,0.8879,7.110184304240909,0.6102827191352844,0,continue,-9.182979296894807,0
59,40,0,-0.6349114991037531,0.8879,7.203363877058404,0.5336403250694275,0,continue,-9.81789079599856,0
59,41,1,-0.7252958078633263,0.8879,7.302820196573367,0.44267553091049194,0,continue,-10.543186603861885,0
59,42,0,-0.7316042389777431,0.8879,7.371012269959327,0.3191184401512146,0,continue,-11.274790842839629,0
59,43,0,-1.6717983135491323,0.8879,7.381157687630144,0.2381913661956787,0,continue,-12.946589156388761,0
59,44,0,-1.0042865984599707,0.8879,7.4001512984615365,0.2106647491455078,0,continue,-13.950875754848731,0
59,45,0,-31.91671074916165,0.8879,7.398600241174518,0.11999999731779099,1,crush,-45.867586504010376,0
60,1,0,-1.0466940541001237,0.886,3.1015625701605,0.11999999731779099,0,continue,-1.0466940541001237,0
60,2,0,-1.0620767815486785,0.886,3.101563188242505,0.11999999731779099,0,continue,-2.1087708356488024,0
60,3,1,-0.46849600678196873,0.886,3.1015632434575435,0.11999999731779099,0,continue,-2.577266842430771,0
60,4,1,-30.46562004314041,0.886,3.1015635149936305,0.12155751138925552,1,crush,-33.042886885571185,0
61,1,0,0.0,0.8841,5.7147597702281505,1.2249630689620972,0,continue,0.0,0
61,2,2,0.0018072070589173039,0.8841,5.71438203730417,1.2271407842636108,0,continue,0.0018072070589173039,0
61,3,0,0.011074700445572527,0.8841,5.709707824768489,1.216266393661499,0,continue,0.01288190750448983,0
61,4,1,0.3799440088780088,0.8841,5.699960743054816,1.2208853960037231,0,continue,0.3928259163824986,0
61,5,0,0.0684849299819023,0.8841,5.667721649067135,1.2229069471359253,0,continue,0.4613108463644009,0
61,6,0,0.13123665037223037,0.8841,5.599703469511346,1.229514718055725,0,continue,0.5925474967366313,0
61,7,0,0.10214929197175426,0.8841,5.5275430759548465,1.2384378910064697,0,continue,0.6946967887083856,0
61,8,0,-0.22985916585303823,0.8841,5.4957419457835766,1.2586629390716553,0,continue,0.46483762285534735,0
61,9,0,0.13930947232336838,0.8841,5.458292460798407,1.3070130348205566,0,continue,0.6041470951787158,0
61,10,0,0.06255415164650394,0.8841,5.455230284516036,1.396069884300232,0,continue,0.6667012468252197,0
61,11,1,-0.04692827922296572,0.8841,5.458881309266627,1.4470213651657104,0,continue,0.619772967602254,0
61,12,1,-0.1980871253807081,0.8841,5.498355918278641,1.4836881160736084,0,continue,0.42168584222154587,0
61,13,0,0.13861670980089183,0.8841,5.526764207914435,1.5129066705703735,0,continue,0.5603025520224377,0
61,14,2,-0.111096991457828,0.8841,5.547812232259026,1.5539917945861816,0,continue,0.4492055605646097,0
61,15,1,-0.5102096324593833,0.8841,5.5890792935752724,1.5518921613693237,0,continue,-0.06100407189477364,0
61,16,2,-0.4387436631997798,0.8841,5.616811364247299,1.511962652206421,0,continue,-0.49974773509455345,0
61,17,0,-0.18676676341392523,0.8841,5.65411538233129,1.5156996250152588,0,continue,-0.6865144985084787,0
61,18,0,-0.25575362389369494,0.8841,5.700896600929258,1.5166336297988892,0,continue,-0.9422681224021736,0
61,19,0,-0.1869327806743278,0.8841,5.742307065067254,1.492461085319519,0,continue,-1.1292009030765013,0
61,20,0,-0.12934109836870494,0.8841,5.767738283063569,1.485411286354065,0,continue,-1.2585420014452062,0
61,21,0,-0.4470850118124258,0.8841,5.815863088698906,1.471052646636963,0,continue,-1.705627013257632,0
61,22,0,-0.35775341007387224,0.8841,5.848402770989148,1.4541034698486328,0,continue,-2.0633804233315045,0
61,23,0,-0.5030365854374482,0.8841,5.909842650579604,1.4516103267669678,0,continue,-2.5664170087689526,0
61,24,0,-0.44251529673556633,0.8841,5.959217535421196,1.4354777336120605,0,continue,-3.008932305504519,0
61,25,0,-0.21126711287541428,0.8841,5.9596154659140845,1.4153388738632202,0,continue,-3.2201994183799334,0
61,26,2,-0.45706155919304536,0.8841,6.010511247567104,1.4240477085113525,0,continue,-3.6772609775729785,0
61,27,2,-0.5307164212968469,0.8841,6.076059463036596,1.4158039093017578,0,continue,-4.207977398869826,0
61,28,0,-0.3881457177058326,0.8841,6.112508221838834,1.3952559232711792,0,continue,-4.596123116575658,0
61,29,2,-0.4430248853084624,0.8841,6.156852205741186,1.4035353660583496,0,continue,-5.03914800188412,0
61,30,0,-0.5413481300184674,0.8841,6.213584885339796,1.3865900039672852,0,continue,-5.580496131902588,0
61,31,2,-0.6047987327095441,0.8841,6.283283059375543,1.379026174545288,0,continue,-6.185294864612132,0
61,32,1,-0.8602871617619954,0.8841,6.353471056793964,1.3639538288116455,0,continue,-7.045582026374127,0
61,33,2,-1.7912235429539372,0.8841,6.433087556506399,1.2966762781143188,0,continue,-8.836805569328064,0
61,34,2,-0.4804150303925927,0.8841,6.478655812558286,1.236991286277771,0,continue,-9.317220599720656,0
61,35,1,-1.2050254414121793,0.8841,6.615226339905965,1.1878018379211426,0,continue,-10.522246041132835,0
61,36,2,-0.8310819582500855,0.8841,6.680856172754093,1.1568812131881714,0,continue,-11.35332799938292,0
61,37,1,-0.8014340787326324,0.8841,6.739377268600655,1.1425414085388184,0,continue,-12.154762078115553,0
61,38,2,-0.9285002198584789,0.8841,6.812520884576153,1.0097743272781372,0,continue,-13.083262297974033,0
61,39,2,-1.3635650662403733,0.8841,6.866186987230451,0.9094774723052979,0,continue,-14.446827364214405,0
61,40,0,-0.410068697361135,0.8841,6.901820299548709,0.8800196647644043,0,continue,-14.85689606157554,0
61,41,2,-1.454684370121418,0.8841,6.975939238010678,0.790766716003418,0,continue,-16.311580431696957,0
61,42,0,-0.30308541088930196,0.8841,7.041256976879531,0.7269138693809509,0,continue,-16.61466584258626,0
61,43,0,0.2511101025489056,0.8841,7.051851475645727,0.6958742737770081,0,continue,-16.363555740037352,0
61,44,2,-0.4471720738388073,0.8841,7.098499519119554,0.6458064913749695,0,continue,-16.81072781387616,0
61,45,0,-1.7092802150580992,0.8841,7.170036170905798,0.587813675403595,0,continue,-18.52000802893426,0
61,46,2,-1.4738770396052916,0.8841,7.2450778424970395,0.5289078950881958,0,continue,-19.99388506853955,0
61,47,0,-0.3602317159719315,0.8841,7.266936073133859,0.5081409811973572,0,continue,-20.354116784511483,0
61,48,0,-0.7996022969608612,0.8841,7.389650006799769,0.4544702172279358,0,continue,-21.153719081472342,0
61,49,1,-0.8576098910065342,0.8841,7.502700081274938,0.37285956740379333,0,continue,-22.011328972478875,0
61,50,0,-0.30976249804960204,0.8841,7.548840016039127,0.3234078586101532,0,continue,-22.321091470528476,0
61,51,2,-1.333340990854435,0.8841,7.555273776985719,0.2802141010761261,0,continue,-23.65443246138291,0
61,52,1,-30.85851940014229,0.8841,7.542890785413182,0.1722642332315445,1,crush,-54.512951861525195,0
62,1,0,-0.31416927373245485,0.8822,3.787629706139912,0.29405614733695984,0,continue,-0.31416927373245485,0
62,2,0,-0.35053374987048325,0.8822,3.7877840196196657,0.2882588505744934,0,continue,-0.6647030236029381,0
62,3,1,-0.0060866935507760955,0.8822,3.7535641762688083,0.29275813698768616,0,continue,-0.6707897171537142,0
62,4,0,-0.2561897880026573,0.8822,3.738022451181692,0.2772994637489319,0,continue,-0.9269795051563714,0
62,5,0,-0.21111010477473657,0.8822,3.7022464898392244,0.2753976583480835,0,continue,-1.138089609931108,0
62,6,0,-0.2687662086588384,0.8822,3.692311252286292,0.2886802852153778,0,continue,-1.4068558185899462,0
62,7,2,-30.33623276992708,0.8822,3.6664459185033245,0.18639342486858368,1,crush,-31.743088588517026,0
63,1,0,0.0,0.8803,4.9891808548145,1.9131861925125122,0,continue,0.0,0
63,2,0,-0.01467371772005226,0.8803,4.98811544634095,1.9080959558486938,0,continue,-0.01467371772005226,0
63,3,0,0.43302652757991583,0.8803,4.904072995917483,1.9157664775848389,0,continue,0.41835280985986356,0
63,4,0,0.49173963876678684,0.8803,4.8023740602756035,1.9187296628952026,0,continue,0.9100924486266504,0
63,5,0,0.6018862336702882,0.8803,4.6830865477864405,1.9265090227127075,0,continue,1.5119786822969385,0
63,6,2,0.18302316719570716,0.8803,4.649292905858418,1.8966490030288696,0,continue,1.6950018494926458,0
63,7,0,0.5779063175698966,0.8803,4.537647860798757,1.856404185295105,0,continue,2.2729081670625426,0
63,8,0,0.6428247951749835,0.8803,4.417041061323749,1.7659350633621216,0,continue,2.9157329622375263,0
63,9,0,0.2964850163304014,0.8803,4.367919747066808,1.6366208791732788,0,continue,3.212217978567928,0
63,10,2,0.7535570800155253,0.8803,4.216833454760262,1.5582383871078491,0,continue,3.9657750585834535,0
63,11,0,0.31739998021809035,0.8803,4.16558141793585,1.4150161743164062,0,continue,4.283175038801544,0
63,12,2,0.28804627061879134,0.8803,4.107807524230646,1.3775222301483154,0,continue,4.571221309420335,0
63,13,0,0.5636813054880644,0.8803,3.999106822680715,1.3175755739212036,0,continue,5.134902614908399,0
63,14,1,0.4270483536611527,0.8803,3.9148152559591365,1.2314860820770264,0,continue,5.561950968569552,0
63,15,0,0.21111769024898003,0.8803,3.879397234467706,1.1395678520202637,0,continue,5.7730686588185325,0
63,16,0,0.28986303928414187,0.8803,3.8186804070672196,1.0687922239303589,0,continue,6.062931698102674,0
63,17,0,0.24646047767839724,0.8803,3.770732507943092,0.9361907839775085,0,continue,6.309392175781071,0
63,18,2,0.09184635774799813,0.8803,3.7453811125864425,0.8792891502380371,0,continue,6.401238533529069,0
63,19,2,-0.00228706432516685,0.8803,3.738287489027282,0.844907283782959,0,continue,6.398951469203903,0
63,20,0,0.060567732086002884,0.8803,3.7434133229917705,0.7652282118797302,0,continue,6.459519201289906,0
63,21,0,-0.08735387182212681,0.8803,3.743735906966784,0.7127516865730286,0,continue,6.372165329467779,0
63,22,0,0.06091801048898736,0.8803,3.740630930539643,0.677539050579071,0,continue,6.433083339956767,0
63,23,0,-0.7601077935991954,0.8803,3.7427646909503456,0.6590836048126221,0,continue,5.672975546357571,0
63,24,0,0.5433927691512838,0.8803,3.7483944404151828,0.6617928743362427,0,continue,6.216368315508855,0
63,25,0,-0.08035210574684104,0.8803,3.756540715839876,0.640396773815155,0,continue,6.136016209762014,0
63,26,0,-0.05138429698862045,0.8803,3.770102539734445,0.6283806562423706,0,continue,6.084631912773394,0
63,27,0,-0.043745886452670656,0.8803,3.7785958603036227,0.6107878684997559,0,continue,6.040886026320723,0
63,28,1,-0.07510983090415761,0.8803,3.7929718700620243,0.5946674346923828,0,continue,5.965776195416566,0
63,29,0,-0.4620590240815449,0.8803,3.8149308255105625,0.5712267756462097,0,continue,5.503717171335021,0
63,30,1,-0.1671394221008798,0.8803,3.847241401952449,0.5592900514602661,0,continue,5.336577749234141,0
63,31,0,-0.013620853153078547,0.8803,3.855870812670856,0.5472266674041748,0,continue,5.322956896081062,0
63,32,1,-0.04338992811188418,0.8803,3.863990558502142,0.5338969826698303,0,continue,5.279566967969178,0
63,33,2,-0.475782667690971,0.8803,3.8909704824731173,0.5043022036552429,0,continue,4.803784300278207,0
63,34,0,-0.3756522005436602,0.8803,3.946001872283064,0.49011093378067017,0,continue,4.428132099734547,0
63,35,2,-0.5930490099222455,0.8803,4.017228918784124,0.49165257811546326,0,continue,3.835083089812301,0
63,36,0,-0.6265087384197098,0.8803,4.042613725312854,0.45804697275161743,0,continue,3.2085743513925915,0
63,37,2,-0.5359758766776261,0.8803,4.104430497692216,0.4512144923210144,0,continue,2.6725984747149654,0
63,38,2,-0.8196818537130623,0.8803,4.227444145240704,0.4825414717197418,0,continue,1.852916621001903,0
63,39,0,-1.3281338500257045,0.8803,4.351887805962398,0.5263737440109253,0,continue,0.5247827709761985,0
63,40,0,-0.9853354947271875,0.8803,4.387243262165678,0.5363332629203796,0,continue,-0.460552723750989,0
63,41,0,-0.7156436382266125,0.8803,4.457105645740566,0.6293346285820007,0,continue,-1.1761963619776015,0
63,42,2,-0.5437661377480605,0.8803,4.525858873290178,0.7042853236198425,0,continue,-1.719962499725662,0
63,43,0,-0.5362978624992982,0.8803,4.591264368385332,0.7759659886360168,0,continue,-2.2562603622249604,0
63,44,1,-0.37121169306692925,0.8803,4.619956478660376,0.822931170463562,0,continue,-2.6274720552918898,0
63,45,0,-0.260363043201587,0.8803,4.631484666396469,0.8804318904876709,0,continue,-2.887835098493477,0
63,46,0,-0.6244042736323923,0.8803,4.721852479066282,0.9390043616294861,0,continue,-3.512239372125869,0
63,47,0,-0.673430238258794,0.8803,4.819812734750346,1.0417799949645996,0,continue,-4.185669610384663,0
63,48,0,-0.390751966299825,0.8803,4.858070041106893,1.0384873151779175,0,continue,-4.576421576684488,0
63,49,2,-0.44042083635804063,0.8803,4.902743351547964,1.125986933708191,0,continue,-5.016842413042529,0
63,50,0,-0.5161988467647278,0.8803,4.962958769171701,1.2200130224227905,0,continue,-5.5330412598072565,0
63,51,1,-0.5593569097206372,0.8803,5.024986242860066,1.3647243976593018,0,continue,-6.092398169527893,0
63,52,0,-1.3014100201657468,0.8803,5.060089941818137,1.3741158246994019,0,continue,-7.39380818969364,0
63,53,2,-1.8015078317383784,0.8803,5.194873015613781,1.445101022720337,0,continue,-9.195316021432019,0
63,54,0,-1.9193974334074928,0.8803,5.358062784080859,1.5505841970443726,0,continue,-11.114713454839512,0
63,55,0,-1.520869141870009,0.8803,5.438672077297039,1.5904483795166016,0,continue,-12.63558259670952,0
63,56,0,-0.7497661357190486,0.8803,5.555273477463753,1.6880483627319336,0,continue,-13.385348732428568,0
63,57,2,-0.7968816282648103,0.8803,5.673581481794222,1.7853343486785889,0,continue,-14.182230360693378,0
63,58,1,-0.7624725373880132,0.8803,5.725697745740148,1.8683056831359863,0,continue,-14.944702898081392,0
63,59,0,-0.7561713451912246,0.8803,5.8422052279274705,1.890089511871338,0,continue,-15.700874243272617,0
63,60,1,-0.8321983350475932,0.8803,5.96818454111033,1.7807453870773315,0,continue,-16.53307257832021,0
63,61,0,-0.4178131418267224,0.8803,6.017438141051902,1.7127032279968262,0,continue,-16.950885720146932,0
63,62,0,-0.5754067575823366,0.8803,6.095661059937347,1.6342960596084595,0,continue,-17.526292477729267,0
63,63,1,-0.6114584021522023,0.8803,6.166066634149732,1.5418187379837036,0,continue,-18.13775087988147,0
63,64,0,-0.48700079451812506,0.8803,6.226260898679518,1.3863884210586548,0,continue,-18.624751674399594,0
63,65,2,-0.3473389949167043,0.8803,6.249420681154072,1.3364388942718506,0,continue,-18.972090669316298,0
63,66,0,-0.2840690694506728,0.8803,6.277540556670881,1.256765365600586,0,continue,-19.25615973876697,0
63,67,2,-0.3735092930048912,0.8803,6.3023753503195294,1.1963404417037964,0,continue,-19.62966903177186,0
63,68,0,-0.48909023529140605,0.8803,6.293067352791165,1.1306089162826538,0,continue,-20.11875926706327,0
63,69,0,-0.22577078694490288,0.8803,6.26917083741508,1.1003680229187012,0,continue,-20.34453005400817,0
63,70,0,-0.2185836553345812,0.8803,6.265276503814217,1.0514110326766968,0,continue,-20.56311370934275,0
63,71,0,0.09770820517608764,0.8803,6.20031631932547,0.9848648905754089,0,continue,-20.465405504166664,0
63,72,0,0.18301064322512162,0.8803,6.13675804035768,0.9737624526023865,0,continue,-20.282394860941544,0
63,73,0,-0.23973845086232543,0.8803,6.0954382293538405,0.977222204208374,0,continue,-20.52213331180387,0
63,74,0,0.30418512760033883,0.8803,6.025240107396402,1.0043014287948608,0,continue,-20.217948184203532,0
63,75,0,-0.06604291167908458,0.8803,5.983750774408557,1.030116319656372,0,continue,-20.283991095882616,0
63,76,0,0.2836214999655013,0.8803,5.902345257480944,1.0626702308654785,0,continue,-20.000369595917114,0
63,77,0,0.004214087823768503,0.8803,5.86053517766579,1.0814849138259888,0,continue,-19.996155508093345,0
63,78,0,0.3021825031231126,0.8803,5.767505511491408,1.1281965970993042,0,continue,-19.693973004970232,0
63,79,0,0.1601589238792102,0.8803,5.738239608141782,1.1475213766098022,0,continue,-19.533814081091023,0
63,80,1,0.4753855099881446,0.8803,5.716120807419649,1.1696134805679321,0,continue,-19.05842857110288,0
63,81,0,0.1449014155718266,0.8803,5.689989899464652,1.1920912265777588,0,continue,-18.913527155531053,0
63,82,2,0.13250831490539872,0.8803,5.662913407093466,1.2125179767608643,0,continue,-18.781018840625656,0
63,83,2,0.03995073987461648,0.8803,5.654685027917445,1.24458909034729,0,continue,-18.74106810075104,0
63,84,0,0.1426789425858459,0.8803,5.627007564915795,1.2569999694824219,0,continue,-18.598389158165194,0
63,85,0,0.15843627729483079,0.8803,5.599862080243141,1.2782536745071411,0,continue,-18.43995288087036,0
63,86,0,0.12103424543438851,0.8803,5.574521562868888,1.2831238508224487,0,continue,-18.318918635435974,0
63,87,0,0.07493131281253554,0.8803,5.562594340260478,1.3009517192840576,0,continue,-18.24398732262344,0
63,88,0,0.13731960374172233,0.8803,5.539925165472646,1.3366444110870361,0,continue,-18.106667718881717,0
63,89,0,0.0736515747353776,0.8803,5.529746766216875,1.3567167520523071,0,continue,-18.033016144146337,0
63,90,0,0.05542636880992433,0.8803,5.5187747413379125,1.3730854988098145,0,continue,-17.977589775336412,0
63,91,0,0.062264049548715644,0.8803,5.509131100277014,1.395689606666565,0,continue,-17.915325725787696,0
63,92,1,0.25873222958201614,0.8803,5.503472714739235,1.4180347919464111,0,continue,-17.65659349620568,0
63,93,0,0.03402109891906587,0.8803,5.502635779109925,1.4301908016204834,0,continue,-17.622572397286614,0
63,94,0,-0.05271223503345135,0.8803,5.506945776963905,1.4612455368041992,0,continue,-17.675284632320064,0
63,95,0,-0.12041579460849794,0.8803,5.526088389066041,1.4826024770736694,0,continue,-17.795700426928562,0
63,96,0,-0.2150740715942814,0.8803,5.56021012870681,1.484645962715149,0,continue,-18.010774498522842,0
63,97,1,-0.36088820075215966,0.8803,5.632352972147338,1.497698187828064,0,continue,-18.371662699275003,0
63,98,2,-1.1188811381792845,0.8803,5.795084331857029,1.4813896417617798,0,continue,-19.490543837454286,0
63,99,0,-0.3951920822235328,0.8803,5.835068199987972,1.4783903360366821,0,continue,-19.88573591967782,0
63,100,1,-0.5019194545324228,0.8803,5.891900973182929,1.4183651208877563,0,continue,-20.387655374210244,0
63,101,1,-0.6584787927847346,0.8803,5.968880552888876,1.3355704545974731,0,continue,-21.046134166994978,0
63,102,2,-0.6150346745679043,0.8803,5.988847904738109,1.276841640472412,0,continue,-21.661168841562883,0
63,103,2,-0.8403807084142982,0.8803,6.112021645558778,1.2487294673919678,0,continue,-22.50154954997718,0
63,104,0,-0.6475416320388663,0.8803,6.223545618875152,1.207756519317627,0,continue,-23.149091182016047,0
63,105,2,-0.4165927697400257,0.8803,6.265190420610454,1.161687970161438,0,continue,-23.56568395175607,0
63,106,0,-1.5884005094221643,0.8803,6.367697229280685,1.0962902307510376,0,continue,-25.154084461178236,0
63,107,0,-0.7929088034312997,0.8803,6.45285513379006,0.9719837307929993,0,continue,-25.946993264609535,0
63,108,2,-0.31402439331755494,0.8803,6.4725826106200595,0.9008828401565552,0,continue,-26.26101765792709,0
63,109,0,-0.7341782959759486,0.8803,6.545959325261959,0.7784590721130371,0,continue,-26.99519595390304,0
63,110,0,-0.8232928514942681,0.8803,6.625010313111785,0.712878406047821,0,continue,-27.81848880539731,0
63,111,1,-1.3933118978403443,0.8803,6.684137179422784,0.6896548271179199,0,continue,-29.211800703237653,0
63,112,0,-0.19190168909083494,0.8803,6.6879182626656695,0.6188556551933289,0,continue,-29.403702392328487,0
63,113,0,-0.6886471703667725,0.8803,6.806776659061378,0.5677260756492615,0,continue,-30.092349562695258,0
63,114,0,-1.067590854215824,0.8803,6.948845995120753,0.47616302967071533,0,continue,-31.15994041691108,0
63,115,0,-0.29465879629451514,0.8803,7.036256426222007,0.46420377492904663,0,continue,-31.454599213205597,0
63,116,0,-0.4946666419273217,0.8803,7.0899280537709215,0.4516718089580536,0,continue,-31.949265855132918,0
63,117,0,-1.2026469558196555,0.8803,7.095934460328031,0.37217193841934204,0,continue,-33.151912810952574,0
63,118,0,-0.5545238924200568,0.8803,7.091579727069495,0.2782652974128723,0,continue,-33.70643670337263,0
63,119,0,-31.06313169722949,0.8803,7.104559429055875,0.18883568048477173,1,crush,-64.76956840060213,0
64,1,0,-0.9604346592160142,0.8784,4.303302458562514,0.11999999731779099,0,continue,-0.9604346592160142,0
64,2,2,-0.4690597721812767,0.8784,4.303382044969499,0.11999999731779099,0,continue,-1.4294944313972908,0
64,3,0,-1.0197915410344083,0.8784,4.303401156949339,0.11999999731779099,0,continue,-2.4492859724316993,0
64,4,1,-30.468717294457143,0.8784,4.303442586206009,0.11999999731779099,1,crush,-32.918003266888846,0
65,1,0,0.0,0.8765000000000001,5.671073850867695,1.2345378398895264,0,continue,0.0,0
65,2,0,0.3724272195336566,0.8765000000000001,5.5950169836334425,1.224380612373352,0,continue,0.3724272195336566,0
65,3,1,0.8547435130763209,0.8765000000000001,5.442855485859448,1.2235713005065918,0,continue,1.2271707326099774,0
65,4,0,0.835949832284076,0.8765000000000001,5.275268666928289,1.2355282306671143,0,continue,2.0631205648940534,0
65,5,0,0.5808733125009542,0.8765000000000001,5.169318607800486,1.3456388711929321,0,continue,2.6439938773950074,0
65,6,0,0.1716320763293061,0.8765000000000001,5.139422109329251,1.4242289066314697,0,continue,2.8156259537243136,0
65,7,0,0.6574606776158293,0.8765000000000001,5.015190872316531,1.5190626382827759,0,continue,3.4730866313401427,0
65,8,1,0.662152452265067,0.8765000000000001,4.905712348298288,1.644830346107483,0,continue,4.13523908360521,0
65,9,0,0.17957515047682068,0.8765000000000001,4.8750609478411135,1.7482695579528809,0,continue,4.314814234082031,0
65,10,0,0.36320173617631213,0.8765000000000001,4.800927769952507,1.8545693159103394,0,continue,4.678015970258343,0
65,11,0,0.17442241571868278,0.8765000000000001,4.766948637142834,1.8748077154159546,0,continue,4.852438385977026,0
65,12,2,0.12943253563253848,0.8765000000000001,4.740683636464119,1.8302558660507202,0,continue,4.9818709216095645,0
65,13,0,0.3149700738900731,0.8765000000000001,4.682589266072577,1.7805144786834717,0,continue,5.296840995499638,0
65,14,0,0.5216692532719848,0.8765000000000001,4.623788690422372,1.714769721031189,0,continue,5.818510248771623,0
65,15,0,0.3318586683337005,0.8765000000000001,4.576391475832287,1.7161463499069214,0,continue,6.1503689171053235,0
65,16,0,-0.08641917493016517,0.8765000000000001,4.571431553695233,1.6575080156326294,0,continue,6.063949742175159,0
65,17,0,0.0840089868940205,0.8765000000000001,4.557225803501616,1.6106983423233032,0,continue,6.147958729069179,0
65,18,0,0.24001609173483388,0.8765000000000001,4.519339816155898,1.5515555143356323,0,continue,6.387974820804013,0
65,19,0,0.21803886493180366,0.8765000000000001,4.483875165835887,1.4961835145950317,0,continue,6.6060136857358165,0
65,20,2,0.4502980475784988,0.8765000000000001,4.437408658664481,1.4711440801620483,0,continue,7.056311733314315,0
65,21,0,0.037094448529983816,0.8765000000000001,4.4349555689484665,1.4280202388763428,0,continue,7.093406181844299,0
65,22,0,0.12849541803917777,0.8765000000000001,4.406822513418134,1.396040916442871,0,continue,7.221901599883476,0
65,23,1,0.13071774887527043,0.8765000000000001,4.380241431624625,1.3524259328842163,0,continue,7.352619348758747,0
65,24,2,0.15003572888056918,0.8765000000000001,4.350189358857111,1.2874650955200195,0,continue,7.502655077639316,0
65,25,0,0.08996439260675673,0.8765000000000001,4.326968462860511,1.2812033891677856,0,continue,7.592619470246073,0
65,26,1,0.0713556962645217,0.8765000000000001,4.312305537907415,1.2172802686691284,0,continue,7.663975166510595,0
65,27,0,0.07356201519951377,0.8765000000000001,4.286664889969672,1.193332314491272,0,continue,7.737537181710109,0
65,28,0,0.011940474025760605,0.8765000000000001,4.260709912441567,1.0915318727493286,0,continue,7.74947765573587,0
65,29,0,-0.00907210997743697,0.8765000000000001,4.249882817244786,1.0628160238265991,0,continue,7.740405545758433,0
65,30,0,-0.045841635455697076,0.8765000000000001,4.2433922947377924,0.9909269213676453,0,continue,7.694563910302736,0
65,31,2,0.32524985778112003,0.8765000000000001,4.242543583609397,0.9348219633102417,0,continue,8.019813768083855,0
65,32,0,-0.3786828068357279,0.8765000000000001,4.286656797339748,0.872183084487915,0,continue,7.641130961248128,0
65,33,0,-0.35362319478424986,0.8765000000000001,4.341283983153489,0.8461726307868958,0,continue,7.287507766463878,0
65,34,0,-1.162188720601726,0.8765000000000001,4.466946894381877,0.7974054217338562,0,continue,6.125319045862152,0
65,35,2,-0.10176302826165903,0.8765000000000001,4.486705016978775,0.7801811099052429,0,continue,6.023556017600493,0
65,36,0,-0.9725202502011259,0.8765000000000001,4.646173607144601,0.8547794818878174,0,continue,5.051035767399367,0
65,37,1,-0.7012036536189468,0.8765000000000001,4.745721724504972,0.8788023591041565,0,continue,4.34983211378042,0
65,38,0,-0.6676711931978583,0.8765000000000001,4.839913279554668,0.9038466215133667,0,continue,3.682160920582562,0
65,39,0,-0.2961543135629219,0.8765000000000001,4.861071854866374,0.9518473744392395,0,continue,3.38600660701964,0
65,40,1,-0.3347054339349395,0.8765000000000001,4.887863818691211,1.042094111442566,0,continue,3.0513011730847004,0
65,41,0,-0.6936718059458029,0.8765000000000001,4.991154010346084,1.1012393236160278,0,continue,2.3576293671388973,0
65,42,0,-0.6542597426941072,0.8765000000000001,5.0882977430312,1.1983000040054321,0,continue,1.70336962444479,0
65,43,0,-0.31625854182501567,0.8765000000000001,5.110226932912184,1.1873457431793213,0,continue,1.3871110826197743,0
65,44,2,-0.4813638697400972,0.8765000000000001,5.16407887924402,1.260144829750061,0,continue,0.9057472128796771,0
65,45,0,-0.503969938690896,0.8765000000000001,5.215488166769193,1.1261001825332642,0,continue,0.40177727418878106,0
65,46,1,-0.2649123703853728,0.8765000000000001,5.222798508844072,1.0326820611953735,0,continue,0.13686490380340827,0
65,47,0,-0.38391170537391905,0.8765000000000001,5.256690702361956,0.9954982399940491,0,continue,-0.2470468015705108,0
65,48,0,0.17328365115331773,0.8765000000000001,5.306373811876549,0.9225720167160034,0,continue,-0.07376315041719306,0
65,49,0,-1.2665774670087122,0.8765000000000001,5.342691827968489,0.8572587370872498,0,continue,-1.3403406174259054,0
65,50,2,-0.3337123609537188,0.8765000000000001,5.366311536573449,0.812932550907135,0,continue,-1.674052978379624,0
65,51,0,0.15756561410117897,0.8765000000000001,5.417292411766065,0.6528412699699402,0,continue,-1.516487364278445,0
65,52,0,-1.4149972416765595,0.8765000000000001,5.452859128646259,0.5791273713111877,0,continue,-2.9314846059550046,0
65,53,2,-0.44112122110211055,0.8765000000000001,5.499451615941238,0.5090291500091553,0,continue,-3.3726058270571153,0
65,54,0,-0.4355966235621006,0.8765000000000001,5.5377637753829445,0.4260513186454773,0,continue,-3.808202450619216,0
65,55,0,-0.39057238312488207,0.8765000000000001,5.54075325828528,0.32580503821372986,0,continue,-4.198774833744098,0
65,56,1,-0.44630922595161243,0.8765000000000001,5.534941835783061,0.2569606602191925,0,continue,-4.64508405969571,0
65,57,2,-0.757411657495723,0.8765000000000001,5.535057802621175,0.24840810894966125,0,continue,-5.402495717191433,0
65,58,1,-31.005252853164922,0.8765000000000001,5.549954070765815,0.15902386605739594,1,crush,-36.407748570356354,0
66,1,0,-0.9994322795601762,0.8746,3.1639473178288857,0.11999999731779099,0,continue,-0.9994322795601762,0
66,2,1,-0.46849127150397646,0.8746,3.1639455642230403,0.11999999731779099,0,continue,-1.4679235510641526,0
66,3,0,-1.0193408772464416,0.8746,3.1639451636980924,0.11999999731779099,0,continue,-2.4872644283105942,0
66,4,0,-31.02871586654931,0.8746,3.163945054277014,0.11999999731779099,1,crush,-33.5159802948599,0
67,1,0,0.0,0.8727,5.830144423455916,1.0768052339553833,0,continue,0.0,0
67,2,0,-0.0032245529922381826,0.8727,5.829917207645223,1.0646231174468994,0,continue,-0.0032245529922381826,0
67,3,0,0.27095574716060655,0.8727,5.775539426696945,1.0737618207931519,0,continue,0.2677311941683684,0
67,4,2,0.643757679275604,0.8727,5.6465859737543544,1.0869358777999878,0,continue,0.9114888734439723,0
67,5,1,0.2518943610991638,0.8727,5.58483343896257,1.0836914777755737,0,continue,1.163383234543136,0
67,6,1,0.8270249438317042,0.8727,5.470115108469628,1.1599608659744263,0,continue,1.9904081783748402,0
67,7,0,0.34065341212486067,0.8727,5.410001987986859,1.280906319618225,0,continue,2.3310615904997007,0
67,8,0,0.6936469075065816,0.8727,5.279289663893901,1.3452643156051636,0,continue,3.0247084980062824,0
67,9,0,0.26797266596960845,0.8727,5.234381131167038,1.4794862270355225,0,continue,3.2926811639758906,0
67,10,0,0.3774572486409839,0.8727,5.154928752897038,1.5287199020385742,0,continue,3.6701384126168746,0
67,11,0,0.5001186788885822,0.8727,5.055251765072126,1.6726534366607666,0,continue,4.170257091505457,0
67,12,0,0.39127726526156503,0.8727,4.969823202354615,1.7172563076019287,0,continue,4.561534356767022,0
67,13,1,0.13830262304229013,0.8727,4.95905885404064,1.787837028503418,0,continue,4.699836979809312,0
67,14,0,0.4643513116107655,0.8727,4.86563206173114,1.9122121334075928,0,continue,5.164188291420078,0
67,15,1,0.426799507919333,0.8727,4.771939392064653,1.9004992246627808,0,continue,5.590987799339411,0
67,16,0,0.3178782737046719,0.8727,4.700289078830408,1.8934588432312012,0,continue,5.9088660730440825,0
67,17,2,-0.017979141395085163,0.8727,4.698292267728094,1.8116759061813354,0,continue,5.890886931648997,0
67,18,0,0.2814287814597806,0.8727,4.649580913722135,1.7334705591201782,0,continue,6.172315713108778,0
67,19,0,0.12882477498801054,0.8727,4.610854460158037,1.6691784858703613,0,continue,6.301140488096788,0
67,20,0,0.03249127163575476,0.8727,4.607395496960502,1.623271107673645,0,continue,6.333631759732543,0
67,21,0,-0.028597383406273012,0.8727,4.611155748967883,1.5995270013809204,0,continue,6.30503437632627,0
67,22,0,-0.014460511009674458,0.8727,4.6145002798757995,1.567899465560913,0,continue,6.2905738653165955,0
67,23,0,-0.2520870034021285,0.8727,4.648455154855292,1.503223180770874,0,continue,6.038486861914467,0
67,24,0,-0.5813328657258066,0.8727,4.693949534211681,1.4893759489059448,0,continue,5.45715399618866,0
67,25,0,-0.21602763784933846,0.8727,4.723439847465764,1.472311019897461,0,continue,5.241126358339322,0
67,26,0,-0.20553676372098673,0.8727,4.7660741697631135,1.4924243688583374,0,continue,5.035589594618336,0
67,27,0,-0.2636176605565927,0.8727,4.818848305560167,1.5019506216049194,0,continue,4.771971934061743,0
67,28,2,-0.06275907974145342,0.8727,4.831370211143208,1.4978868961334229,0,continue,4.70921285432029,0
67,29,0,-0.26008013814750885,0.8727,4.88298919757945,1.515988826751709,0,continue,4.449132716172781,0
67,30,0,-0.2405344498600217,0.8727,4.93199597005745,1.5392470359802246,0,continue,4.20859826631276,0
67,31,1,-0.28047996185359186,0.8727,4.987438440610492,1.5346006155014038,0,continue,3.9281183044591677,0
67,32,0,-0.0571167070169845,0.8727,4.9999240347456295,1.5306366682052612,0,continue,3.871001597442183,0
67,33,0,-0.31614119233685745,0.8727,5.02392854823776,1.5428961515426636,0,continue,3.5548604051053254,0
67,34,0,-0.4760111974708142,0.8727,5.078842819908981,1.561772108078003,0,continue,3.0788492076345113,0
67,35,0,-0.48224440524972545,0.8727,5.136161723055259,1.5757007598876953,0,continue,2.596604802384786,0
67,36,0,-0.4157753920263553,0.8727,5.1775223053285355,1.5751391649246216,0,continue,2.1808294103584305,0
67,37,0,-0.2346075638853857,0.8727,5.183721447175726,1.5830193758010864,0,continue,1.9462218464730447,0
67,38,0,-0.5107341134187127,0.8727,5.24735351828626,1.5967928171157837,0,continue,1.435487733054332,0
67,39,0,-0.563252202799547,0.8727,5.3195895401087085,1.623095154762268,0,continue,0.8722355302547851,0
67,40,0,-0.6358963337427053,0.8727,5.407777950597342,1.631964921951294,0,continue,0.2363391965120798,0
67,41,0,-0.394110512318128,0.8727,5.4459233197200705,1.6404236555099487,0,continue,-0.1577713158060482,0
67,42,2,-0.5433595115886249,0.8727,5.514070363595543,1.496424674987793,0,continue,-0.7011308273946731,0
67,43,2,-0.44451161905637626,0.8727,5.562607520653427,1.3946359157562256,0,continue,-1.1456424464510495,0
67,44,1,-0.7349964802663684,0.8727,5.606686776193496,1.3084849119186401,0,continue,-1.880638926717418,0
67,45,0,-0.5913581732689761,0.8727,5.671635063220908,1.1750972270965576,0,continue,-2.4719970999863943,0
67,46,0,0.2770135317244609,0.8727,5.701139349052414,1.073045015335083,0,continue,-2.194983568261933,0
67,47,0,-0.29370021016181724,0.8727,5.718214372854261,1.0369815826416016,0,continue,-2.4886837784237503,0
67,48,1,-0.8559485462522207,0.8727,5.84665247526342,0.9488457441329956,0,continue,-3.3446323246759713,0
67,49,0,-0.5977376736780278,0.8727,5.968340896196014,0.8719053268432617,0,continue,-3.942369998353999,0
67,50,0,-1.285751079453134,0.8727,6.083279169364122,0.8690106868743896,0,continue,-5.228121077807133,0
67,51,2,-0.6019440749890878,0.8727,6.162523603247539,0.8188216686248779,0,continue,-5.83006515279622,0
67,52,2,-0.5043390818751774,0.8727,6.221604046187672,0.7462334036827087,0,continue,-6.334404234671398,0
67,53,2,-1.442944477854297,0.8727,6.292084228179609,0.6647700071334839,0,continue,-7.777348712525695,0
67,54,0,-0.9077587194303578,0.8727,6.361356993165957,0.5579147338867188,0,continue,-8.685107431956054,0
67,55,2,-0.3216374271826945,0.8727,6.380072849164131,0.5143122673034668,0,continue,-9.006744859138749,0
67,56,2,-0.5686693840482584,0.8727,6.449221120280512,0.45618781447410583,0,continue,-9.575414243187007,0
67,57,0,-1.7106394159591338,0.8727,6.550951392493096,0.402802050113678,0,continue,-11.286053659146141,0
67,58,1,-0.7846240551944121,0.8727,6.653092343864661,0.3890437185764313,0,continue,-12.070677714340553,0
67,59,1,-0.8653525853075359,0.8727,6.770905802850854,0.3866885304450989,0,continue,-12.936030299648088,0
67,60,0,-1.8304337012723186,0.8727,6.818052247609225,0.40525445342063904,0,continue,-14.766464000920408,0
67,61,1,-0.6091929428192769,0.8727,6.891038073115069,0.42117223143577576,0,continue,-15.375656943739685,0
67,62,0,-1.8424685343469878,0.8727,6.949961390716036,0.421517550945282,0,continue,-17.218125478086673,0
67,63,0,-1.7716696504427583,0.8727,7.0026289353280236,0.4205806851387024,0,continue,-18.98979512852943,0
67,64,0,-1.9584969633005136,0.8727,7.127988293681956,0.42703571915626526,0,continue,-20.948292091829945,0
67,65,0,-0.8315090070926763,0.8727,7.226495374274479,0.438627690076828,0,continue,-21.779801098922622,0
67,66,0,-0.4190605784396164,0.8727,7.308069187203788,0.42518308758735657,0,continue,-22.19886167736224,0
67,67,0,-2.194513049927078,0.8727,7.442901647025653,0.34117937088012695,0,continue,-24.393374727289316,0
67,68,2,-0.6069246218173296,0.8727,7.489932399456199,0.30533868074417114,0,continue,-25.000299349106648,0
67,69,0,-1.1677345152382663,0.8727,7.563938818799675,0.26294878125190735,0,continue,-26.168033864344913,0
67,70,0,-2.3964291800852195,0.8727,7.592409501679282,0.2047170102596283,0,continue,-28.564463044430134,0
67,71,1,-30.39081913230193,0.8727,7.541486545648476,0.1325748711824417,1,crush,-58.95528217673207,0
68,1,0,-1.0363857884140886,0.8708,3.24592569821622,0.11999999731779099,0,continue,-1.0363857884140886,0
68,2,1,-0.468500444460058,0.8708,3.2459264727959534,0.11999999731779099,0,continue,-1.5048862328741466,0
68,3,0,-0.9754669188316629,0.8708,3.2459274824187596,0.11999999731779099,0,continue,-2.4803531517058097,0
68,4,0,-30.999752919333705,0.8708,3.2459285663534647,0.11999999731779099,1,crush,-33.480106071039515,0
69,1,2,0.0,0.8689,5.850490799213425,1.055899977684021,0,continue,0.0,0
69,2,0,-0.0004284257288081905,0.8689,5.850270669027408,1.0592559576034546,0,continue,-0.0004284257288081905,0
69,3,1,0.38382394103040063,0.8689,5.805505924239713,1.0621984004974365,0,continue,0.38339551530159244,0
69,4,0,0.3278395858000472,0.8689,5.729091701772874,1.050747275352478,0,continue,0.7112351011016396,0
69,5,0,0.6573037646545862,0.8689,5.593337186255204,1.0487866401672363,0,continue,1.3685388657562259,0
69,6,0,0.223975687583776,0.8689,5.550975029544829,1.0834555625915527,0,continue,1.5925145533400018,0
69,7,0,0.2701588188927226,0.8689,5.496174312478165,1.1076081991195679,0,continue,1.8626733722327244,0
69,8,1,0.31262359907177506,0.8689,5.437200819575839,1.1941723823547363,0,continue,2.1752969713044994,0
69,9,2,-0.13831617121235887,0.8689,5.393782785240787,1.3178859949111938,0,continue,2.0369808000921403,0
69,10,0,0.013155947164351835,0.8689,5.386245297506142,1.37703275680542,0,continue,2.050136747256492,0
69,11,0,0.18166084633416416,0.8689,5.36123092947644,1.4642399549484253,0,continue,2.231797593590656,0
69,12,0,0.3716889367421919,0.8689,5.330380129999934,1.5233440399169922,0,continue,2.603486530332848,0
69,13,1,0.21860916135562816,0.8689,5.321332068072789,1.5569576025009155,0,continue,2.8220956916884763,0
69,14,1,0.2861384821277821,0.8689,5.298212685869828,1.5610276460647583,0,continue,3.108234173816258,0
69,15,0,-0.032243176092193536,0.8689,5.270541135039433,1.6078922748565674,0,continue,3.0759909977240647,0
69,16,0,0.14397987693630165,0.8689,5.25900758892185,1.6273417472839355,0,continue,3.2199708746603664,0
69,17,0,0.06113916245907944,0.8689,5.243846239671867,1.690065860748291,0,continue,3.2811100371194457,0
69,18,0,0.07334582317618128,0.8689,5.2317555288661275,1.7180036306381226,0,continue,3.354455860295627,0
69,19,1,0.11949043320357829,0.8689,5.224665213598597,1.765198826789856,0,continue,3.473946293499205,0
69,20,1,0.09481915460187498,0.8689,5.220691772610616,1.7816905975341797,0,continue,3.56876544810108,0
69,21,0,0.04545362577656905,0.8689,5.217961674831163,1.81405508518219,0,continue,3.614219073877649,0
69,22,0,0.029621227693874794,0.8689,5.21762699643839,1.877056360244751,0,continue,3.643840301571524,0
69,23,0,-0.008624975110632737,0.8689,5.218338977683232,1.8880975246429443,0,continue,3.6352153264608913,0
69,24,0,-0.12151286929266926,0.8689,5.229187195271177,1.9104851484298706,0,continue,3.513702457168222,0
69,25,2,-0.30352973281977785,0.8689,5.276355768954935,1.9192042350769043,0,continue,3.210172724348444,0
69,26,0,-0.2765539281513476,0.8689,5.317885678370989,1.8990681171417236,0,continue,2.9336187961970963,0
69,27,2,-0.3262673838408334,0.8689,5.380564344468035,1.8703643083572388,0,continue,2.607351412356263,0
69,28,0,-0.4913547696055973,0.8689,5.434910626284458,1.8678967952728271,0,continue,2.1159966427506656,0
69,29,2,-0.2600295291671705,0.8689,5.442341948194813,1.8902513980865479,0,continue,1.8559671135834952,0
69,30,0,-0.5527870946340818,0.8689,5.489852379317736,1.903903603553772,0,continue,1.3031800189494134,0
69,31,2,-0.45879775883903023,0.8689,5.541532892382886,1.8998445272445679,0,continue,0.8443822601103832,0
69,32,1,-0.6240322513296443,0.8689,5.566227888200308,1.8813676834106445,0,continue,0.22035000878073885,0
69,33,0,-0.5342832455754003,0.8689,5.625357828423945,1.889325499534607,0,continue,-0.31393323679466145,0
69,34,0,-0.5151032587844471,0.8689,5.66557109483545,1.7606204748153687,0,continue,-0.8290364955791085,0
69,35,0,-0.39003747191626864,0.8689,5.70891348236062,1.6927971839904785,0,continue,-1.2190739674953772,0
69,36,1,-0.5244964536114836,0.8689,5.772901012507686,1.5903325080871582,0,continue,-1.7435704211068608,0
69,37,1,-0.34841176050010125,0.8689,5.802382178802539,1.443738579750061,0,continue,-2.091982181606962,0
69,38,0,-0.4105659330943607,0.8689,5.843596556840453,1.4248398542404175,0,continue,-2.5025481147013227,0
69,39,1,-0.5304337327347688,0.8689,5.899418247957331,1.2940549850463867,0,continue,-3.0329818474360914,0
69,40,1,-0.379669613498848,0.8689,5.926898670915174,1.193416714668274,0,continue,-3.4126514609349394,0
69,41,2,-0.5634962620591158,0.8689,5.938244332855337,1.1361333131790161,0,continue,-3.9761477229940554,0
69,42,0,-0.013183867563522661,0.8689,5.998258751351359,1.0705019235610962,0,continue,-3.989331590557578,0
69,43,0,-1.9110744380814666,0.8689,6.0877555143463695,1.0003483295440674,0,continue,-5.900406028639044,0
69,44,1,-0.6149776951424861,0.8689,6.160152815439292,0.9707515239715576,0,continue,-6.515383723781531,0
69,45,0,-0.2141617677518926,0.8689,6.170515069126256,0.9168967604637146,0,continue,-6.729545491533424,0
69,46,0,-1.5764135431785036,0.8689,6.306649715094609,0.846677839756012,0,continue,-8.305959034711927,0
69,47,0,-0.9516648123779594,0.8689,6.417563199868187,0.8209996819496155,0,continue,-9.257623847089887,0
69,48,0,-0.74863214086063,0.8689,6.520382138551829,0.8219101428985596,0,continue,-10.006255987950517,0
69,49,0,-0.20388305361838455,0.8689,6.526513435194175,0.8421681523323059,0,continue,-10.210139041568901,0
69,50,0,-0.8237713640121174,0.8689,6.646837914553727,0.8592409491539001,0,continue,-11.033910405581018,0
69,51,0,-0.7992037245674999,0.8689,6.7674031838749515,0.8658941984176636,0,continue,-11.833114130148518,0
69,52,0,-0.6184502532238046,0.8689,6.8510090918546815,0.8760567903518677,0,continue,-12.451564383372322,0
69,53,0,-0.9839838078005438,0.8689,7.010529932805657,0.8740474581718445,0,continue,-13.435548191172865,0
69,54,0,-0.5435390357985037,0.8689,7.0797998343098945,0.8838045001029968,0,continue,-13.97908722697137,0
69,55,0,-1.005866646239899,0.8689,7.242022167696657,0.7467786073684692,0,continue,-14.984953873211268,0
69,56,0,-0.5172655441752497,0.8689,7.306951087363162,0.6162980794906616,0,continue,-15.502219417386517,0
69,57,2,-0.6320867408972417,0.8689,7.380764837314466,0.4877605140209198,0,continue,-16.13430615828376,0
69,58,0,-0.5779880514311067,0.8689,7.419359869715536,0.3416580259799957,0,continue,-16.712294209714866,0
69,59,0,-0.6306415644203149,0.8689,7.421803094801419,0.2844414710998535,0,continue,-17.34293577413518,0
69,60,0,-0.8355512390571214,0.8689,7.42210222401703,0.23041164875030518,0,continue,-18.178487013192303,0
69,61,2,-30.637098807837244,0.8689,7.42560524850283,0.14693142473697662,1,crush,-48.81558582102954,0
70,1,0,-1.0283126075001634,0.867,3.7406053401208808,0.11999999731779099,0,continue,-1.0283126075001634,0
70,2,0,-1.0050553922192265,0.867,3.740606171680345,0.11999999731779099,0,continue,-2.03336799971939,0
70,3,0,-0.9769277954469568,0.867,3.7403416115448374,0.11999999731779099,0,continue,-3.010295795166347,0
70,4,0,-31.025966052929054,0.867,3.740344131088186,0.11999999731779099,1,crush,-34.0362618480954,0
71,1,1,0.002437889575958252,0.8651,6.000288239531174,0.8995919823646545,0,continue,0.002437889575958252,0
71,2,0,-0.0004069079616387583,0.8651,6.000288682409448,0.9016032218933105,0,continue,0.0020309816143194936,0
71,3,0,0.19535130831829886,0.8651,5.961117123197747,0.9061115384101868,0,continue,0.19738228993261836,0
71,4,2,0.1053358585580261,0.8651,5.933988596954194,0.9042899012565613,0,continue,0.3027181484906445,0
71,5,0,0.633872011391082,0.8651,5.806429401845911,0.9041885733604431,0,continue,0.9365901598817264,0
71,6,0,0.5546252074757799,0.8651,5.691027168425596,0.9034727215766907,0,continue,1.4912153673575064,0
71,7,0,0.18527596372655794,0.8651,5.657364215635453,0.9460828900337219,0,continue,1.6764913310840643,0
71,8,1,0.6076101921859948,0.8651,5.544238753329861,0.9884438514709473,0,continue,2.284101523270059,0
71,9,1,0.6101393247522617,0.8651,5.431315782985894,1.1260987520217896,0,continue,2.8942408480223207,0
71,10,0,0.3274214945625781,0.8651,5.374941517473407,1.2121500968933105,0,continue,3.221662342584899,0
71,11,0,0.3323046097859986,0.8651,5.309226698806144,1.2759968042373657,0,continue,3.5539669523708977,0
71,12,1,0.3512728235187093,0.8651,5.241301555890055,1.3713734149932861,0,continue,3.905239775889607,0
71,13,0,0.15692576387678442,0.8651,5.211399611043688,1.481439232826233,0,continue,4.062165539766392,0
71,14,1,0.5855252929434449,0.8651,5.10110630049355,1.5326510667800903,0,continue,4.647690832709837,0
71,15,0,0.49591978857289526,0.8651,5.006694662310115,1.599869728088379,0,continue,5.143610621282733,0
71,16,0,0.28774739548610595,0.8651,4.949553399030788,1.6566107273101807,0,continue,5.431358016768838,0
71,17,0,0.6080315362433807,0.8651,4.827332210802457,1.683628797531128,0,continue,6.039389553012219,0
71,18,0,0.3291184730588188,0.8651,4.772689433999364,1.8137286901474,0,continue,6.368508026071038,0
71,19,0,0.5624599289263327,0.8651,4.668350796552473,1.8956005573272705,0,continue,6.930967954997371,0
71,20,0,0.5850191944609019,0.8651,4.554136424876078,1.8804171085357666,0,continue,7.515987149458272,0
71,21,0,0.44418177340869336,0.8651,4.474053708508959,1.7980746030807495,0,continue,7.960168922866965,0
71,22,2,0.03429315657199352,0.8651,4.467042773896017,1.7427397966384888,0,continue,7.994462079438959,0
71,23,1,0.024975408352686246,0.8651,4.399428185649272,1.6066818237304688,0,continue,8.019437487791645,0
71,24,0,0.3213511231568103,0.8651,4.334501904609906,1.5223106145858765,0,continue,8.340788610948456,0
71,25,0,0.3047231173069501,0.8651,4.270818102988358,1.4486972093582153,0,continue,8.645511728255407,0
71,26,0,0.09317429744207303,0.8651,4.248633517465893,1.4109915494918823,0,continue,8.73868602569748,0
71,27,1,0.2352376980774785,0.8651,4.199651606067477,1.3658496141433716,0,continue,8.973923723774957,0
71,28,0,0.17540075308446718,0.8651,4.15773405330021,1.3178690671920776,0,continue,9.149324476859425,0
71,29,0,0.0023266233458137595,0.8651,4.151879393602336,1.2342406511306763,0,continue,9.151651100205239,0
71,30,1,0.15051039155610757,0.8651,4.118254664075354,1.210091233253479,0,continue,9.302161491761346,0
71,31,0,0.4271778211702941,0.8651,4.053705741804178,1.1448369026184082,0,continue,9.729339312931641,0
71,32,1,0.12397003513582934,0.8651,4.025292117335759,1.095048427581787,0,continue,9.853309348067471,0
71,33,0,0.02622349678991468,0.8651,4.01631119877589,1.083972454071045,0,continue,9.879532844857385,0
71,34,1,0.24130813084944536,0.8651,3.9677383196981744,1.024441123008728,0,continue,10.12084097570683,0
71,35,1,0.16984193634110786,0.8651,3.931603480502949,0.9719834327697754,0,continue,10.290682912047938,0
71,36,0,0.09200872271398249,0.8651,3.900456415317567,0.9555548429489136,0,continue,10.38269163476192,0
71,37,0,0.1180200692332165,0.8651,3.8851176096445506,0.908826470375061,0,continue,10.500711703995137,0
71,38,0,-0.21904711331718946,0.8651,3.884746366986447,0.8409746289253235,0,continue,10.281664590677947,0
71,39,1,-0.2989419567518261,0.8651,3.9323772203302574,0.7812777161598206,0,continue,9.982722633926121,0
71,40,0,-0.27283108137646545,0.8651,3.945734682177183,0.7327394485473633,0,continue,9.709891552549657,0
71,41,0,-0.5702266684564107,0.8651,4.019302430529937,0.7096112966537476,0,continue,9.139664884093246,0
71,42,2,-0.5844169886036399,0.8651,4.136185828250665,0.7143073678016663,0,continue,8.555247895489607,0
71,43,0,-0.5247091528663196,0.8651,4.2268451032437895,0.7285107970237732,0,continue,8.030538742623287,0
71,44,0,-0.4161690191724759,0.8651,4.311643157070655,0.7381196618080139,0,continue,7.614369723450811,0
71,45,0,-0.31640919002835116,0.8651,4.340212240267706,0.8127387762069702,0,continue,7.29796053342246,0
71,46,0,-0.2918721835474595,0.8651,4.36206609558509,0.8576645255088806,0,continue,7.006088349875,0
71,47,1,-0.4954667438934433,0.8651,4.41536937481178,0.9134060144424438,0,continue,6.510621605981557,0
71,48,1,-0.528223710031203,0.8651,4.47115219647619,0.9735814929008484,0,continue,5.982397895950354,0
71,49,0,-1.4114678560461087,0.8651,4.5352242578980855,0.9992032051086426,0,continue,4.570930039904245,0
71,50,0,-0.4194472560701491,0.8651,4.571681288951509,1.0156201124191284,0,continue,4.151482783834096,0
71,51,0,-0.3703437962121255,0.8651,4.6048933147394315,1.0299451351165771,0,continue,3.7811389876219703,0
71,52,0,-0.7201512749992267,0.8651,4.714839441363338,1.0670875310897827,0,continue,3.060987712622744,0
71,53,0,-0.7469220919712194,0.8651,4.826414791272627,1.1487387418746948,0,continue,2.314065620651524,0
71,54,0,-0.6939803099297286,0.8651,4.929328058314515,1.1816164255142212,0,continue,1.6200853107217956,0
71,55,1,-0.34969799508320365,0.8651,4.95891260218244,1.1956462860107422,0,continue,1.270387315638592,0
71,56,0,-0.6584657354724495,0.8651,5.058521112526134,1.2984987497329712,0,continue,0.6119215801661426,0
71,57,0,-0.817547246363258,0.8651,5.196864125092021,1.4507358074188232,0,continue,-0.20562566619711542,0
71,58,0,-0.7180065203407748,0.8651,5.3105487469904755,1.5798603296279907,0,continue,-0.9236321865378903,0
71,59,0,-0.3733290478011624,0.8651,5.35353403837441,1.6679608821868896,0,continue,-1.2969612343390526,0
71,60,1,-0.8507116215727417,0.8651,5.48362544234559,1.8070875406265259,0,continue,-2.1476728559117944,0
71,61,0,-0.7659569751248738,0.8651,5.6054181069144065,1.9061064720153809,0,continue,-2.913629831036668,0
71,62,1,-0.9418127765186755,0.8651,5.7535483916423225,1.9246690273284912,0,continue,-3.855442607555344,0
71,63,2,-0.6345587716659232,0.8651,5.780443858584569,1.8307923078536987,0,continue,-4.490001379221267,0
71,64,1,-0.5914426715695014,0.8651,5.798718996739942,1.693266749382019,0,continue,-5.081444050790768,0
71,65,2,-1.1039799768437648,0.8651,5.919329643681895,1.589928150177002,0,continue,-6.185424027634533,0
71,66,0,-0.7451043004732498,0.8651,6.0417387497472275,1.455215573310852,0,continue,-6.930528328107783,0
71,67,0,-0.7281169796018954,0.8651,6.1486056859799225,1.4355416297912598,0,continue,-7.658645307709679,0
71,68,0,-0.3057767091452383,0.8651,6.17460537636255,1.368809461593628,0,continue,-7.964422016854917,0
71,69,0,-0.7750208208046534,0.8651,6.286970040193397,1.2679567337036133,0,continue,-8.73944283765957,0
71,70,0,-0.7663082034775919,0.8651,6.400972052985003,1.1640163660049438,0,continue,-9.505751041137163,0
71,71,0,-0.6468123426123753,0.8651,6.489702422633894,1.0431277751922607,0,continue,-10.152563383749538,0
71,72,2,-0.5468176119610133,0.8651,6.558998640216052,1.0300196409225464,0,continue,-10.699380995710552,0
71,73,2,-0.771567952128255,0.8651,6.673202571900037,0.8759221434593201,0,continue,-11.470948947838806,0
71,74,0,-0.8243529746775282,0.8651,6.79550736721018,0.760170042514801,0,continue,-12.295301922516334,0
71,75,0,-0.37911550926383497,0.8651,6.833100335992359,0.6988686323165894,0,continue,-12.674417431780169,0
71,76,2,-0.7210489231746384,0.8651,6.937224285143769,0.6175224781036377,0,continue,-13.395466354954808,0
71,77,0,-0.6877288816049592,0.8651,7.034126038431737,0.5215993523597717,0,continue,-14.083195236559767,0
71,78,0,-0.6634856543798064,0.8651,7.1134592939903705,0.40613868832588196,0,continue,-14.746680890939574,0
71,79,0,-0.32972202467696216,0.8651,7.1198290472159655,0.3705010414123535,0,continue,-15.076402915616537,0
71,80,1,-0.32304041611453077,0.8651,7.12047552706677,0.3529789447784424,0,continue,-15.399443331731067,0
71,81,0,-0.7316208814777827,0.8651,7.120616325979288,0.24661855399608612,0,continue,-16.13106421320885,0
71,82,0,-31.14869324443054,0.8651,7.121301632577995,0.15835925936698914,1,crush,-47.27975745763939,0
72,1,0,-1.0794801784083665,0.8632,3.900391061157555,0.12001043558120728,0,continue,-1.0794801784083665,0
72,2,1,-0.46960403913831494,0.8632,3.900495181842852,0.11999999731779099,0,continue,-1.5490842175466815,0
72,3,0,-1.033079470830301,0.8632,3.8999219472132864,0.11999999731779099,0,continue,-2.5821636883769825,0
72,4,0,-31.0493659111056,0.8632,3.9001432348544887,0.11999999731779099,1,crush,-33.63152959948258,0
73,1,1,0.01290273666381836,0.8613,5.094180256467953,1.8446052074432373,0,continue,0.01290273666381836,0
73,2,2,-0.29935194891452305,0.8613,5.094050402870246,1.8488538265228271,0,continue,-0.2864492122507047,0
73,3,0,0.1372400232595805,0.8613,5.0618075324877205,1.85209059715271,0,continue,-0.14920918899112418,0
73,4,0,0.10546392269726253,0.8613,5.037405726894571,1.8592725992202759,0,continue,-0.04374526629386165,0
73,5,2,0.1388269804247026,0.8613,4.997341761081013,1.840907096862793,0,continue,0.09508171413084095,0
73,6,0,0.10706578988184573,0.8613,4.964582580763392,1.8508639335632324,0,continue,0.20214750401268666,0
73,7,0,0.3075610177635375,0.8613,4.91417249364507,1.894862174987793,0,continue,0.5097085217762242,0
73,8,0,0.6089899301951984,0.8613,4.802489999314924,1.9369317293167114,0,continue,1.1186984519714227,0
73,9,0,0.09780032811360558,0.8613,4.739921905099549,1.8875808715820312,0,continue,1.2164987800850282,0
73,10,0,0.38927230039711547,0.8613,4.668448594318404,1.8860307931900024,0,continue,1.6057710804821437,0
73,11,0,0.5025780195295972,0.8613,4.567399534570849,1.8251981735229492,0,continue,2.1083491000117407,0
73,12,0,0.2790121546724373,0.8613,4.5205029292108625,1.6826714277267456,0,continue,2.387361254684178,0
73,13,0,0.3119014039117214,0.8613,4.459723042241959,1.63461172580719,0,continue,2.6992626585958996,0
73,14,1,0.3503993951349867,0.8613,4.377829742873127,1.522244930267334,0,continue,3.0496620537308865,0
73,15,0,0.14815617321397745,0.8613,4.349398983671875,1.3928741216659546,0,continue,3.197818226944864,0
73,16,0,0.5167960821738007,0.8613,4.245165652751015,1.3756335973739624,0,continue,3.714614309118665,0
73,17,1,0.9027548479173911,0.8613,4.064530903172295,1.2369415760040283,0,continue,4.617369157036056,0
73,18,0,0.35625143266202586,0.8613,3.9930831731622347,1.2252546548843384,0,continue,4.973620589698082,0
73,19,2,0.6217230160462335,0.8613,3.8673924577350647,1.1128554344177246,0,continue,5.595343605744315,0
73,20,2,0.7607924781942789,0.8613,3.714638037450961,0.9631168246269226,0,continue,6.356136083938594,0
73,21,0,0.5863353203590262,0.8613,3.5982641959240502,0.9022040367126465,0,continue,6.9424714042976206,0
73,22,0,0.044705087766556066,0.8613,3.5968362921474086,0.8058686852455139,0,continue,6.987176492064177,0
73,23,0,0.40355289246304393,0.8613,3.525370159700842,0.7198324203491211,0,continue,7.390729384527221,0
73,24,0,0.6362659888835928,0.8613,3.4086837835922905,0.5712268948554993,0,continue,8.026995373410815,0
73,25,1,0.6709269338173356,0.8613,3.273988788201327,0.4917849898338318,0,continue,8.69792230722815,0
73,26,2,0.2261496175512168,0.8613,3.1613189616045445,0.4400913119316101,0,continue,8.924071924779367,0
73,27,0,-0.14420933585240558,0.8613,3.1612685475240148,0.3573334515094757,0,continue,8.779862588926962,0
73,28,1,-0.22942661277606827,0.8613,3.155572665455577,0.2549329996109009,0,continue,8.550435976150894,0
73,29,0,-31.218980388246244,0.8613,3.162779435741014,0.11999999731779099,1,crush,-22.66854441209535,0
74,1,0,-1.006767629477588,0.8594,3.1764215852372075,0.11999999731779099,0,continue,-1.006767629477588,0
74,2,0,-1.0419896449579957,0.8594,3.1764228231259986,0.11999999731779099,0,continue,-2.0487572744355838,0
74,3,0,-0.9672235518365061,0.8594,3.1764238772391455,0.11999999731779099,0,continue,-3.0159808262720897,0
74,4,2,-30.468506217872758,0.8594,3.176425372120549,0.11999999731779099,1,crush,-33.48448704414485,0
75,1,0,0.0,0.8575,5.851960577904079,1.0378769636154175,0,continue,0.0,0
75,2,0,0.03082767980469565,0.8575,5.845901249056352,1.055853247642517,0,continue,0.03082767980469565,0
75,3,0,0.6235703102715935,0.8575,5.721299182048383,1.0515789985656738,0,continue,0.6543979900762892,0
75,4,0,0.03770388539657765,0.8575,5.71339805946204,1.0470545291900635,0,continue,0.6921018754728668,0
75,5,0,0.43838741591503233,0.8575,5.623020097406772,1.0606377124786377,0,continue,1.1304892913878992,0
75,6,2,0.6982026303509601,0.8575,5.516931315428954,1.10386061668396,0,continue,1.8286919217388593,0
75,7,0,0.5531886096186874,0.8575,5.411213600204224,1.1884922981262207,0,continue,2.3818805313575466,0
75,8,2,0.6057483329038432,0.8575,5.32393103329898,1.1926876306533813,0,continue,2.98762886426139,0
75,9,2,0.23983001593255987,0.8575,5.312850423076093,1.2778240442276,0,continue,3.2274588801939497,0
75,10,1,-0.07954457287370086,0.8575,5.268678407297211,1.4128937721252441,0,continue,3.147914307320249,0
75,11,1,0.44132437684385994,0.8575,5.179999219616202,1.5016911029815674,0,continue,3.589238684164109,0
75,12,0,0.5368756747493787,0.8575,5.077442373095677,1.5829921960830688,0,continue,4.126114358913488,0
75,13,1,0.43389531795163866,0.8575,4.990335219564547,1.6029701232910156,0,continue,4.560009676865127,0
75,14,1,0.11157644858692232,0.8575,4.967920816067972,1.6622720956802368,0,continue,4.671586125452049,0
75,15,0,0.2115591176531039,0.8575,4.932306521210555,1.735722303390503,0,continue,4.883145243105153,0
75,16,0,0.543224369759001,0.8575,4.832587272081933,1.8806509971618652,0,continue,5.426369612864153,0
75,17,0,0.5642293356173128,0.8575,4.727084465299722,1.907401204109192,0,continue,5.990598948481466,0
75,18,0,0.2242632599504801,0.8575,4.684612883002485,1.906984806060791,0,continue,6.2148622084319465,0
75,19,0,0.39700950844507843,0.8575,4.609237201434181,1.8339487314224243,0,continue,6.611871716877025,0
75,20,1,0.5441307207244269,0.8575,4.51379596286371,1.717637062072754,0,continue,7.156002437601452,0
75,21,0,0.4394560648942087,0.8575,4.432435961454022,1.6315810680389404,0,continue,7.595458502495661,0
75,22,2,0.1206017278315911,0.8575,4.407988783972577,1.575042724609375,0,continue,7.716060230327252,0
75,23,1,-0.03929212005244026,0.8575,4.358462245450364,1.448884129524231,0,continue,7.6767681102748115,0
75,24,1,0.09478594943025379,0.8575,4.336937278655084,1.3737528324127197,0,continue,7.771554059705065,0
75,25,0,0.0765187188995657,0.8575,4.3239794147985275,1.286346673965454,0,continue,7.848072778604631,0
75,26,0,0.2426055929522648,0.8575,4.284998258822903,1.2072726488113403,0,continue,8.090678371556896,0
75,27,0,0.07537286335744238,0.8575,4.269268178437331,1.154931902885437,0,continue,8.166051234914338,0
75,28,0,-0.01999698602272044,0.8575,4.268843540190936,1.109870195388794,0,continue,8.146054248891618,0
75,29,0,0.02261599166663842,0.8575,4.262237336710958,1.0304296016693115,0,continue,8.168670240558257,0
75,30,1,-0.24175270416274727,0.8575,4.296346122152097,0.9737859964370728,0,continue,7.926917536395509,0
75,31,0,-0.21722780458212063,0.8575,4.333275752365506,0.9737333059310913,0,continue,7.709689731813389,0
75,32,0,0.008557394134596712,0.8575,4.33395951022219,0.9331291913986206,0,continue,7.718247125947985,0
75,33,1,-0.24282641389564774,0.8575,4.380819650406059,0.9129369854927063,0,continue,7.475420712052338,0
75,34,0,-1.4011882041520434,0.8575,4.444839790348262,0.9075227379798889,0,continue,6.074232507900295,0
75,35,1,-1.256418513158569,0.8575,4.519676345377313,0.9095266461372375,0,continue,4.817813994741726,0
75,36,1,-0.29729590766812547,0.8575,4.573135515514536,0.9249199628829956,0,continue,4.5205180870736,0
75,37,1,-0.4186607545369923,0.8575,4.653264428097212,0.9739295840263367,0,continue,4.101857332536608,0
75,38,1,-1.2346350571178588,0.8575,4.726081433973109,1.008468508720398,0,continue,2.867222275418749,0
75,39,1,-0.40018366249607,0.8575,4.7597135270409385,1.0720592737197876,0,continue,2.467038612922679,0
75,40,0,-0.23424517631288008,0.8575,4.77062895933719,1.0981526374816895,0,continue,2.232793436609799,0
75,41,1,-0.5026606279087105,0.8575,4.8296194102855186,1.1613795757293701,0,continue,1.7301328087010885,0
75,42,0,-0.43519185973564334,0.8575,4.880841327908574,1.2438066005706787,0,continue,1.2949409489654453,0
75,43,2,-0.31793727845119446,0.8575,4.896641317684686,1.2701648473739624,0,continue,0.9770036705142509,0
75,44,2,-0.29840740370211716,0.8575,4.9160916153461525,1.2944433689117432,0,continue,0.6785962668121337,0
75,45,0,-0.31960433704744307,0.8575,4.954532638474029,1.3311741352081299,0,continue,0.35899192976469063,0
75,46,2,-0.4186824856397422,0.8575,4.998110360070955,1.3624199628829956,0,continue,-0.059690555875051565,0
75,47,0,-0.3485032613879314,0.8575,5.0056060003959795,1.3555103540420532,0,continue,-0.408193817262983,0
75,48,0,-0.30327015262027973,0.8575,5.0265359325887395,1.3564398288726807,0,continue,-0.7114639698832628,0
75,49,1,-0.30080543964964457,0.8575,5.036269789285359,1.3259642124176025,0,continue,-1.0122694095329074,0
75,50,0,-0.23523774495093797,0.8575,5.033670258481869,1.3250939846038818,0,continue,-1.2475071544838454,0
75,51,0,-0.09431613216671537,0.8575,5.011755170236486,1.3135488033294678,0,continue,-1.3418232866505608,0
75,52,0,-0.18762202798640376,0.8575,4.981228678085797,1.3173092603683472,0,continue,-1.5294453146369646,0
75,53,0,-0.12471909391485833,0.8575,4.951777217839484,1.2993931770324707,0,continue,-1.654164408551823,0
75,54,0,-0.11108743791244646,0.8575,4.941436190291925,1.2725014686584473,0,continue,-1.7652518464642695,0
75,55,0,0.2570362723061099,0.8575,4.851749643558592,1.230712890625,0,continue,-1.5082155741581595,0
75,56,0,-0.22945628897306028,0.8575,4.773949009736649,1.1911689043045044,0,continue,-1.7376718631312198,0
75,57,0,-0.38356772696276975,0.8575,4.73799501626202,1.1408380270004272,0,continue,-2.1212395900939898,0
75,58,2,0.21174545233620862,0.8575,4.654094593555996,1.1076854467391968,0,continue,-1.9094941377577812,0
75,59,0,0.43445454340148687,0.8575,4.5794021361821216,0.9747541546821594,0,continue,-1.4750395943562944,0
75,60,2,0.3480328729240325,0.8575,4.509756371191746,0.8944615721702576,0,continue,-1.1270067214322619,0
75,61,2,0.022106364177034377,0.8575,4.504878696300417,0.823102593421936,0,continue,-1.1049003572552274,0
75,62,1,0.12061640452335919,0.8575,4.420208830519084,0.7221584320068359,0,continue,-0.9842839527318682,0
75,63,2,0.08243403125745886,0.8575,4.343412390097278,0.5655734539031982,0,continue,-0.9018499214744093,0
75,64,0,0.3378902168118602,0.8575,4.2739072305578905,0.5224726796150208,0,continue,-0.5639597046625491,0
75,65,1,0.2233892002721713,0.8575,4.228029156863824,0.47100764513015747,0,continue,-0.3405705043903778,0
75,66,0,-0.05257897825561061,0.8575,4.220199425156455,0.3849024772644043,0,continue,-0.39314948264598837,0
75,67,0,-0.29197877066615663,0.8575,4.205307998527006,0.2919994294643402,0,continue,-0.685128253312145,0
75,68,0,-30.76354755051742,0.8575,4.206332184327734,0.1972385197877884,1,crush,-31.448675803829563,0
76,1,0,0.0,0.8556,6.584195972535906,0.97418612241745,0,continue,0.0,0
76,2,0,0.00720527140759244,0.8556,6.585047367893672,0.9679562449455261,0,continue,0.00720527140759244,0
76,3,1,-0.6101374506704449,0.8556,6.7069552090133895,0.966637909412384,0,continue,-0.6029321792628525,0
76,4,1,-0.13109470058298972,0.8556,6.733108124078758,0.9690437912940979,0,continue,-0.7340268798458423,0
76,5,0,-0.6048735357233296,0.8556,6.85394983979351,0.9713046550750732,0,continue,-1.3389004155691717,0
76,6,0,-0.5005227254917398,0.8556,6.956055241457771,0.9297546148300171,0,continue,-1.8394231410609114,0
76,7,0,-0.15131041913112891,0.8556,6.9923492165082575,0.8736085891723633,0,continue,-1.9907335601920404,0
76,8,0,-0.37421517121443115,0.8556,7.063443012060031,0.8042241930961609,0,continue,-2.3649487314064714,0
76,9,0,-0.19604022753879402,0.8556,7.098646760713868,0.7384915947914124,0,continue,-2.5609889589452655,0
76,10,2,-0.01973567927959321,0.8556,7.102002205147093,0.6696407794952393,0,continue,-2.5807246382248588,0
76,11,0,-0.24921256824909496,0.8556,7.155581680414296,0.6258201599121094,0,continue,-2.8299372064739536,0
76,12,2,-0.2517954930927827,0.8556,7.190853337842751,0.5586040019989014,0,continue,-3.0817326995667362,0
76,13,0,-0.17460171226607227,0.8556,7.193995933618567,0.5430238246917725,0,continue,-3.2563344118328086,0
76,14,1,0.007993718460544221,0.8556,7.1862354487618605,0.5424371361732483,0,continue,-3.2483406933722643,0
76,15,0,-0.16719244991731158,0.8556,7.178687331670585,0.5086181163787842,0,continue,-3.4155331432895757,0
76,16,2,0.272397022231897,0.8556,7.135773242947625,0.5023317933082581,0,continue,-3.1431361210576787,0
76,17,0,-0.964146260673082,0.8556,7.10301310289703,0.5046995878219604,0,continue,-4.10728238173076,0
76,18,2,0.12483318215137373,0.8556,7.090413953420491,0.5455849170684814,0,continue,-3.9824491995793867,0
76,19,1,-0.1444444245455509,0.8556,7.059302838329601,0.529323935508728,0,continue,-4.126893624124937,0
76,20,1,0.10611484904472945,0.8556,7.038079868520655,0.5734290480613708,0,continue,-4.020778775080208,0
76,21,1,-0.0761915714612858,0.8556,7.013318182812912,0.5010343194007874,0,continue,-4.096970346541494,0
76,22,0,-0.06980287641398353,0.8556,6.986814066885591,0.4750479757785797,0,continue,-4.166773222955477,0
76,23,1,-0.18980239318543995,0.8556,6.976611959721169,0.4254939556121826,0,continue,-4.356575616140917,0
76,24,0,-0.13227201326457838,0.8556,6.948255541531266,0.3603667616844177,0,continue,-4.4888476294054955,0
76,25,1,-0.19248784309109282,0.8556,6.918137621274888,0.3313780426979065,0,continue,-4.681335472496588,0
76,26,2,-0.6474624298797454,0.8556,6.905127956262051,0.27229881286621094,0,continue,-5.328797902376333,0
76,27,0,-1.0709531370102863,0.8556,6.9314767895273235,0.20920854806900024,0,continue,-6.3997510393866195,0
76,28,0,-32.484076038505805,0.8556,6.962335173975934,0.14741070568561554,1,crush,-38.88382707789243,0
77,1,0,-1.1584954772325433,0.8537,3.1391636286417546,0.11999999731779099,0,continue,-1.1584954772325433,0
77,2,0,-1.155144440254213,0.8537,3.1390785406141886,0.11999999731779099,0,continue,-2.313639917486756,0
77,3,0,-1.1639026936216528,0.8537,3.139241083242304,0.11999999731779099,0,continue,-3.477542611108409,0
77,4,1,-30.469500906386408,0.8537,3.1394413189263526,0.11999999731779099,1,crush,-33.94704351749482,0
78,1,0,0.0,0.8518,5.832593132748723,1.0677428245544434,0,continue,0.0,0
78,2,0,0.2030805553053765,0.8518,5.791259826592915,1.07827627658844,0,continue,0.2030805553053765,0
78,3,0,0.48073784026384475,0.8518,5.693565996389268,1.0761216878890991,0,continue,0.6838183955692212,0
78,4,0,0.5124304746827218,0.8518,5.589235802318469,1.076703667640686,0,continue,1.1962488702519432,0
78,5,0,0.2893216251208707,0.8518,5.533103084420831,1.0693995952606201,0,continue,1.485570495372814,0
78,6,0,0.38595212378930466,0.8518,5.45907974192657,1.122183084487915,0,continue,1.8715226191621186,0
78,7,1,0.6849766897944392,0.8518,5.371248490448083,1.2355175018310547,0,continue,2.5564993089565577,0
78,8,2,-0.15805443277251374,0.8518,5.342553065726585,1.3227088451385498,0,continue,2.398444876184044,0
78,9,0,0.4435685821096597,0.8518,5.257265689141576,1.3786529302597046,0,continue,2.8420134582937036,0
78,10,1,0.6115407322233193,0.8518,5.1781932949148715,1.46841561794281,0,continue,3.453554190517023,0
78,11,0,0.4659474245382292,0.8518,5.0897686847306725,1.5496830940246582,0,continue,3.9195016150552524,0
78,12,0,0.12357417320162734,0.8518,5.0713902921685925,1.6015594005584717,0,continue,4.04307578825688,0
78,13,2,0.30279764708861556,0.8518,5.010543099004902,1.6773098707199097,0,continue,4.345873435345496,0
78,14,0,0.36343367482765176,0.8518,4.9411608893225765,1.709520936012268,0,continue,4.709307110173148,0
78,15,0,0.19717238677164492,0.8518,4.907303281241116,1.8078457117080688,0,continue,4.906479496944793,0
78,16,0,0.3224764441313178,0.8518,4.848441114143325,1.8665724992752075,0,continue,5.22895594107611,0
78,17,0,0.33825839249526823,0.8518,4.781688660284422,1.895961046218872,0,continue,5.567214333571378,0
78,18,0,0.3342253846426518,0.8518,4.721972939704608,1.8967756032943726,0,continue,5.90143971821403,0
78,19,0,0.21132363382664351,0.8518,4.685987576742997,1.8222869634628296,0,continue,6.112763352040674,0
78,20,0,0.24086170132261667,0.8518,4.63988579838315,1.7846803665161133,0,continue,6.353625053363291,0
78,21,0,0.4458606179101168,0.8518,4.559824139561439,1.6693940162658691,0,continue,6.799485671273407,0
78,22,0,0.4885921255204068,0.8518,4.471031508712482,1.5470739603042603,0,continue,7.288077796793814,0
78,23,0,0.3824596392570126,0.8518,4.395701331558083,1.5453561544418335,0,continue,7.670537436050827,0
78,24,1,0.15844726008935622,0.8518,4.36370520565511,1.4415675401687622,0,continue,7.828984696140183,0
78,25,1,0.17155448290299752,0.8518,4.326934410277569,1.3291629552841187,0,continue,8.00053917904318,0
78,26,0,0.13716828990661908,0.8518,4.298836920602893,1.2038421630859375,0,continue,8.137707468949799,0
78,27,0,-0.011275593436665905,0.8518,4.298075415842402,1.132132887840271,0,continue,8.126431875513132,0
78,28,0,-0.051502530886178496,0.8518,4.306660420171805,1.098395824432373,0,continue,8.074929344626954,0
78,29,2,0.3843587345538077,0.8518,4.294548089608936,1.0536564588546753,0,continue,8.45928807918076,0
78,30,0,-0.9982615140850406,0.8518,4.277399108492054,1.0001596212387085,0,continue,7.46102656509572,0
78,31,0,0.21777878802001063,0.8518,4.219510375800311,0.9860795140266418,0,continue,7.678805353115731,0
78,32,0,0.7874716781787009,0.8518,4.140405743101898,0.9637219309806824,0,continue,8.466277031294432,0
78,33,0,0.3731162306857448,0.8518,4.121437660064091,0.9343484044075012,0,continue,8.839393261980177,0
78,34,0,0.22972270914401213,0.8518,4.081700883089164,0.7873877286911011,0,continue,9.069115971124189,0
78,35,1,-0.16714981210508945,0.8518,4.1011423953932304,0.692551851272583,0,continue,8.9019661590191,0
78,36,0,-0.14786759424378926,0.8518,4.125884994574745,0.6546182632446289,0,continue,8.75409856477531,0
78,37,1,-0.053513268340054786,0.8518,4.134481935969125,0.5834553241729736,0,continue,8.700585296435255,0
78,38,0,-0.8310120428713061,0.8518,4.210691346897055,0.5451564788818359,0,continue,7.869573253563949,0
78,39,0,-0.8496784468443792,0.8518,4.3014835955425115,0.5396250486373901,0,continue,7.01989480671957,0
78,40,0,-0.7942243823996172,0.8518,4.3391303972047774,0.5287583470344543,0,continue,6.2256704243199525,0
78,41,0,-0.878629854661104,0.8518,4.439829000068303,0.5723193287849426,0,continue,5.347040569658849,0
78,42,0,-0.35755927601496124,0.8518,4.552439845508441,0.6625745892524719,0,continue,4.9894812936438875,0
78,43,0,-0.633100429078971,0.8518,4.648770995284509,0.6793050765991211,0,continue,4.356380864564916,0
78,44,0,-0.3806918068709264,0.8518,4.687644932685638,0.7726085782051086,0,continue,3.97568905769399,0
78,45,0,-0.5364830762639972,0.8518,4.742394170447645,0.9210184812545776,0,continue,3.4392059814299927,0
78,46,2,-0.2665829364131027,0.8518,4.749445105640214,1.0176575183868408,0,continue,3.17262304501689,0
78,47,0,0.005644682187120997,0.8518,4.765614566460968,1.0772850513458252,0,continue,3.1782677272040107,0
78,48,0,-0.8324963060669861,0.8518,4.78824481150271,0.9858249425888062,0,continue,2.345771421137025,0
78,49,0,-0.11210278985421629,0.8518,4.80876486946833,0.9601800441741943,0,continue,2.2336686312828085,0
78,50,0,-0.5918078968338807,0.8518,4.8364916067442705,0.9471668004989624,0,continue,1.6418607344489278,0
78,51,1,-0.23412295646485315,0.8518,4.84284599683939,0.8099433779716492,0,continue,1.4077377779840745,0
78,52,0,0.5491624527955954,0.8518,4.869998795223377,0.682566225528717,0,continue,1.95690023077967,0
78,53,0,-0.3681924270008923,0.8518,4.902870901524698,0.5584940910339355,0,continue,1.5887078037787776,0
78,54,2,-0.4336342989721973,0.8518,4.9487813964484655,0.5084494352340698,0,continue,1.1550735048065803,0
78,55,0,-0.30092891961424123,0.8518,4.9570154582248085,0.4054948687553406,0,continue,0.854144585192339,0
78,56,1,-0.5013790805134491,0.8518,4.976001946769313,0.2897084951400757,0,continue,0.3527655046788899,0
78,57,0,-31.350098741223622,0.8518,5.002449466978532,0.16389039158821106,1,crush,-30.997333236544733,0
79,1,0,-1.06505735108575,0.8499,3.089363774342242,0.11999999731779099,0,continue,-1.06505735108575,0
79,2,2,-0.46850183146355945,0.8499,3.0893645468859017,0.11999999731779099,0,continue,-1.5335591825493093,0
79,3,1,-0.7685018398716017,0.8499,3.089365451180495,0.11999999731779099,0,continue,-2.302061022420911,0
79,4,0,-30.963860211241407,0.8499,3.0893665544705513,0.11999999731779099,1,crush,-33.26592123366232,0
80,1,0,0.0,0.848,5.682252805976506,1.2211236953735352,0,continue,0.0,0
80,2,0,0.005547544170188613,0.848,5.682411106200957,1.221239447593689,0,continue,0.005547544170188613,0
80,3,1,0.0049646351241192654,0.848,5.682333153202904,1.2367262840270996,0,continue,0.010512179294307878,0
80,4,1,0.3256102296934976,0.848,5.619660468961398,1.2218716144561768,0,continue,0.3361224089878055,0
80,5,0,0.637036787364959,0.848,5.49351061475275,1.210243582725525,0,continue,0.9731591963527644,0
80,6,1,0.2782797822010256,0.848,5.439269699548972,1.2145808935165405,0,continue,1.25143897855379,0
80,7,1,0.2741119609282259,0.848,5.384887144721469,1.2122957706451416,0,continue,1.525550939482016,0
80,8,0,0.368418607530283,0.848,5.3065454399252765,1.2871935367584229,0,continue,1.8939695470122988,0
80,9,0,0.20863410178786404,0.848,5.266192123271381,1.4441949129104614,0,continue,2.1026036488001627,0
80,10,1,0.017407416531504037,0.848,5.2627945350605225,1.4851793050765991,0,continue,2.1200110653316666,0
80,11,0,0.2692295163412492,0.848,5.207939269885285,1.5431945323944092,0,continue,2.3892405816729156,0
80,12,0,0.16427002158128523,0.848,5.168930847959658,1.62581467628479,0,continue,2.553510603254201,0
80,13,2,0.01945347150248109,0.848,5.1553225183168925,1.6467736959457397,0,continue,2.572964074756682,0
80,14,1,-0.3518325750222775,0.848,5.158634455240707,1.664993166923523,0,continue,2.2211314997344047,0
80,15,0,-0.0131093904184722,0.848,5.169863817333195,1.7140611410140991,0,continue,2.2080221093159325,0
80,16,2,-0.19417447961430334,0.848,5.205963915110008,1.765609860420227,0,continue,2.0138476297016292,0
80,17,0,-0.3836820021412492,0.848,5.235854403694924,1.7756870985031128,0,continue,1.63016562756038,0
80,18,0,-0.24426362725250364,0.848,5.246489472922688,1.7881271839141846,0,continue,1.3859020003078764,0
80,19,0,-0.15373345703863908,0.848,5.271487280423554,1.7724170684814453,0,continue,1.2321685432692373,0
80,20,2,-0.282399629042401,0.848,5.316269570610303,1.736501693725586,0,continue,0.9497689142268363,0
80,21,2,-0.3435348997607047,0.848,5.376193529721325,1.7251781225204468,0,continue,0.6062340144661316,0
80,22,0,-0.04153391166413454,0.848,5.3791096808647305,1.710341215133667,0,continue,0.564700102801997,0
80,23,0,-0.2850375070421927,0.848,5.425242424702881,1.7134586572647095,0,continue,0.2796625957598043,0
80,24,0,-0.3209240996595419,0.848,5.492734963081632,1.6661202907562256,0,continue,-0.041261503899737595,0
80,25,0,-1.2490242531956934,0.848,5.561084462818335,1.6380367279052734,0,continue,-1.2902857570954311,0
80,26,0,-0.4138929635015599,0.848,5.5927470105915065,1.6342023611068726,0,continue,-1.7041787205969912,0
80,27,0,-0.7377907135324555,0.848,5.702857910842884,1.5852102041244507,0,continue,-2.4419694341294464,0
80,28,0,-0.7331769903953036,0.848,5.819267656045142,1.4997837543487549,0,continue,-3.1751464245247503,0
80,29,0,-0.7363834443019164,0.848,5.927116441145479,1.441362977027893,0,continue,-3.9115298688266664,0
80,30,0,-0.445453931725236,0.848,5.977950320905256,1.385497808456421,0,continue,-4.356983800551903,0
80,31,1,-0.7047891954119974,0.848,6.078184824267356,1.2480379343032837,0,continue,-5.0617729959639,0
80,32,1,-0.7478709561533936,0.848,6.187631976321067,1.146445393562317,0,continue,-5.809643952117294,0
80,33,0,-0.45175466343610116,0.848,6.2473572783522355,1.017960786819458,0,continue,-6.261398615553395,0
80,34,1,-0.48895868569510137,0.848,6.303775331390145,1.0083701610565186,0,continue,-6.750357301248496,0
80,35,1,-0.6226880826590488,0.848,6.376004985800147,0.8863375782966614,0,continue,-7.373045383907544,0
80,36,0,-0.37882889429715716,0.848,6.413361338155848,0.746561586856842,0,continue,-7.751874278204701,0
80,37,0,-0.25362855651943844,0.848,6.42052119507074,0.7361984848976135,0,continue,-8.005502834724139,0
80,38,0,-0.30747404925858,0.848,6.44467076399563,0.6711335778236389,0,continue,-8.312976883982719,0
80,39,1,-0.5539220191081877,0.848,6.513672029579354,0.5908308029174805,0,continue,-8.866898903090906,0
80,40,0,-1.3418794089681694,0.848,6.584132305577642,0.5292989611625671,0,continue,-10.208778312059076,0
80,41,1,-0.4209762143329513,0.848,6.627332012115443,0.4978910982608795,0,continue,-10.629754526392027,0
80,42,1,-0.43769793642207283,0.848,6.667580566345174,0.4325232207775116,0,continue,-11.0674524628141,0
80,43,1,-0.691030872675066,0.848,6.743141820374564,0.3525627553462982,0,continue,-11.758483335489165,0
80,44,1,-0.7633230680338925,0.848,6.8265253422445795,0.32500800490379333,0,continue,-12.521806403523058,0
80,45,0,-1.8402388217588472,0.848,6.867681079292586,0.28448912501335144,0,continue,-14.362045225281905,0
80,46,0,-2.474239009138301,0.848,6.8803437345530964,0.206670880317688,0,continue,-16.836284234420205,0
80,47,0,-33.4360050769066,0.848,6.889393989289872,0.14181987941265106,1,crush,-50.27228931132681,0
81,1,0,-0.9921149451466478,0.8461,3.8292875621969724,0.11999999731779099,0,continue,-0.9921149451466478,0
81,2,2,-0.46850098255372746,0.8461,3.8292882147339005,0.11999999731779099,0,continue,-1.4606159277003752,0
81,3,1,-0.7684976768373643,0.8461,3.829288301593166,0.11999999731779099,0,continue,-2.2291136045377393,0
81,4,2,-30.768496979439835,0.8461,3.8292885138573656,0.11999999731779099,1,crush,-32.997610583977576,0
82,1,1,0.0,0.8442000000000001,5.521649322794514,1.3981411457061768,0,continue,0.0,0
82,2,0,0.02018402947330902,0.8442000000000001,5.517176515110042,1.3968636989593506,0,continue,0.02018402947330902,0
82,3,0,0.15649113221200098,0.8442000000000001,5.482805088448787,1.3969563245773315,0,continue,0.17667516168531,0
82,4,0,-0.029050427174755856,0.8442000000000001,5.482706546664296,1.4026665687561035,0,continue,0.14762473451055413,0
82,5,0,0.27942142083586896,0.8442000000000001,5.424460562693573,1.3989876508712769,0,continue,0.4270461553464231,0
82,6,2,0.737580333445328,0.8442000000000001,5.328236140097739,1.4030535221099854,0,continue,1.1646264887917512,0
82,7,2,0.3674258713304575,0.8442000000000001,5.304385364159578,1.4335148334503174,0,continue,1.5320523601222087,0
82,8,1,0.1280306182888637,0.8442000000000001,5.218580822418486,1.4312456846237183,0,continue,1.6600829784110724,0
82,9,0,0.4859686645112443,0.8442000000000001,5.126517071011492,1.513813853263855,0,continue,2.1460516429223166,0
82,10,2,0.5546367861968884,0.8442000000000001,5.0435626685725055,1.6195875406265259,0,continue,2.700688429119205,0
82,11,0,0.2215582123635538,0.8442000000000001,4.998369491407262,1.6281019449234009,0,continue,2.922246641482759,0
82,12,0,0.3407534662374629,0.8442000000000001,4.936473061281746,1.7006912231445312,0,continue,3.2630001077202215,0
82,13,1,0.42438509253113166,0.8442000000000001,4.851051766887196,1.834179162979126,0,continue,3.687385200251353,0
82,14,1,0.3561201454908414,0.8442000000000001,4.780481116835953,1.9074926376342773,0,continue,4.043505345742195,0
82,15,1,0.050808466415760825,0.8442000000000001,4.777695037363885,1.9149432182312012,0,continue,4.094313812157956,0
82,16,0,0.3009279923397373,0.8442000000000001,4.724514239385796,1.8381216526031494,0,continue,4.395241804497693,0
82,17,0,0.4995540863530279,0.8442000000000001,4.631989928069749,1.720955491065979,0,continue,4.8947958908507205,0
82,18,0,0.41786572588559256,0.8442000000000001,4.553071182691984,1.6567797660827637,0,continue,5.312661616736313,0
82,19,0,0.41909941718267113,0.8442000000000001,4.4714046319247425,1.6470273733139038,0,continue,5.731761033918984,0
82,20,1,0.25047549540272296,0.8442000000000001,4.442905033927192,1.5327616930007935,0,continue,5.982236529321707,0
82,21,1,0.265528518190805,0.8442000000000001,4.397204138384587,1.3862111568450928,0,continue,6.2477650475125115,0
82,22,2,-0.3239632536306925,0.8442000000000001,4.392020063965586,1.3137339353561401,0,continue,5.923801793881819,0
82,23,0,-0.04441329418005603,0.8442000000000001,4.397462035616545,1.2678171396255493,0,continue,5.879388499701763,0
82,24,0,-0.11468003676107491,0.8442000000000001,4.420686630072533,1.1974378824234009,0,continue,5.764708462940688,0
82,25,0,-0.363747495628317,0.8442000000000001,4.474432012595883,1.1251767873764038,0,continue,5.400960967312371,0
82,26,2,-0.4188501970936503,0.8442000000000001,4.547648967108464,1.1124389171600342,0,continue,4.98211077021872,0
82,27,1,-0.32659481925402467,0.8442000000000001,4.551369783898126,1.1002994775772095,0,continue,4.655515950964696,0
82,28,0,-0.9781060949142749,0.8442000000000001,4.627253664358999,1.1048132181167603,0,continue,3.6774098560504207,0
82,29,0,-0.5107630519420143,0.8442000000000001,4.680356758248586,1.1530650854110718,0,continue,3.1666468041084066,0
82,30,1,-0.2455375008366222,0.8442000000000001,4.721966316430245,1.1642247438430786,0,continue,2.9211093032717845,0
82,31,1,-0.1522226493801612,0.8442000000000001,4.745192465996238,1.1900722980499268,0,continue,2.7688866538916233,0
82,32,0,0.050217711169563514,0.8442000000000001,4.7455397820700655,1.2276802062988281,0,continue,2.819104365061187,0
82,33,0,0.22682310927039778,0.8442000000000001,4.757015041738215,1.2818918228149414,0,continue,3.0459274743315845,0
82,34,1,-0.12884273847359226,0.8442000000000001,4.782142583968383,1.2813917398452759,0,continue,2.9170847358579923,0
82,35,0,-0.5724403511172182,0.8442000000000001,4.804795636724311,1.3037489652633667,0,continue,2.344644384740774,0
82,36,0,-0.2693671506291111,0.8442000000000001,4.810131330630332,1.3019533157348633,0,continue,2.075277234111663,0
82,37,0,-0.1935120318164669,0.8442000000000001,4.818231430719168,1.2625033855438232,0,continue,1.8817652022951963,0
82,38,0,-0.38017874674259333,0.8442000000000001,4.8435272614728175,1.253861427307129,0,continue,1.5015864555526028,0
82,39,0,-0.4957177913143147,0.8442000000000001,4.895609801519903,1.224985957145691,0,continue,1.0058686642382881,0
82,40,0,-0.4421481010532185,0.8442000000000001,4.935775696428525,1.2210005521774292,0,continue,0.5637205631850697,0
82,41,0,-0.5869146152462946,0.8442000000000001,5.018514794654283,1.1981232166290283,0,continue,-0.023194052061224935,0
82,42,0,-1.1348630579244119,0.8442000000000001,5.129368545922345,1.181090235710144,0,continue,-1.158057109985637,0
82,43,0,-1.0797676553859856,0.8442000000000001,5.22405927032667,1.2119089365005493,0,continue,-2.237824765371623,0
82,44,0,-0.7301805532181824,0.8442000000000001,5.313864456459617,1.2104215621948242,0,continue,-2.968005318589805,0
82,45,2,-0.4940910961625485,0.8442000000000001,5.370847801070386,1.297780156135559,0,continue,-3.4620964147523536,0
82,46,0,-0.733684908769549,0.8442000000000001,5.483700707131559,1.31292724609375,0,continue,-4.195781323521903,0
82,47,0,-0.3991413430838591,0.8442000000000001,5.523504983077102,1.1883232593536377,0,continue,-4.594922666605762,0
82,48,2,-0.5548920106936963,0.8442000000000001,5.590069891118954,1.1752939224243164,0,continue,-5.149814677299458,0
82,49,1,-0.7593903971874629,0.8442000000000001,5.632596160752979,1.1196341514587402,0,continue,-5.909205074486922,0
82,50,2,-0.6595119075838478,0.8442000000000001,5.658966851698568,0.9970690011978149,0,continue,-6.56871698207077,0
82,51,0,-0.39661282301539014,0.8442000000000001,5.69628663477664,0.9353777170181274,0,continue,-6.96532980508616,0
82,52,0,-0.06759450126644556,0.8442000000000001,5.703565462766469,0.8800873160362244,0,continue,-7.032924306352606,0
82,53,0,-0.2684702995351865,0.8442000000000001,5.701951208440533,0.8423832058906555,0,continue,-7.3013946058877925,0
82,54,0,-0.15432492220163208,0.8442000000000001,5.685333644905229,0.7529787421226501,0,continue,-7.455719528089425,0
82,55,0,-0.23519880273736443,0.8442000000000001,5.65922785010906,0.6939907670021057,0,continue,-7.690918330826789,0
82,56,1,-0.12313010957945739,0.8442000000000001,5.633523743353452,0.6370885372161865,0,continue,-7.814048440406246,0
82,57,2,-0.022093396634907392,0.8442000000000001,5.546615168809783,0.6084839105606079,0,continue,-7.836141837041153,0
82,58,2,0.33958152782019285,0.8442000000000001,5.459567751025602,0.5466814041137695,0,continue,-7.4965603092209605,0
82,59,2,0.45767643704798483,0.8442000000000001,5.37452258152353,0.5212306380271912,0,continue,-7.038883872172976,0
82,60,2,0.24081160198842094,0.8442000000000001,5.330517351908965,0.5146235823631287,0,continue,-6.798072270184555,0
82,61,0,-0.034695061832913154,0.8442000000000001,5.251449241614167,0.49898380041122437,0,continue,-6.832767332017468,0
82,62,0,-0.2751189462246624,0.8442000000000001,5.173197773503285,0.48248061537742615,0,continue,-7.10788627824213,0
82,63,2,0.47399798811583216,0.8442000000000001,5.106831020759299,0.4868628680706024,0,continue,-6.633888290126298,0
82,64,0,-0.2819865915219533,0.8442000000000001,5.077899845452982,0.474079966545105,0,continue,-6.915874881648251,0
82,65,0,-0.1228790967048081,0.8442000000000001,5.0025031693232265,0.46431517601013184,0,continue,-7.038753978353059,0
82,66,0,-0.18638406380265915,0.8442000000000001,4.922826193069546,0.44722670316696167,0,continue,-7.225138042155718,0
82,67,0,-0.16932993824202988,0.8442000000000001,4.856575400533053,0.4379216134548187,0,continue,-7.394467980397748,0
82,68,2,0.3090709128873593,0.8442000000000001,4.79112962252179,0.4263468086719513,0,continue,-7.085397067510389,0
82,69,2,0.31120768429415,0.8442000000000001,4.717352812122926,0.4005303382873535,0,continue,-6.774189383216239,0
82,70,0,-1.4223091944153605,0.8442000000000001,4.71608091477534,0.30366212129592896,0,continue,-8.1964985776316,0
82,71,0,-1.3881853976996508,0.8442000000000001,4.715308736347743,0.2858823537826538,0,continue,-9.58468397533125,0
82,72,0,-2.032100806806288,0.8442000000000001,4.713770067042637,0.2010008990764618,0,continue,-11.616784782137538,0
82,73,1,-30.475101097755278,0.8442000000000001,4.715091192756509,0.11999999731779099,1,crush,-42.091885879892814,0
83,1,0,-1.0244435209961809,0.8423,6.5509992346378185,0.11999999731779099,0,continue,-1.0244435209961809,0
83,2,0,-1.0228760074678016,0.8423,6.550996337522306,0.11999999731779099,0,continue,-2.0473195284639827,0
83,3,0,-0.976517852534958,0.8423,6.550743839249588,0.11999999731779099,0,continue,-3.0238373809989407,0
83,4,0,-31.02496559942978,0.8423,6.551124058297036,0.11999999731779099,1,crush,-34.04880298042872,0
84,1,0,0.0,0.8404,6.000285317149406,0.9044672250747681,0,continue,0.0,0
84,2,1,-5.572610163095959e-06,0.8404,6.0002860164665845,0.8986825942993164,0,continue,-5.572610163095959e-06,0
84,3,0,-0.0020723413090725897,0.8404,6.000288728705559,0.9106084108352661,0,continue,-0.0020779139192356856,0
84,4,1,0.2934275537195557,0.8404,5.939851025361647,0.9044831395149231,0,continue,0.29134963980032,0
84,5,0,0.42546838518931973,0.8404,5.838243170397271,0.902223527431488,0,continue,0.7168180249896398,0
84,6,1,0.3162001730101037,0.8404,5.764084817441213,0.9061923027038574,0,continue,1.0330181979997435,0
84,7,1,0.0871247201043156,0.8404,5.747029014569156,1.0106263160705566,0,continue,1.120142918104059,0
84,8,0,0.23698849395697588,0.8404,5.708541917597226,1.0903104543685913,0,continue,1.357131412061035,0
84,9,1,0.6533917020357748,0.8404,5.6601115838989955,1.1522018909454346,0,continue,2.01052311409681,0
84,10,0,0.31894875452819044,0.8404,5.619758870442599,1.177306056022644,0,continue,2.329471868625,0
84,11,0,0.1170413508884417,0.8404,5.606636495840717,1.1848996877670288,0,continue,2.446513219513442,0
84,12,0,0.012203270450205209,0.8404,5.588365847079988,1.240413784980774,0,continue,2.4587164899636473,0
84,13,0,-0.042684232771933,0.8404,5.59375153626487,1.279881477355957,0,continue,2.4160322571917145,0
84,14,0,-0.19231631524249712,0.8404,5.629862017656756,1.3301342725753784,0,continue,2.2237159419492176,0
84,15,2,-0.04182871330377391,0.8404,5.633251595627192,1.3605350255966187,0,continue,2.1818872286454436,0
84,16,1,-0.5690735747579975,0.8404,5.684969319729215,1.364781141281128,0,continue,1.612813653887446,0
84,17,0,-0.6754510970763807,0.8404,5.763863509704697,1.3782031536102295,0,continue,0.9373625568110653,0
84,18,0,-0.4169261892292891,0.8404,5.841405262396619,1.3793689012527466,0,continue,0.5204363675817762,0
84,19,0,-0.32200343711260093,0.8404,5.904067873623714,1.3635673522949219,0,continue,0.19843293046917532,0
84,20,0,-0.07752880669584244,0.8404,5.926266112069457,1.2826496362686157,0,continue,0.12090412377333287,0
84,21,0,-0.27990523227141817,0.8404,5.979103522288797,1.2414909601211548,0,continue,-0.1590011084980853,0
84,22,2,-0.5803326839869198,0.8404,6.042123777492884,1.168083906173706,0,continue,-0.7393337924850052,0
84,23,2,-0.4209764290103931,0.8404,6.085112735779474,1.152045488357544,0,continue,-1.1603102214953984,0
84,24,2,-1.5905671142770108,0.8404,6.1825041951967386,1.112734317779541,0,continue,-2.750877335772409,0
84,25,2,-0.45821103754808984,0.8404,6.222827190339754,1.052042841911316,0,continue,-3.209088373320499,0
84,26,1,-1.1432385011892456,0.8404,6.344357577561579,1.0369397401809692,0,continue,-4.352326874509744,0
84,27,0,-0.6368652092249787,0.8404,6.439316380495648,0.9550154805183411,0,continue,-4.989192083734723,0
84,28,0,-0.4010810956374057,0.8404,6.465615657925461,0.8849949836730957,0,continue,-5.390273179372129,0
84,29,0,-0.6053440787764308,0.8404,6.525286965051917,0.8710525631904602,0,continue,-5.99561725814856,0
84,30,0,-0.4342866759134817,0.8404,6.57723955238371,0.7718226313591003,0,continue,-6.429903934062041,0
84,31,0,-0.31779935301224294,0.8404,6.607184402143411,0.6671394109725952,0,continue,-6.747703287074284,0
84,32,1,-0.2747734877530761,0.8404,6.6185395117827595,0.6513539552688599,0,continue,-7.02247677482736,0
84,33,0,-0.47835882579263217,0.8404,6.6622061653469675,0.6018701195716858,0,continue,-7.500835600619992,0
84,34,2,-0.4138292534566993,0.8404,6.701745988416708,0.5300131440162659,0,continue,-7.914664854076691,0
84,35,1,-0.530321295811669,0.8404,6.706015270192794,0.4849492609500885,0,continue,-8.44498614988836,0
84,36,0,-1.428862609523708,0.8404,6.7595218815997065,0.4481651186943054,0,continue,-9.873848759412068,0
84,37,1,-0.6224188008909066,0.8404,6.825692745215318,0.3789682388305664,0,continue,-10.496267560302975,0
84,38,2,-0.833659382928841,0.8404,6.864603294559823,0.33414316177368164,0,continue,-11.329926943231817,0
84,39,2,-0.5504992636336223,0.8404,6.9000089756072205,0.3064326345920563,0,continue,-11.880426206865438,0
84,40,0,-0.9031854321554813,0.8404,6.9068481923340075,0.2426307052373886,0,continue,-12.78361163902092,0
84,41,0,-31.503703225342207,0.8404,6.920566127212008,0.16725927591323853,1,crush,-44.287314864363125,0
85,1,0,-1.0200733084412492,0.8385,3.5703913338765068,0.11999999731779099,0,continue,-1.0200733084412492,0
85,2,0,-1.0446405904777454,0.8385,3.5703945203724485,0.11999999731779099,0,continue,-2.0647138989189946,0
85,3,0,-0.9924688652587175,0.8385,3.570396100728439,0.11999999731779099,0,continue,-3.0571827641777123,0
85,4,0,-30.982470576484946,0.8385,3.570396199352371,0.11999999731779099,1,crush,-34.03965334066266,0
86,1,0,0.0,0.8366,6.000289136105699,0.8983707427978516,0,continue,0.0,0
86,2,0,0.000244537532079625,0.8366,6.00028586787359,0.8910174369812012,0,continue,0.000244537532079625,0
86,3,0,-0.00890518014343995,0.8366,6.000288199216583,0.9010161757469177,0,continue,-0.008660642611360325,0
86,4,0,0.02327013884359934,0.8366,5.996432994326558,0.8986272215843201,0,continue,0.014609496232239014,0
86,5,0,0.6116087554002329,0.8366,5.873617907339593,0.9021168351173401,0,continue,0.6262182516324719,0
86,6,0,0.8518730289522054,0.8366,5.703062604521212,0.9038633108139038,0,continue,1.4780912805846773,0
86,7,0,0.7641275475151311,0.8366,5.54998758865244,0.9036072492599487,0,continue,2.2422188280998085,0
86,8,0,0.3803350684877248,0.8366,5.486173099174823,1.0452438592910767,0,continue,2.6225538965875335,0
86,9,1,0.3574396610271263,0.8366,5.414658597500889,1.2003059387207031,0,continue,2.9799935576146597,0
86,10,0,0.7227411194797042,0.8366,5.2800101566877755,1.2927205562591553,0,continue,3.702734677094364,0
86,11,0,0.6872697659413433,0.8366,5.152297870037076,1.4073902368545532,0,continue,4.390004443035707,0
86,12,0,0.21822521189884858,0.8366,5.10911632517979,1.4207266569137573,0,continue,4.608229654934556,0
86,13,0,0.636937053790992,0.8366,4.992144703624294,1.5328236818313599,0,continue,5.245166708725548,0
86,14,0,0.5344491302997768,0.8366,4.892245601380957,1.6393840312957764,0,continue,5.7796158390253245,0
86,15,0,0.6423261258786375,0.8366,4.775990866943951,1.7779021263122559,0,continue,6.4219419649039615,0
86,16,0,1.0079504105105457,0.8366,4.587275823353085,1.9054436683654785,0,continue,7.429892375414507,0
86,17,0,0.5448374353927212,0.8366,4.486523200346436,1.8523093461990356,0,continue,7.974729810807228,0
86,18,1,0.5346326062117793,0.8366,4.380416908827477,1.7011041641235352,0,continue,8.509362417019007,0
86,19,2,0.33300711086617063,0.8366,4.254331213941754,1.6130448579788208,0,continue,8.842369527885177,0
86,20,0,0.40423083452661757,0.8366,4.181923238847623,1.5031678676605225,0,continue,9.246600362411794,0
86,21,1,0.31752951103577637,0.8366,4.119250198750801,1.4480624198913574,0,continue,9.56412987344757,0
86,22,0,0.6992153614320914,0.8366,3.9934918742805916,1.3039242029190063,0,continue,10.263345234879662,0
86,23,2,0.5842073580107182,0.8366,3.876642015810901,1.1916457414627075,0,continue,10.84755259289038,0
86,24,0,0.6304998800023014,0.8366,3.75381660555285,1.150380253791809,0,continue,11.478052472892681,0
86,25,0,0.4758793415494168,0.8366,3.669504977933552,1.0303982496261597,0,continue,11.953931814442099,0
86,26,0,0.7777716836248677,0.8366,3.5255188409558507,0.879819393157959,0,continue,12.731703498066967,0
86,27,1,0.3223667918422227,0.8366,3.4610364355876406,0.7318078279495239,0,continue,13.05407028990919,0
86,28,0,0.5121240461308462,0.8366,3.356042110565987,0.6255754828453064,0,continue,13.566194336040036,0
86,29,1,0.1531553903184742,0.8366,3.317201216522954,0.47672754526138306,0,continue,13.71934972635851,0
86,30,0,0.4606608456354198,0.8366,3.2142701868227848,0.4344949722290039,0,continue,14.18001057199393,0
86,31,1,0.23682695741057513,0.8366,3.150751074645044,0.37936732172966003,0,continue,14.416837529404505,0
86,32,0,-0.14032442110718266,0.8366,3.1476253643530328,0.3234061896800995,0,continue,14.276513108297323,0
86,33,2,-0.0565211547206006,0.8366,3.1193559591311155,0.27708831429481506,0,continue,14.219991953576722,0
86,34,1,-30.67238549833329,0.8366,3.109168705391728,0.19938808679580688,1,crush,-16.452393544756568,0
87,1,0,-1.010241090151874,0.8347,3.1135944147815056,0.11999999731779099,0,continue,-1.010241090151874,0
87,2,0,-1.0178771605211099,0.8347,3.113596480706083,0.11999999731779099,0,continue,-2.028118250672984,0
87,3,0,-0.9932481077277224,0.8347,3.1136035823590418,0.11999999731779099,0,continue,-3.021366358400706,0
87,4,1,-30.468512287959356,0.8347,3.113606617653022,0.11999999731779099,1,crush,-33.48987864636006,0
88,1,2,0.0,0.8328,5.840230263219118,1.0611481666564941,0,continue,0.0,0
88,2,0,0.24744022124339116,0.8328,5.787165009677987,1.0706990957260132,0,continue,0.24744022124339116,0
88,3,0,0.3316400761319425,0.8328,5.708212223013054,1.0656201839447021,0,continue,0.5790802973753337,0
88,4,1,0.5910631642159743,0.8328,5.621733405932507,1.0662633180618286,0,continue,1.170143461591308,0
88,5,1,0.625148524320193,0.8328,5.519831793447158,1.1115049123764038,0,continue,1.795291985911501,0
88,6,1,0.21705958865474756,0.8328,5.465617312465394,1.2111786603927612,0,continue,2.0123515745662486,0
88,7,1,0.15510868952625767,0.8328,5.434564116978006,1.2727432250976562,0,continue,2.1674602640925063,0
88,8,0,0.33412893824199374,0.8328,5.3705535772201225,1.363091230392456,0,continue,2.5015892023345,0
88,9,2,0.5293201404630943,0.8328,5.31069460143706,1.417772650718689,0,continue,3.030909342797594,0
88,10,0,0.06543438619720265,0.8328,5.292471380518196,1.4510419368743896,0,continue,3.096343728994797,0
88,11,0,0.2293629004404555,0.8328,5.245572303655463,1.4551559686660767,0,continue,3.3257066294352526,0
88,12,2,0.507675956821878,0.8328,5.190003731486281,1.4742200374603271,0,continue,3.8333825862571307,0
88,13,1,0.006505183332591502,0.8328,5.127723281282452,1.5347237586975098,0,continue,3.839887769589722,0
88,14,1,0.15986876250629806,0.8328,5.094988624740145,1.6284259557724,0,continue,3.9997565320960202,0
88,15,0,0.3113298313388682,0.8328,5.025329850584726,1.6837806701660156,0,continue,4.311086363434889,0
88,16,0,0.10840949515626887,0.8328,5.005224373705453,1.7963711023330688,0,continue,4.419495858591158,0
88,17,0,0.3292199970206466,0.8328,4.938441724638344,1.8003506660461426,0,continue,4.748715855611804,0
88,18,1,0.29136846642321357,0.8328,4.870742422754211,1.8652859926223755,0,continue,5.0400843220350175,0
88,19,0,-0.055092047635188865,0.8328,4.869788794105118,1.908717393875122,0,continue,4.984992274399828,0
88,20,0,0.3593217319002191,0.8328,4.799843586650257,1.9386581182479858,0,continue,5.344314006300047,0
88,21,0,0.3231480417558385,0.8328,4.72667921225341,1.8841217756271362,0,continue,5.667462048055886,0
88,22,0,0.13997204024704402,0.8328,4.688175437206579,1.814879059791565,0,continue,5.80743408830293,0
88,23,0,0.11179882453964336,0.8328,4.665304115844904,1.8016633987426758,0,continue,5.919232912842573,0
88,24,2,0.15399650225146125,0.8328,4.628914170546463,1.7239938974380493,0,continue,6.073229415094034,0
88,25,2,0.1532179997790939,0.8328,4.615487670145356,1.6392104625701904,0,continue,6.226447414873128,0
88,26,1,-0.3529170122174651,0.8328,4.6191751570802,1.6111201047897339,0,continue,5.873530402655663,0
88,27,0,-0.24054875546709462,0.8328,4.653138396952776,1.5933027267456055,0,continue,5.6329816471885685,0
88,28,1,-0.12440555709978435,0.8328,4.677709414455891,1.5592336654663086,0,continue,5.508576090088784,0
88,29,1,-0.1851943773362065,0.8328,4.7125088066437515,1.5412757396697998,0,continue,5.323381712752577,0
88,30,0,-0.09321104291473813,0.8328,4.72899062260774,1.5691046714782715,0,continue,5.23017066983784,0
88,31,0,-0.03644938516208758,0.8328,4.7426326981867115,1.5919102430343628,0,continue,5.193721284675752,0
88,32,0,-0.07793740934694629,0.8328,4.749901106705586,1.635026454925537,0,continue,5.115783875328806,0
88,33,0,0.006458287671736861,0.8328,4.73946588801748,1.6562899351119995,0,continue,5.122242163000543,0
88,34,0,0.2376796075305384,0.8328,4.688626082980138,1.6658552885055542,0,continue,5.3599217705310815,0
88,35,1,0.16695747125309107,0.8328,4.655215554700058,1.671762228012085,0,continue,5.526879241784172,0
88,36,0,0.33914322719960266,0.8328,4.64114620496459,1.6787229776382446,0,continue,5.866022468983775,0
88,37,0,0.16226578340658615,0.8328,4.616800738760141,1.6462918519973755,0,continue,6.028288252390362,0
88,38,0,-0.2582763305980562,0.8328,4.603357164270309,1.5855027437210083,0,continue,5.770011921792306,0
88,39,1,0.04138943669663928,0.8328,4.594170782519841,1.5489062070846558,0,continue,5.811401358488945,0
88,40,0,0.043638877311151895,0.8328,4.589368069090931,1.5315364599227905,0,continue,5.8550402358000975,0
88,41,2,0.2579299487405159,0.8328,4.576764174461687,1.5057828426361084,0,continue,6.112970184540614,0
88,42,0,-0.046919816557633574,0.8328,4.561203640722216,1.4678207635879517,0,continue,6.06605036798298,0
88,43,0,0.18808695044248475,0.8328,4.532991263437266,1.4290814399719238,0,continue,6.254137318425465,0
88,44,0,0.058555712822707565,0.8328,4.503488546050819,1.4300366640090942,0,continue,6.312693031248172,0
88,45,0,0.18338282127770916,0.8328,4.502330294365035,1.4083366394042969,0,continue,6.496075852525881,0
88,46,0,-0.20398248434640154,0.8328,4.507250958657849,1.3907076120376587,0,continue,6.292093368179479,0
88,47,0,-0.0944130132273657,0.8328,4.521339962763847,1.346647024154663,0,continue,6.197680354952114,0
88,48,0,-0.6406003192937061,0.8328,4.549189032454972,1.295815110206604,0,continue,5.557080035658408,0
88,49,0,-0.42853976652391246,0.8328,4.591651343218267,1.2900134325027466,0,continue,5.128540269134495,0
88,50,0,-0.3637079645860482,0.8328,4.675674566933137,1.279219627380371,0,continue,4.764832304548447,0
88,51,0,-0.7570733507970464,0.8328,4.764576946772872,1.2537583112716675,0,continue,4.0077589537514005,0
88,52,0,-0.4491004373445525,0.8328,4.806095493945201,1.250220775604248,0,continue,3.558658516406848,0
88,53,1,-0.4002289568308165,0.8328,4.844656775529665,1.292042851448059,0,continue,3.158429559576031,0
88,54,0,-0.5794050880938799,0.8328,4.922480516579134,1.3439550399780273,0,continue,2.5790244714821515,0
88,55,0,-0.7233311604021042,0.8328,5.030298697658244,1.4098154306411743,0,continue,1.8556933110800473,0
88,56,0,-0.3995027062711092,0.8328,5.071898023074517,1.4168964624404907,0,continue,1.4561906048089381,0
88,57,0,-0.559756015584045,0.8328,5.146155429219882,1.4580961465835571,0,continue,0.8964345892248932,0
88,58,0,-0.6999871004862215,0.8328,5.250526953338315,1.5266352891921997,0,continue,0.19644748873867168,0
88,59,2,-0.49993180046498176,0.8328,5.310405656941096,1.574480652809143,0,continue,-0.3034843117263101,0
88,60,0,-0.6294584459428223,0.8328,5.392928880117104,1.6390897035598755,0,continue,-0.9329427576691324,0
88,61,1,-0.5082846470235223,0.8328,5.442792762895767,1.682684063911438,0,continue,-1.4412274046926545,0
88,62,1,-0.5128010302542928,0.8328,5.504676718107174,1.6762186288833618,0,continue,-1.9540284349469474,0
88,63,0,-1.1484398598839047,0.8328,5.6735657931319174,1.6085689067840576,0,continue,-3.102468294830852,0
88,64,0,-1.060525586660357,0.8328,5.7902198206079785,1.54107666015625,0,continue,-4.162993881491209,0
88,65,1,-0.24721311154653372,0.8328,5.797590553910987,1.5189217329025269,0,continue,-4.410206993037743,0
88,66,0,-1.1845616593772634,0.8328,5.905201991741235,1.4702775478363037,0,continue,-5.594768652415007,0
88,67,2,-0.7830893676891817,0.8328,6.020467092977626,1.4090056419372559,0,continue,-6.377858020104188,0
88,68,0,-0.4526003488981598,0.8328,6.1275889456659085,1.3494864702224731,0,continue,-6.830458369002348,0
88,69,2,-0.7334264689222179,0.8328,6.233639619823418,1.342666745185852,0,continue,-7.563884837924566,0
88,70,0,-0.9476382839998769,0.8328,6.271422725116019,1.3050172328948975,0,continue,-8.511523121924442,0
88,71,0,-0.4484634163326108,0.8328,6.376901684382609,1.2406951189041138,0,continue,-8.959986538257054,0
88,72,1,-0.7814454190078568,0.8328,6.49316792333102,1.15378999710083,0,continue,-9.741431957264911,0
88,73,1,-0.7646887831426179,0.8328,6.60598460330297,1.105441689491272,0,continue,-10.506120740407528,0
88,74,0,-0.46287502089938576,0.8328,6.653959511102996,1.087002158164978,0,continue,-10.968995761306914,0
88,75,0,-1.0435300883307503,0.8328,6.787842656203601,0.9947904348373413,0,continue,-12.012525849637665,0
88,76,1,-0.7806102509555883,0.8328,6.903904425522814,0.9464024901390076,0,continue,-12.793136100593253,0
88,77,0,-0.6154141447846825,0.8328,6.968497216557485,0.8734158277511597,0,continue,-13.408550245377937,0
88,78,2,-0.7267065050152426,0.8328,7.073765101787508,0.8249358534812927,0,continue,-14.135256750393179,0
88,79,1,-1.1264264563390742,0.8328,7.199039514216643,0.7615156769752502,0,continue,-15.261683206732252,0
88,80,2,-0.8163034754094971,0.8328,7.262250340163278,0.6864128708839417,0,continue,-16.07798668214175,0
88,81,0,-0.3631647569236872,0.8328,7.290134752626678,0.6712222099304199,0,continue,-16.441151439065436,0
88,82,1,-0.6311543600169506,0.8328,7.368505811907253,0.5913169980049133,0,continue,-17.072305799082386,0
88,83,1,-0.5471321852426276,0.8328,7.427195734092725,0.5337507724761963,0,continue,-17.619437984325014,0
88,84,0,-0.32590879474716583,0.8328,7.441531422315569,0.5058708190917969,0,continue,-17.945346779072178,0
88,85,0,-0.4116557494798555,0.8328,7.4910413397782705,0.46421512961387634,0,continue,-18.357002528552034,0
88,86,1,-0.45070851751292706,0.8328,7.52540588023291,0.4348545968532562,0,continue,-18.80771104606496,0
88,87,0,-0.6608414305402829,0.8328,7.533134983538275,0.3837854862213135,0,continue,-19.468552476605243,0
88,88,2,-0.4206683203378456,0.8328,7.544081436217122,0.34780359268188477,0,continue,-19.88922079694309,0
88,89,0,-0.8721950455811123,0.8328,7.56936596931888,0.29280176758766174,0,continue,-20.7614158425242,0
88,90,0,-31.90770699866411,0.8328,7.585889776690313,0.19867146015167236,1,crush,-52.66912284118831,0
89,1,1,-0.4574029204910889,0.8309,7.5457057742612115,0.12329726666212082,0,continue,-0.4574029204910889,0
89,2,0,-0.9865473019111202,0.8309,7.545699829548648,0.11999999731779099,0,continue,-1.4439502224022092,0
89,3,2,-0.469855693285611,0.8309,7.545873848711488,0.11999999731779099,0,continue,-1.9138059156878202,0
89,4,2,-30.46911502114803,0.8309,7.5458836446092645,0.11999999731779099,1,crush,-32.38292093683585,0
90,1,0,0.0,0.829,5.725169238168756,1.1996504068374634,0,continue,0.0,0
90,2,0,0.01439467068832725,0.829,5.721570136001695,1.2025209665298462,0,continue,0.01439467068832725,0
90,3,0,0.3039432056619505,0.829,5.658845212751664,1.1966066360473633,0,continue,0.3183378763502777,0
90,4,2,0.5057761483235684,0.829,5.64063044939188,1.1743953227996826,0,continue,0.8241140246738461,0
90,5,2,0.6104448552256865,0.829,5.6012099460682565,1.1914106607437134,0,continue,1.4345588798995326,0
90,6,0,0.41415618033089985,0.829,5.523923220486834,1.2415376901626587,0,continue,1.8487150602304325,0
90,7,0,0.2785329928900245,0.829,5.469878673102384,1.285362958908081,0,continue,2.127248053120457,0
90,8,0,0.1636349674102521,0.829,5.437922077346997,1.3018012046813965,0,continue,2.290883020530709,0
90,9,0,0.2964262438153961,0.829,5.382977066984496,1.3733881711959839,0,continue,2.5873092643461053,0
90,10,0,0.28506921440881267,0.829,5.3321467408128695,1.4511868953704834,0,continue,2.872378478754918,0
90,11,1,0.08088753973412448,0.829,5.315310844755218,1.510156512260437,0,continue,2.9532660184890425,0
90,12,2,-0.05649592213018234,0.829,5.295078644986592,1.5882271528244019,0,continue,2.89677009635886,0
90,13,0,-0.054116481008578264,0.829,5.30493912738311,1.6595441102981567,0,continue,2.8426536153502817,0
90,14,0,-0.1806560282796023,0.829,5.337209236846798,1.6697571277618408,0,continue,2.6619975870706796,0
90,15,2,-0.2597330349697029,0.829,5.373719002314656,1.7412421703338623,0,continue,2.4022645521009767,0
90,16,0,0.024678265443116496,0.829,5.38040286361652,1.7450871467590332,0,continue,2.4269428175440932,0
90,17,0,-0.4418049303428545,0.829,5.493122045301812,1.725907564163208,0,continue,1.9851378872012386,0
90,18,1,-0.5443376546347168,0.829,5.599363606810469,1.718066930770874,0,continue,1.440800232566522,0
90,19,0,-0.14228432960368748,0.829,5.652914371772535,1.6972522735595703,0,continue,1.2985159029628344,0
90,20,0,-0.3837314463015778,0.829,5.747431543256482,1.6192573308944702,0,continue,0.9147844566612566,0
90,21,0,-0.7549681027639747,0.829,5.837607913685517,1.5889935493469238,0,continue,0.15981635389728188,0
90,22,0,-0.48613135644917055,0.829,5.906693664671149,1.555914044380188,0,continue,-0.32631500255188867,0
90,23,0,-0.6292417994674071,0.829,5.996994921227028,1.481851577758789,0,continue,-0.9555568020192957,0
90,24,0,-0.85645940484124,0.829,6.133960618574223,1.3889080286026,0,continue,-1.8120162068605357,0
90,25,0,-0.34513773693104355,0.829,6.143544681928713,1.3249768018722534,0,continue,-2.157153943791579,0
90,26,2,-0.76448063985184,0.829,6.255910621157324,1.2684731483459473,0,continue,-2.921634583643419,0
90,27,0,-0.8090206440645296,0.829,6.350419328764302,1.1961983442306519,0,continue,-3.7306552277079486,0
90,28,0,-0.6835243923232676,0.829,6.434983673894052,1.1647522449493408,0,continue,-4.4141796200312164,0
90,29,0,-0.38002058039685643,0.829,6.46698958462091,1.1360838413238525,0,continue,-4.794200200428073,0
90,30,0,-0.704830427729856,0.829,6.555550181075896,1.073290228843689,0,continue,-5.4990306281579295,0
90,31,0,-0.6393236780209238,0.829,6.623289525637347,1.0230507850646973,0,continue,-6.1383543061788535,0
90,32,0,-0.3482138669811963,0.829,6.641921413962738,0.9679913520812988,0,continue,-6.48656817316005,0
90,33,0,-0.513985102119157,0.829,6.694323267197091,0.9596881866455078,0,continue,-7.0005532752792075,0
90,34,0,-0.574609131566318,0.829,6.7374290137621555,0.8903297185897827,0,continue,-7.575162406845525,0
90,35,0,-0.3858514374366291,0.829,6.7580730806738805,0.8466506600379944,0,continue,-7.961013844282154,0
90,36,1,-0.24544802876931043,0.829,6.762504285690883,0.8211477398872375,0,continue,-8.206461873051465,0
90,37,0,-0.4984176603352417,0.829,6.773503666709836,0.7841838002204895,0,continue,-8.704879533386707,0
90,38,2,-0.3700102427511185,0.829,6.794683881140711,0.7621334791183472,0,continue,-9.074889776137827,0
90,39,0,-0.5426967701653536,0.829,6.847713315053542,0.7490180134773254,0,continue,-9.61758654630318,0
90,40,0,-0.5271660380613241,0.829,6.913244789267369,0.754307746887207,0,continue,-10.144752584364504,0
90,41,0,-0.446687385098533,0.829,6.972677222716896,0.793531596660614,0,continue,-10.591439969463037,0
90,42,2,-0.22493784008764633,0.829,6.977047391450199,0.7969177961349487,0,continue,-10.816377809550684,0
90,43,0,-0.5086481108560759,0.829,7.022747559756512,0.7682662010192871,0,continue,-11.325025920406759,0
90,44,0,-0.6717998871999685,0.829,7.098940558045493,0.750258207321167,0,continue,-11.996825807606728,0
90,45,0,-0.549939912685296,0.829,7.169836678958775,0.7446921467781067,0,continue,-12.546765720292024,0
90,46,1,-0.38290144758495925,0.829,7.205810193678469,0.7377910017967224,0,continue,-12.929667167876984,0
90,47,0,-0.4886533011573166,0.829,7.251541013015202,0.6710483431816101,0,continue,-13.4183204690343,0
90,48,0,-0.579623520602528,0.829,7.312904880250366,0.5206394195556641,0,continue,-13.997943989636829,0
90,49,0,-0.3553201857904069,0.829,7.3310931963584025,0.42799022793769836,0,continue,-14.353264175427235,0
90,50,0,-0.9268458491924139,0.829,7.444837597534336,0.3581414818763733,0,continue,-15.280110024619649,0
90,51,1,-0.7506473664153899,0.829,7.514705231559358,0.2952928841114044,0,continue,-16.03075739103504,0
90,52,0,-0.3416079037495379,0.829,7.521980270385389,0.2193078100681305,0,continue,-16.372365294784576,0
90,53,0,-31.09908956444974,0.829,7.531079548255142,0.1804521232843399,1,crush,-47.47145485923431,0
91,1,2,-0.4619075814685518,0.8271,3.3325291229750214,0.1215517520904541,0,continue,-0.4619075814685518,0
91,2,0,-1.0417425009576178,0.8271,3.3324701539143615,0.11999999731779099,0,continue,-1.5036500824261696,0
91,3,2,-0.468917508673829,0.8271,3.3324959765121096,0.11999999731779099,0,continue,-1.9725675910999985,0
91,4,0,-31.062731480619004,0.8271,3.3322435136495505,0.11999999731779099,1,crush,-33.035299071719,0
92,1,0,0.0,0.8252,5.87551209122424,1.020810842514038,0,continue,0.0,0
92,2,0,-0.010704579988007069,0.8252,5.875514008550543,1.0264642238616943,0,continue,-0.010704579988007069,0
92,3,0,0.00970780513463674,0.8252,5.875513309725263,1.0197319984436035,0,continue,-0.0009967748533703299,0
92,4,0,0.008526099923994314,0.8252,5.872439335833421,1.0191764831542969,0,continue,0.007529325070623984,0
92,5,2,0.5316281433470966,0.8252,5.784906434827851,1.0272685289382935,0,continue,0.5391574684177206,0
92,6,1,0.24246199268831936,0.8252,5.676070436573597,1.0308278799057007,0,continue,0.78161946110604,0
92,7,1,0.33483694293807476,0.8252,5.608574141430689,1.0285934209823608,0,continue,1.1164564040441147,0
92,8,0,0.4964149778804595,0.8252,5.508754723001889,1.0385417938232422,0,continue,1.6128713819245744,0
92,9,1,0.5012884715419362,0.8252,5.408146733826118,1.186006784439087,0,continue,2.1141598534665107,0
92,10,0,0.2823877241948422,0.8252,5.358815075626628,1.2754690647125244,0,continue,2.396547577661353,0
92,11,0,0.5086674885470395,0.8252,5.258204500148004,1.304174542427063,0,continue,2.9052150662083926,0
92,12,1,0.7046794877364322,0.8252,5.116898249656246,1.4158673286437988,0,continue,3.609894553944825,0
92,13,2,0.40088672537776376,0.8252,5.001158182159329,1.5325736999511719,0,continue,4.010781279322589,0
92,14,0,0.34203482240445515,0.8252,4.934650775063741,1.5704410076141357,0,continue,4.3528161017270435,0
92,15,2,0.49167141129170905,0.8252,4.86092135360401,1.7547420263290405,0,continue,4.844487513018753,0
92,16,1,0.5539365051901223,0.8252,4.689456694881698,1.8958698511123657,0,continue,5.398424018208875,0
92,17,0,0.22263775007543965,0.8252,4.653609108684165,1.9007591009140015,0,continue,5.6210617682843145,0
92,18,0,0.31832927610704176,0.8252,4.588226939607184,1.8103564977645874,0,continue,5.939391044391356,0
92,19,0,0.24166084384368042,0.8252,4.536437004471803,1.7241277694702148,0,continue,6.181051888235037,0
92,20,0,0.1305233838641665,0.8252,4.511663229669225,1.6119015216827393,0,continue,6.311575272099203,0
92,21,1,0.0318528184414963,0.8252,4.504212663032456,1.5771650075912476,0,continue,6.3434280905407,0
92,22,1,0.2035481359919696,0.8252,4.472592342532187,1.506826400756836,0,continue,6.546976226532669,0
92,23,0,0.17346275447529305,0.8252,4.420401125950589,1.443518042564392,0,continue,6.720438981007962,0
92,24,0,0.31701283431742594,0.8252,4.356053747309355,1.4295059442520142,0,continue,7.0374518153253875,0
92,25,0,0.16935509214187527,0.8252,4.311153633963303,1.4000293016433716,0,continue,7.2068069074672625,0
92,26,0,0.13081796125220116,0.8252,4.292963584103644,1.3453108072280884,0,continue,7.337624868719463,0
92,27,1,0.3272333907918897,0.8252,4.228508750572071,1.3019546270370483,0,continue,7.6648582595113535,0
92,28,0,0.3256882745693654,0.8252,4.158772862407522,1.2449696063995361,0,continue,7.9905465340807185,0
92,29,0,0.12785499749119209,0.8252,4.131227904340454,1.216198444366455,0,continue,8.11840153157191,0
92,30,0,0.3828143277415843,0.8252,4.052111710615544,1.1958996057510376,0,continue,8.501215859313495,0
92,31,0,0.8362382180908008,0.8252,3.887942044885107,1.0814164876937866,0,continue,9.337454077404296,0
92,32,2,0.6521277674088553,0.8252,3.7774221997406676,0.9953640699386597,0,continue,9.98958184481315,0
92,33,0,0.2931300843749328,0.8252,3.7092576174723395,0.8691783547401428,0,continue,10.282711929188084,0
92,34,0,0.2000344065890483,0.8252,3.6557824527329417,0.7133809328079224,0,continue,10.482746335777133,0
92,35,2,0.07809708176538119,0.8252,3.641769384089094,0.7063502669334412,0,continue,10.560843417542515,0
92,36,0,-0.8682611382908093,0.8252,3.646693265299092,0.6444409489631653,0,continue,9.692582279251706,0
92,37,0,-0.9476976835616084,0.8252,3.6921463837509387,0.5860695242881775,0,continue,8.744884595690097,0
92,38,1,-0.12061527732529997,0.8252,3.7162694392159987,0.5651375651359558,0,continue,8.624269318364798,0
92,39,2,-0.6831731962383134,0.8252,3.7929040784636614,0.6135905981063843,0,continue,7.941096122126484,0
92,40,0,-0.3984432633410185,0.8252,3.8305041724580065,0.6363044381141663,0,continue,7.542652858785465,0
92,41,0,-0.28058288558917044,0.8252,3.8535292116234174,0.6717626452445984,0,continue,7.2620699731962945,0
92,42,1,-0.29612545538241,0.8252,3.9127543026998994,0.7095341682434082,0,continue,6.965944517813885,0
92,43,0,-0.26106559425650416,0.8252,3.967718853016349,0.7279365658760071,0,continue,6.704878923557381,0
92,44,1,-0.1822473116994172,0.8252,4.004168315356233,0.7411933541297913,0,continue,6.522631611857964,0
92,45,0,-0.39474077576884137,0.8252,4.080554038220877,0.7635953426361084,0,continue,6.127890836089122,0
92,46,0,-0.32560789976597815,0.8252,4.1391642384592675,0.8306835889816284,0,continue,5.802282936323144,0
92,47,0,-0.1300527876009891,0.8252,4.170501276818873,0.8922139406204224,0,continue,5.672230148722155,0
92,48,0,-0.6095582279286418,0.8252,4.25263886114784,0.9712740182876587,0,continue,5.062671920793513,0
92,49,1,-0.5767111630294703,0.8252,4.3269657759978175,1.00075364112854,0,continue,4.485960757764043,0
92,50,2,-0.8094256659752261,0.8252,4.387306632441074,1.004690408706665,0,continue,3.676535091788817,0
92,51,1,-0.5410167620848709,0.8252,4.395275379362508,1.0495567321777344,0,continue,3.135518329703946,0
92,52,0,-0.4082091394940806,0.8252,4.436598198143683,1.098146915435791,0,continue,2.7273091902098656,0
92,53,0,-0.33541759285935013,0.8252,4.4571744650991265,1.1436407566070557,0,continue,2.3918915973505155,0
92,54,0,-0.21880197430110798,0.8252,4.45547649981497,1.1581201553344727,0,continue,2.1730896230494077,0
92,55,0,-0.2082114253244096,0.8252,4.450924781620157,1.1608819961547852,0,continue,1.964878197724998,0
92,56,0,-0.1091851615486632,0.8252,4.4348454907707335,1.19706130027771,0,continue,1.8556930361763349,0
92,57,0,-0.20802180487903194,0.8252,4.474340687209771,1.197805643081665,0,continue,1.647671231297303,0
92,58,2,-0.5349574032406834,0.8252,4.532623147261208,1.188654899597168,0,continue,1.1127138280566196,0
92,59,1,-0.5769120659554635,0.8252,4.543202743231789,1.1244844198226929,0,continue,0.535801762101156,0
92,60,0,-1.0148159493343383,0.8252,4.683025892224167,1.1217381954193115,0,continue,-0.47901418723318223,0
92,61,2,-0.9099973119612697,0.8252,4.8212735357562195,1.1488703489303589,0,continue,-1.389011499194452,0
92,62,0,-0.9283562930041442,0.8252,4.971509266422898,1.2085803747177124,0,continue,-2.3173677921985965,0
92,63,0,-0.7222937673582654,0.8252,5.08268501102868,1.2872105836868286,0,continue,-3.039661559556862,0
92,64,0,-0.6307787316560881,0.8252,5.1915590691360975,1.36849844455719,0,continue,-3.67044029121295,0
92,65,0,-0.19989180673202597,0.8252,5.201656925969556,1.4375379085540771,0,continue,-3.870332097944976,0
92,66,0,-0.6575123485214462,0.8252,5.298405660473041,1.5007730722427368,0,continue,-4.527844446466422,0
92,67,1,-0.7261567478622255,0.8252,5.403250340008309,1.569969654083252,0,continue,-5.254001194328648,0
92,68,0,-0.8433535768373215,0.8252,5.538411820099176,1.624528408050537,0,continue,-6.0973547711659695,0
92,69,2,-0.42070373250109183,0.8252,5.582450403797053,1.64230215549469,0,continue,-6.518058503667062,0
92,70,0,-0.6911030200763385,0.8252,5.688987714524764,1.5655853748321533,0,continue,-7.209161523743401,0
92,71,1,-0.7755373022123901,0.8252,5.803827396891422,1.4952000379562378,0,continue,-7.984698825955791,0
92,72,2,-0.8730368214720805,0.8252,5.878282536850358,1.4232771396636963,0,continue,-8.857735647427871,0
92,73,2,-0.25329202279868607,0.8252,5.888927454479861,1.3460867404937744,0,continue,-9.111027670226557,0
92,74,0,-0.5579587208508239,0.8252,5.964725918382217,1.2211108207702637,0,continue,-9.66898639107738,0
92,75,0,-1.3470433560987032,0.8252,6.0230078254395805,1.1515696048736572,0,continue,-11.016029747176084,0
92,76,2,-0.4295254503497977,0.8252,6.065449501080955,1.1143991947174072,0,continue,-11.445555197525882,0
92,77,0,-0.5551890665424588,0.8252,6.132023451398155,1.09379243850708,0,continue,-12.000744264068341,0
92,78,0,-0.05660973033868866,0.8252,6.1551171351742795,1.0508776903152466,0,continue,-12.05735399440703,0
92,79,0,-1.709293307681705,0.8252,6.235658308731661,0.9866775870323181,0,continue,-13.766647302088735,0
92,80,0,-0.6764005760584062,0.8252,6.315289557962424,0.9804269075393677,0,continue,-14.44304787814714,0
92,81,0,-0.5877794063259917,0.8252,6.360026355782447,0.9644711017608643,0,continue,-15.030827284473132,0
92,82,0,-0.7537974235929332,0.8252,6.460005291177923,0.9642143249511719,0,continue,-15.784624708066065,0
92,83,0,-0.6918685970084062,0.8252,6.56358889217782,0.9961643815040588,0,continue,-16.47649330507447,0
92,84,0,-0.454191558150658,0.8252,6.614911440902838,1.0123522281646729,0,continue,-16.930684863225128,0
92,85,0,-0.7690751193218477,0.8252,6.727262610823506,1.0193860530853271,0,continue,-17.699759982546976,0
92,86,0,-0.8186888069287845,0.8252,6.855155688809132,1.052014946937561,0,continue,-18.51844878947576,0
92,87,2,-0.9536686263116321,0.8252,7.005652229493757,0.995730459690094,0,continue,-19.47211741578739,0
92,88,0,-0.29536263777442057,0.8252,7.02894132779575,0.8606098890304565,0,continue,-19.767480053561812,0
92,89,2,-1.1296791280659826,0.8252,7.214561358261174,0.621675431728363,0,continue,-20.897159181627796,0
92,90,0,-1.0392428296255598,0.8252,7.384083044185343,0.5219689607620239,0,continue,-21.936402011253357,0
92,91,0,-0.4955602174778469,0.8252,7.423755170102215,0.39550331234931946,0,continue,-22.431962228731205,0
92,92,0,-0.7095411676618808,0.8252,7.427175535411477,0.2542571723461151,0,continue,-23.141503396393087,0
92,93,0,-31.335442896004913,0.8252,7.429092715734341,0.11999999731779099,1,crush,-54.476946292398,0
93,1,0,-1.02457843610963,0.8233,4.465413824785068,0.11999999731779099,0,continue,-1.02457843610963,0
93,2,2,-0.4670184776130507,0.8233,4.465403471598572,0.11999999731779099,0,continue,-1.4915969137226806,0
93,3,0,-1.0637801447369033,0.8233,4.465403924363483,0.11999999731779099,0,continue,-2.555377058459584,0
93,4,2,-30.46773907588706,0.8233,4.465240129180424,0.11999999731779099,1,crush,-33.023116134346644,0
94,1,0,0.0,0.8214,5.846926974605239,1.0585399866104126,0,continue,0.0,0
94,2,1,0.013856230473634023,0.8214,5.844155554378843,1.0514072179794312,0,continue,0.013856230473634023,0
94,3,0,0.4403259278956928,0.8214,5.754216428906154,1.0606014728546143,0,continue,0.45418215836932685,0
94,4,2,0.5069302326087802,0.8214,5.671446341275182,1.0589721202850342,0,continue,0.9611123909781071,0
94,5,0,0.3493461945675954,0.8214,5.592238558575677,1.0981248617172241,0,continue,1.3104585855457025,0
94,6,0,0.20785895529982737,0.8214,5.547413131237575,1.1415491104125977,0,continue,1.5183175408455298,0
94,7,0,0.18584796643008283,0.8214,5.51017750979872,1.1816421747207642,0,continue,1.7041655072756128,0
94,8,0,0.5726732958596622,0.8214,5.404410743552008,1.2473130226135254,0,continue,2.276838803135275,0
94,9,1,0.48561763343607606,0.8214,5.320889904865095,1.3082194328308105,0,continue,2.762456436571351,0
94,10,0,0.33835148718104857,0.8214,5.259828425726141,1.3732508420944214,0,continue,3.1008079237523996,0
94,11,1,0.49966467067674875,0.8214,5.193644973854273,1.4688892364501953,0,continue,3.6004725944291485,0
94,12,2,-0.2018864832831186,0.8214,5.165280089087788,1.5437250137329102,0,continue,3.39858611114603,0
94,13,1,0.6330751628179745,0.8214,5.0070878047359955,1.5890916585922241,0,continue,4.031661273964005,0
94,14,2,0.35754323726181936,0.8214,4.873724070971827,1.6881775856018066,0,continue,4.389204511225825,0
94,15,0,0.684489631225136,0.8214,4.73927243145987,1.7218633890151978,0,continue,5.073694142450961,0
94,16,1,0.22038706803962455,0.8214,4.6923651052499,1.8030529022216797,0,continue,5.294081210490585,0
94,17,1,1.0637170439874073,0.8214,4.479012412017694,1.8299866914749146,0,continue,6.357798254477992,0
94,18,0,0.7264687906300537,0.8214,4.344091071510442,1.6965487003326416,0,continue,7.084267045108046,0
94,19,0,0.5842052036966339,0.8214,4.2275240865717745,1.6716142892837524,0,continue,7.6684722488046795,0
94,20,1,0.13359419985595913,0.8214,4.2004193918172135,1.5102496147155762,0,continue,7.802066448660638,0
94,21,2,0.01302737037483973,0.8214,4.1380811974471765,1.4131312370300293,0,continue,7.815093819035478,0
94,22,0,0.6902836629073671,0.8214,4.012842156537072,1.2603332996368408,0,continue,8.505377481942844,0
94,23,0,0.7422388142800016,0.8214,3.8693298116037216,1.1643013954162598,0,continue,9.247616296222846,0
94,24,0,0.6488632253727534,0.8214,3.7417491111903076,1.1710188388824463,0,continue,9.8964795215956,0
94,25,0,0.4778260762604506,0.8214,3.6626002325775513,0.9762261509895325,0,continue,10.37430559785605,0
94,26,0,0.8183966330541846,0.8214,3.5106191486260157,0.8350016474723816,0,continue,11.192702230910236,0
94,27,0,0.26798107499082957,0.8214,3.465073779416293,0.7278075218200684,0,continue,11.460683305901066,0
94,28,1,0.3439104374350148,0.8214,3.3944642177152615,0.6686287522315979,0,continue,11.804593743336081,0
94,29,0,0.3615536244254235,0.8214,3.3193677986844925,0.5180343389511108,0,continue,12.166147367761505,0
94,30,0,0.05502320286917234,0.8214,3.2911939214097807,0.4277570843696594,0,continue,12.221170570630678,0
94,31,0,0.21523912912669513,0.8214,3.2334236706949735,0.3980182707309723,0,continue,12.436409699757373,0
94,32,2,0.2300598864745892,0.8214,3.154843821461202,0.3106606900691986,0,continue,12.666469586231962,0
94,33,2,-0.24564184980284287,0.8214,3.1482115046459693,0.23579666018486023,0,continue,12.42082773642912,0
94,34,2,-30.294684184919717,0.8214,3.1208900735120695,0.15350164473056793,1,crush,-17.8738564484906,0
95,1,0,-1.0275403101178087,0.8195,4.79946185597295,0.11999999731779099,0,continue,-1.0275403101178087,0
95,2,0,-1.054853158426085,0.8195,4.799462239331872,0.11999999731779099,0,continue,-2.0823934685438936,0
95,3,2,-0.46849383614363604,0.8195,4.799461490836392,0.11999999731779099,0,continue,-2.5508873046875298,0
95,4,1,-30.762173628641456,0.8195,4.79946042016334,0.11999999731779099,1,crush,-33.313060933328984,0
96,1,1,0.00026291608810424805,0.8176,5.545951867793058,1.3674684762954712,0,continue,0.00026291608810424805,0
96,2,1,1.416543183316854e-05,0.8176,5.5459486924722485,1.3626450300216675,0,continue,0.00027708151993741657,0
96,3,0,0.2791662218157192,0.8176,5.4863984814006885,1.3492851257324219,0,continue,0.27944330333565665,0
96,4,2,0.10799813747733175,0.8176,5.455011295219756,1.3694473505020142,0,continue,0.38744144081298837,0
96,5,0,0.07378368036808106,0.8176,5.437442073514195,1.344995141029358,0,continue,0.4612251211810694,0
96,6,2,0.32595170336292806,0.8176,5.370795182064267,1.3794167041778564,0,continue,0.7871768245439974,0
96,7,0,0.28857383259448216,0.8176,5.29629535663319,1.447587251663208,0,continue,1.0757506571384796,0
96,8,1,0.2995051797846542,0.8176,5.262491540236728,1.452915072441101,0,continue,1.3752558369231338,0
96,9,0,0.0937918411603168,0.8176,5.243040583983644,1.533386468887329,0,continue,1.4690476780834505,0
96,10,2,0.10469454672197066,0.8176,5.221408426557284,1.5923283100128174,0,continue,1.5737422248054211,0
96,11,0,0.39796773293869264,0.8176,5.195869581042401,1.663591742515564,0,continue,1.9717099577441137,0
96,12,0,0.24645109905114526,0.8176,5.19095380349746,1.6685030460357666,0,continue,2.218161056795259,0
96,13,0,-0.020905166062912185,0.8176,5.181928397708329,1.6917847394943237,0,continue,2.1972558907323467,0
96,14,0,0.1266904197881558,0.8176,5.153906902912011,1.7203006744384766,0,continue,2.3239463105205025,0
96,15,2,0.1861904645245991,0.8176,5.10793355991208,1.7384159564971924,0,continue,2.5101367750451016,0
96,16,0,0.1776884649584145,0.8176,5.065294848875936,1.7455400228500366,0,continue,2.687825240003516,0
96,17,0,0.12601610474731686,0.8176,4.96007058070224,1.76679265499115,0,continue,2.813841344750833,0
96,18,0,0.2976547932953913,0.8176,4.859444728766939,1.7985957860946655,0,continue,3.111496138046224,0
96,19,0,0.3150366944600027,0.8176,4.790271058229269,1.8426891565322876,0,continue,3.4265328325062265,0
96,20,0,0.1627965293890887,0.8176,4.7567933460681795,1.8730663061141968,0,continue,3.5893293618953153,0
96,21,0,0.3232009524287044,0.8176,4.693086573869061,1.8962736129760742,0,continue,3.9125303143240195,0
96,22,1,0.23068935438493954,0.8176,4.636481392591487,1.8019587993621826,0,continue,4.143219668708959,0
96,23,1,0.05781799140231958,0.8176,4.621781966689826,1.721895694732666,0,continue,4.201037660111278,0
96,24,0,0.6664768611970007,0.8176,4.48359049749595,1.6817302703857422,0,continue,4.867514521308278,0
96,25,2,0.70606212350197,0.8176,4.3392005200036055,1.557198166847229,0,continue,5.573576644810248,0
96,26,2,0.10487782382821878,0.8176,4.316679453831618,1.5544636249542236,0,continue,5.678454468638467,0
96,27,0,0.49735555252297425,0.8176,4.225925236103358,1.4174073934555054,0,continue,6.175810021161441,0
96,28,0,0.2983958810654932,0.8176,4.1610770815758436,1.3163576126098633,0,continue,6.4742059022269345,0
96,29,0,0.035376545842333726,0.8176,4.149365255440025,1.2712881565093994,0,continue,6.509582448069268,0
96,30,2,0.26540042656979584,0.8176,4.094296494324658,1.1785742044448853,0,continue,6.774982874639064,0
96,31,0,0.47307890284628057,0.8176,4.000287657551373,1.10065758228302,0,continue,7.248061777485344,0
96,32,2,0.4882600972628939,0.8176,3.9177748178341774,1.0670851469039917,0,continue,7.7363218747482385,0
96,33,1,-0.0387984540246748,0.8176,3.861495863043491,1.0249652862548828,0,continue,7.697523420723564,0
96,34,2,0.017777068425565715,0.8176,3.7985269438465226,0.8890547156333923,0,continue,7.715300489149129,0
96,35,2,0.0774327887876944,0.8176,3.788375085944319,0.7997991442680359,0,continue,7.792733277936824,0
96,36,0,0.5172539317035921,0.8176,3.6670515396464913,0.7151665091514587,0,continue,8.309987209640417,0
96,37,2,0.7670232115540924,0.8176,3.5110451229345974,0.6497713327407837,0,continue,9.077010421194508,0
96,38,0,0.5062299513666634,0.8176,3.410432264438377,0.6555886268615723,0,continue,9.583240372561171,0
96,39,0,0.21334559930465405,0.8176,3.3612999807670545,0.5389012694358826,0,continue,9.796585971865825,0
96,40,0,0.5466676181807709,0.8176,3.24416583923112,0.3793351948261261,0,continue,10.343253590046597,0
96,41,2,-0.29196261471707735,0.8176,3.2445999886246986,0.24269120395183563,0,continue,10.05129097532952,0
96,42,0,-0.5237377688552388,0.8176,3.2406382615912674,0.2376352995634079,0,continue,9.52755320647428,0
96,43,1,-30.487059011913352,0.8176,3.24256138054988,0.12075025588274002,1,crush,-20.959505805439072,0
97,1,0,-0.9979961354466356,0.8157,3.1996687980138026,0.11999999731779099,0,continue,-0.9979961354466356,0
97,2,0,-1.0054252655195517,0.8157,3.199671533609794,0.11999999731779099,0,continue,-2.0034214009661873,0
97,3,2,-0.46849739721292044,0.8157,3.199671704165017,0.11999999731779099,0,continue,-2.4719187981791078,0
97,4,2,-30.46627382373198,0.8157,3.1996699452542656,0.11999999731779099,1,crush,-32.93819262191109,0
98,1,1,0.0,0.8138,5.712270836969885,1.2328532934188843,0,continue,0.0,0
98,2,0,-0.059837657625600255,0.8138,5.719013647969121,1.2317395210266113,0,continue,-0.059837657625600255,0
98,3,1,-0.011356632355149186,0.8138,5.709588066318461,1.2386027574539185,0,continue,-0.07119428998074945,0
98,4,0,0.30327175018829006,0.8138,5.63785164323757,1.233246088027954,0,continue,0.2320774602075406,0
98,5,1,0.2331671935538017,0.8138,5.58607738095375,1.2310526371002197,0,continue,0.4652446537613423,0
98,6,0,0.46919622326153915,0.8138,5.471907225974781,1.2385295629501343,0,continue,0.9344408770228814,0
98,7,0,0.2607862874971359,0.8138,5.430208090161024,1.285640001296997,0,continue,1.1952271645200172,0
98,8,0,0.25677651936345447,0.8138,5.371008102701121,1.2781497240066528,0,continue,1.4520036838834716,0
98,9,1,0.21791692121332468,0.8138,5.311953652512929,1.4932239055633545,0,continue,1.6699206050967963,0
98,10,2,0.41438421776117723,0.8138,5.205928397240399,1.5175689458847046,0,continue,2.0843048228579737,0
98,11,2,0.8840415542514775,0.8138,5.0483645747488515,1.604885220527649,0,continue,2.968346377109451,0
98,12,2,0.5838574487478059,0.8138,4.9315799897839465,1.6351786851882935,0,continue,3.552203825857257,0
98,13,1,-0.11137583202455695,0.8138,4.8936015805307,1.7995212078094482,0,continue,3.4408279938326998,0
98,14,1,0.4507306007134112,0.8138,4.790694044115055,1.9341273307800293,0,continue,3.891558594546111,0
98,15,0,0.2182338134733116,0.8138,4.740164979264896,1.843113899230957,0,continue,4.109792408019422,0
98,16,0,0.9406906745227386,0.8138,4.556219462819741,1.746246337890625,0,continue,5.050483082542161,0
98,17,0,0.39488374090622935,0.8138,4.482662515909936,1.6731188297271729,0,continue,5.44536682344839,0
98,18,0,0.608599953942897,0.8138,4.370688488790408,1.631404161453247,0,continue,6.053966777391287,0
98,19,0,0.5637822747476545,0.8138,4.263325586179716,1.5070127248764038,0,continue,6.617749052138942,0
98,20,2,0.6565693628528504,0.8138,4.151278621305768,1.4175727367401123,0,continue,7.274318414991792,0
98,21,0,0.12774678902431189,0.8138,4.128674297720828,1.3969708681106567,0,continue,7.402065204016104,0
98,22,0,0.5287196635282354,0.8138,4.030866141606887,1.2747628688812256,0,continue,7.9307848675443395,0
98,23,0,0.5859327002627744,0.8138,3.920432285350413,1.1921981573104858,0,continue,8.516717567807113,0
98,24,0,0.35247958396356516,0.8138,3.859123281063874,1.0773974657058716,0,continue,8.869197151770678,0
98,25,0,0.31286323692583623,0.8138,3.7972957508443734,0.9954188466072083,0,continue,9.182060388696513,0
98,26,2,0.19012722953393862,0.8138,3.7552661087651433,0.88606196641922,0,continue,9.372187618230452,0
98,27,1,-0.31224402050720873,0.8138,3.7540927031056457,0.8227134943008423,0,continue,9.059943597723244,0
98,28,2,-0.17123269451316184,0.8138,3.7368465039648955,0.7728478312492371,0,continue,8.888710903210082,0
98,29,2,0.8099117977995353,0.8138,3.687764241059979,0.712200403213501,0,continue,9.698622701009617,0
98,30,1,-0.15790029453286777,0.8138,3.654635163633492,0.6920555830001831,0,continue,9.54072240647675,0
98,31,0,0.8551975659781291,0.8138,3.5467321665998637,0.653555154800415,0,continue,10.395919972454879,0
98,32,0,0.8879161911981563,0.8138,3.476716099375225,0.6257961988449097,0,continue,11.283836163653035,0
98,33,1,0.10480613658733115,0.8138,3.455115063591483,0.586426854133606,0,continue,11.388642300240367,0
98,34,0,0.3354269469317297,0.8138,3.374804053193126,0.5362043380737305,0,continue,11.724069247172096,0
98,35,2,0.28184282558437035,0.8138,3.301572821781423,0.4582894742488861,0,continue,12.005912072756466,0
98,36,0,0.0008554075359213514,0.8138,3.2813962718718592,0.4284631311893463,0,continue,12.006767480292387,0
98,37,2,0.08099578550077197,0.8138,3.2369990394297137,0.3537766635417938,0,continue,12.087763265793159,0
98,38,1,-0.22291454644445324,0.8138,3.173715197826466,0.2900833487510681,0,continue,11.864848719348705,0
98,39,0,-0.2681190537374365,0.8138,3.112891385483918,0.23454080522060394,0,continue,11.596729665611269,0
98,40,1,-0.16211403230872834,0.8138,3.0926207962436294,0.22145850956439972,0,continue,11.43461563330254,0
98,41,0,-30.812707913181193,0.8138,3.0932142278574513,0.17512285709381104,1,crush,-19.37809227987865,0
