episode,step,action,reward,epsilon,distance_to_goal,min_laser,done,reason,total_reward_so_far,monitor_delta_v
1,1,0,0.0,0.9981,6.000293954101529,0.903522253036499,0,continue,0.0,0
1,2,0,0.0023946181784961994,0.9981,5.99938568152884,0.9073355793952942,0,continue,0.0023946181784961994,0
1,3,2,0.3519678052643932,0.9981,5.928984954840118,0.9046899080276489,0,continue,0.3543624234428894,0
1,4,2,0.4496727954788568,0.9981,5.839342136116769,0.8897411823272705,0,continue,0.8040352189217461,0
1,5,0,0.4457711319211193,0.9981,5.749601639129884,0.8913594484329224,0,continue,1.2498063508428654,0
1,6,2,0.45538758050794365,0.9981,5.659656388083778,0.8977445363998413,0,continue,1.705193931350809,0
1,7,1,0.1109674558141189,0.9981,5.578595965682285,0.8999965190887451,0,continue,1.816161387164928,0
1,8,0,0.419836033515626,0.9981,5.497551486073996,0.9249657392501831,0,continue,2.235997420680554,0
1,9,1,0.4067098318769676,0.9981,5.416492822580527,1.0119624137878418,0,continue,2.6427072525575217,0
1,10,0,0.5396251157224222,0.9981,5.317474658367953,1.1178158521652222,0,continue,3.182332368279944,0
1,11,0,0.4742733745023588,0.9981,5.230548517490666,1.21284818649292,0,continue,3.6566057427823027,0
1,12,0,0.06357447288301588,0.9981,5.226828826447195,1.3052937984466553,0,continue,3.7201802156653185,0
1,13,2,0.2295164858702066,0.9981,5.182237599790637,1.414784550666809,0,continue,3.949696701535525,0
1,14,0,0.5404986896205521,0.9981,5.083602085672477,1.5241451263427734,0,continue,4.490195391156077,0
1,15,2,0.4507786066652483,0.9981,4.993668312426002,1.565218210220337,0,continue,4.940973997821326,0
1,16,0,0.2266597650533057,0.9981,4.956782918414226,1.669913411140442,0,continue,5.167633762874631,0
1,17,2,0.010542957556625288,0.9981,4.955731773595226,1.679930567741394,0,continue,5.1781767204312565,0
1,18,0,0.2531715390602184,0.9981,4.907341953360108,1.724104642868042,0,continue,5.431348259491475,0
1,19,1,0.2592418139402372,0.9981,4.848497001788862,1.8115755319595337,0,continue,5.6905900734317125,0
1,20,0,0.21713641259916622,0.9981,4.805077765138121,1.9090304374694824,0,continue,5.907726486030879,0
1,21,0,0.035492664203291203,0.9981,4.795067192725898,1.937795639038086,0,continue,5.94321915023417,0
1,22,0,0.1997944356246473,0.9981,4.753244358912597,1.9145492315292358,0,continue,6.143013585858817,0
1,23,0,0.20356816265580444,0.9981,4.708361300906699,1.8928743600845337,0,continue,6.346581748514621,0
1,24,1,0.0859128865816583,0.9981,4.680115731939386,1.8333929777145386,0,continue,6.43249463509628,0
1,25,0,0.00426381870504846,0.9981,4.67747342420491,1.7717273235321045,0,continue,6.436758453801328,0
1,26,0,0.10519649355417719,0.9981,4.660076477215294,1.7566192150115967,0,continue,6.541954947355506,0
1,27,0,0.1992429654459047,0.9981,4.615764212193518,1.6983375549316406,0,continue,6.74119791280141,0
1,28,1,0.39033079067043464,0.9981,4.565171358781762,1.6575524806976318,0,continue,7.131528703471845,0
1,29,0,0.13512486231983167,0.9981,4.531441491849385,1.6321039199829102,0,continue,7.266653565791676,0
1,30,1,0.3189056523602674,0.9981,4.505312801153265,1.62124502658844,0,continue,7.585559218151944,0
1,31,1,0.18662052568688633,0.9981,4.498906385484273,1.6223256587982178,0,continue,7.77217974383883,0
1,32,0,0.05412455934975875,0.9981,4.4870471547655635,1.5730676651000977,0,continue,7.826304303188588,0
1,33,0,0.05810526411814027,0.9981,4.474304438689455,1.511552333831787,0,continue,7.8844095673067285,0
1,34,1,-0.061512022405455856,0.9981,4.476914429998753,1.449968934059143,0,continue,7.822897544901273,0
1,35,0,-0.024720971831581683,0.9981,4.479454715041375,1.4136836528778076,0,continue,7.798176573069691,0
1,36,0,-0.10389868477130326,0.9981,4.4976123818585805,1.4169234037399292,0,continue,7.694277888298387,0
1,37,0,-0.07955763164398877,0.9981,4.506021787548586,1.391979455947876,0,continue,7.614720256654398,0
1,38,0,0.014872575835895803,0.9981,4.50009591837472,1.3867602348327637,0,continue,7.629592832490294,0
1,39,2,0.00032414645272149656,0.9981,4.495475481413019,1.3594176769256592,0,continue,7.629916978943015,0
1,40,0,0.18401059304050843,0.9981,4.481118639588111,1.3533915281295776,0,continue,7.813927571983523,0
1,41,0,-0.307266002284803,0.9981,4.450118533948445,1.3543508052825928,0,continue,7.5066615696987204,0
1,42,2,0.09980925094655828,0.9981,4.428243835790236,1.3808499574661255,0,continue,7.606470820645279,0
1,43,0,-0.1689591541672359,0.9981,4.415496745532843,1.3680624961853027,0,continue,7.437511666478043,0
1,44,0,0.02243784355291796,0.9981,4.405981502461914,1.3706624507904053,0,continue,7.459949510030961,0
1,45,0,0.08747696667376759,0.9981,4.38848241554572,1.3337688446044922,0,continue,7.547426476704729,0
1,46,0,0.12037300859628086,0.9981,4.361965488932505,1.2899922132492065,0,continue,7.66779948530101,0
1,47,0,0.1554650937290888,0.9981,4.32495897716159,1.26297926902771,0,continue,7.8232645790300985,0
1,48,0,0.14700488949748428,0.9981,4.290728551631282,1.2280231714248657,0,continue,7.970269468527583,0
1,49,0,0.11620788780044464,0.9981,4.265802982711482,1.2189216613769531,0,continue,8.086477356328027,0
1,50,0,0.4182207213558721,0.9981,4.184247705019462,1.1844130754470825,0,continue,8.5046980776839,0
1,51,1,0.4892535691625454,0.9981,4.097221046835743,1.1562564373016357,0,continue,8.993951646846446,0
1,52,0,0.338572492732306,0.9981,4.018973105833594,1.1022990942001343,0,continue,9.332524139578751,0
1,53,0,0.29195183798685165,0.9981,3.962845049597235,1.0790773630142212,0,continue,9.624475977565604,0
1,54,0,0.02855762704330873,0.9981,3.9626646585237397,1.0624221563339233,0,continue,9.653033604608913,0
1,55,0,0.1832648424446679,0.9981,3.9320853004045713,0.9766183495521545,0,continue,9.836298447053581,0
1,56,0,0.4067543134953224,0.9981,3.8548224746445636,0.8784413933753967,0,continue,10.243052760548903,0
1,57,1,0.38267286119253,0.9981,3.7781820684988006,0.7838128209114075,0,continue,10.625725621741433,0
1,58,0,0.4050589059371316,0.9981,3.7016897544018326,0.7051678895950317,0,continue,11.030784527678565,0
1,59,2,0.1204589851264634,0.9981,3.6772879528683364,0.7112320065498352,0,continue,11.151243512805028,0
1,60,0,0.29312858399455005,0.9981,3.618589232323636,0.6871270537376404,0,continue,11.444372096799578,0
1,61,2,0.3403186607397828,0.9981,3.5512840822371547,0.6076568365097046,0,continue,11.78469075753936,0
1,62,1,0.0012452822730057657,0.9981,3.491767578626039,0.5032147765159607,0,continue,11.785936039812366,0
1,63,0,0.11238639807873922,0.9981,3.468670256957562,0.46046558022499084,0,continue,11.898322437891105,0
1,64,0,0.07073405668238297,0.9981,3.43727661617569,0.3902876377105713,0,continue,11.969056494573488,0
1,65,0,-0.010215869799018118,0.9981,3.4211306382754483,0.39254865050315857,0,continue,11.95884062477447,0
1,66,0,-0.25789552865671783,0.9981,3.4145956181008503,0.3113262355327606,0,continue,11.700945096117753,0
1,67,2,-0.38182027050059214,0.9981,3.4189189930126247,0.2044031023979187,0,continue,11.31912482561716,0
1,68,0,-31.08127664022262,0.9981,3.41769492593962,0.13319766521453857,1,crush,-19.76215181460546,0
2,1,0,-1.0139469195338167,0.9962,3.39839427714523,0.11999999731779099,0,continue,-1.0139469195338167,0
2,2,0,-0.9588782327844434,0.9962,3.398393399821731,0.11999999731779099,0,continue,-1.97282515231826,0
2,3,0,-0.9886040247919243,0.9962,3.3983934618292713,0.11999999731779099,0,continue,-2.961429177110184,0
2,4,0,-30.986683090727798,0.9962,3.3983944045775414,0.11999999731779099,1,crush,-33.948112267837985,0
3,1,0,0.0,0.9943,6.000288559992047,0.8966348767280579,0,continue,0.0,0
3,2,0,-0.001956148491494325,0.9943,6.000287010537514,0.8911390900611877,0,continue,-0.001956148491494325,0
3,3,0,0.004244763549619601,0.9943,6.000285449436555,0.8969462513923645,0,continue,0.002288615058125276,0
3,4,0,-0.0009235995831316845,0.9943,6.000284211062658,0.8980801105499268,0,continue,0.0013650154749935916,0
3,5,0,0.0017752984401242066,0.9943,6.000283959623914,0.9046158790588379,0,continue,0.003140313915117798,0
3,6,0,-0.003968485073759509,0.9943,6.000285066651845,0.9012157917022705,0,continue,-0.0008281711586417108,0
3,7,0,0.3212399833930719,0.9943,5.936613469784302,0.9069938063621521,0,continue,0.3204118122344302,0
3,8,1,0.4479390609141147,0.9943,5.846984857198148,0.8999945521354675,0,continue,0.7683508731485449,0
3,9,0,0.4440064526440731,0.9943,5.757258899665945,0.8965902924537659,0,continue,1.2123573257926181,0
3,10,0,0.2825647357003611,0.9943,5.7021793240539935,0.8976947069168091,0,continue,1.4949220614929792,0
3,11,0,0.04040641724796579,0.9943,5.694663593986741,0.9023202061653137,0,continue,1.535328478740945,0
3,12,0,0.42715090757608776,0.9943,5.612640042646523,0.9327217936515808,0,continue,1.9624793863170327,0
3,13,0,0.44221199621323914,0.9943,5.531776075710442,1.0295227766036987,0,continue,2.404691382530272,0
3,14,0,0.4469740061026709,0.9943,5.451024977517875,1.13575279712677,0,continue,2.851665388632943,0
3,15,2,0.35929281434811067,0.9943,5.379159932970968,1.1862424612045288,0,continue,3.2109582029810535,0
3,16,2,0.39259706887706136,0.9943,5.301542861757101,1.198866844177246,0,continue,3.6035552718581148,0
3,17,0,0.07726071576823686,0.9943,5.287350050384975,1.2088736295700073,0,continue,3.6808159876263518,0
3,18,2,0.31099912944289276,0.9943,5.226127947133796,1.2999866008758545,0,continue,3.9918151170692444,0
3,19,0,0.37811804745476546,0.9943,5.154254362096963,1.3496367931365967,0,continue,4.36993316452401,0
3,20,1,0.4050400875179521,0.9943,5.073240692172001,1.45046865940094,0,continue,4.7749732520419625,0
3,21,0,0.3684001204692323,0.9943,5.001221804121578,1.4859765768051147,0,continue,5.143373372511195,0
3,22,0,0.2808779730383516,0.9943,4.955294655166508,1.5981630086898804,0,continue,5.424251345549546,0
3,23,0,0.006355983772401675,0.9943,4.955547946366865,1.611177921295166,0,continue,5.430607329321948,0
3,24,0,0.2022714416715295,0.9943,4.920129876297224,1.6674221754074097,0,continue,5.632878770993477,0
3,25,0,0.45214501356669784,0.9943,4.839256807707025,1.7622112035751343,0,continue,6.085023784560175,0
3,26,0,0.37199742496514254,0.9943,4.767328738976071,1.8110449314117432,0,continue,6.457021209525317,0
3,27,2,0.40903906794384437,0.9943,4.686413922642769,1.9245326519012451,0,continue,6.8660602774691615,0
3,28,0,0.36456097896208617,0.9943,4.617621885045718,1.9278637170791626,0,continue,7.230621256431248,0
3,29,0,0.07156611912795076,0.9943,4.601205275232208,1.9198875427246094,0,continue,7.302187375559199,0
3,30,1,0.3834311080303201,0.9943,4.52450934680757,1.9010961055755615,0,continue,7.6856184835895185,0
3,31,2,0.10560475127683117,0.9943,4.443521277679752,1.806095838546753,0,continue,7.79122323486635,0
3,32,0,0.38109016448943256,0.9943,4.371467801375894,1.752152442932129,0,continue,8.172313399355783,0
3,33,2,0.23676146946060755,0.9943,4.325650016827261,1.6605461835861206,0,continue,8.40907486881639,0
3,34,0,0.09072592632700774,0.9943,4.313386634369931,1.5921549797058105,0,continue,8.499800795143397,0
3,35,1,0.38532751116351804,0.9943,4.236464153365144,1.588009238243103,0,continue,8.885128306306916,0
3,36,0,0.44503388018049017,0.9943,4.155556686568943,1.4844130277633667,0,continue,9.330162186487406,0
3,37,0,0.42175829048316243,0.9943,4.074642137430486,1.4336880445480347,0,continue,9.751920476970568,0
3,38,2,0.23023776866993023,0.9943,4.0287157518639605,1.3306660652160645,0,continue,9.982158245640498,0
3,39,2,0.09246170481456358,0.9943,4.0102143314613015,1.2937061786651611,0,continue,10.074619950455062,0
3,40,0,0.40470497940669775,0.9943,3.9308752329300236,1.2668790817260742,0,continue,10.479324929861761,0
3,41,0,0.4054613699218663,0.9943,3.8588836966959694,1.175159215927124,0,continue,10.884786299783627,0
3,42,0,0.4302510840584136,0.9943,3.7778540707867068,1.122093677520752,0,continue,11.315037383842041,0
3,43,0,0.2620923806405099,0.9943,3.731893149232526,1.03634774684906,0,continue,11.577129764482551,0
3,44,1,0.05845243502036348,0.9943,3.7201955385228778,0.9976274371147156,0,continue,11.635582199502915,0
3,45,0,0.24882376629745703,0.9943,3.6717922804129652,0.9608129262924194,0,continue,11.884405965800372,0
3,46,0,0.23386560808287957,0.9943,3.623374819425215,0.917827844619751,0,continue,12.118271573883252,0
3,47,0,0.22122055052585762,0.9943,3.5792700236960617,0.8175262212753296,0,continue,12.33949212440911,0
3,48,0,0.054158497216216725,0.9943,3.566507624696482,0.7732874155044556,0,continue,12.393650621625326,0
3,49,0,0.14790121929595543,0.9943,3.541101620834283,0.6952176094055176,0,continue,12.541551840921281,0
3,50,0,0.2963496788252582,0.9943,3.4810260155538777,0.6928025484085083,0,continue,12.83790151974654,0
3,51,0,0.27934126277309246,0.9943,3.425610937221698,0.6401057243347168,0,continue,13.117242782519632,0
3,52,2,0.2123722937734252,0.9943,3.3831069998356607,0.5754220485687256,0,continue,13.329615076293058,0
3,53,1,-0.2984377393020547,0.9943,3.3820895372935644,0.5495635271072388,0,continue,13.031177336991004,0
3,54,2,-0.05532713759324864,0.9943,3.3435288718887164,0.5275467038154602,0,continue,12.975850199397755,0
3,55,0,0.14891217432364431,0.9943,3.29052317650277,0.49592429399490356,0,continue,13.1247623737214,0
3,56,0,0.34809224758862745,0.9943,3.243840938200977,0.4659062623977661,0,continue,13.472854621310027,0
3,57,0,0.48061653503665475,0.9943,3.1976882645171094,0.4024324417114258,0,continue,13.953471156346682,0
3,58,0,0.12251591954139966,0.9943,3.151528102240923,0.36008018255233765,0,continue,14.075987075888081,0
3,59,0,-0.54677975285391,0.9943,3.150784500918677,0.33554381132125854,0,continue,13.529207323034171,0
3,60,0,-0.46583582312518523,0.9943,3.144683983014473,0.33010023832321167,0,continue,13.063371499908985,0
3,61,2,-0.1836389247053446,0.9943,3.1428101014366714,0.28722885251045227,0,continue,12.87973257520364,0
3,62,0,-0.7395101966297164,0.9943,3.1397495172646237,0.21125160157680511,0,continue,12.140222378573924,0
3,63,0,-31.078567348854207,0.9943,3.1253012179140476,0.16540023684501648,1,crush,-18.938344970280284,0
4,1,0,-2.401769875380603,0.9924,5.064109593850672,0.11999999731779099,0,continue,-2.401769875380603,0
4,2,0,-2.4024666373970405,0.9924,5.0641090833589475,0.11999999731779099,0,continue,-4.804236512777644,0
4,3,0,-2.369273700225727,0.9924,5.064109659738876,0.11999999731779099,0,continue,-7.173510213003371,0
4,4,2,-30.46850089422924,0.9924,5.064110744747541,0.11999999731779099,1,crush,-37.64201110723261,0
5,1,0,0.0,0.9905,5.8440604962918865,1.0573723316192627,0,continue,0.0,0
5,2,2,-0.0006990286334688456,0.9905,5.844198550777612,1.0711697340011597,0,continue,-0.0006990286334688456,0
5,3,0,0.09793755800222763,0.9905,5.822580819283516,1.0692076683044434,0,continue,0.09723852936875878,0
5,4,0,0.3416933596969544,0.9905,5.7551565211269695,1.0686163902282715,0,continue,0.4389318890657132,0
5,5,1,0.33967512416230244,0.9905,5.687200563001772,1.0559935569763184,0,continue,0.7786070132280156,0
5,6,1,0.2997193859038333,0.9905,5.626931710302396,1.051152229309082,0,continue,1.078326399131849,0
5,7,0,0.32560923205516745,0.9905,5.559705006511491,1.0649962425231934,0,continue,1.4039356311870166,0
5,8,0,0.2956259624875063,0.9905,5.500442547611558,1.06411874294281,0,continue,1.699561593674523,0
5,9,1,0.25826246656476587,0.9905,5.448668685488782,1.0859501361846924,0,continue,1.957824060239289,0
5,10,1,0.25637253127578136,0.9905,5.397292235503533,1.1220418214797974,0,continue,2.21419659151507,0
5,11,2,0.03407917454158747,0.9905,5.36801729034112,1.1720420122146606,0,continue,2.2482757660566577,0
5,12,1,-0.23166060355000528,0.9905,5.354325709874461,1.2593095302581787,0,continue,2.0166151625066524,0
5,13,0,0.14798576973381888,0.9905,5.327930383459939,1.2995750904083252,0,continue,2.164600932240471,0
5,14,0,0.12945024242995165,0.9905,5.303585664669786,1.339664101600647,0,continue,2.2940511746704226,0
5,15,1,0.08998274924872059,0.9905,5.2796425326835035,1.3840042352676392,0,continue,2.384033923919143,0
5,16,0,0.034471881520810405,0.9905,5.271319570440649,1.432459831237793,0,continue,2.4185058054399535,0
5,17,1,0.011040512111984892,0.9905,5.265242671921503,1.4778367280960083,0,continue,2.4295463175519383,0
5,18,2,-0.02816065150977213,0.9905,5.249362190856663,1.544710636138916,0,continue,2.401385666042166,0
5,19,0,0.0909170182605263,0.9905,5.229972788498526,1.5634047985076904,0,continue,2.4923026843026923,0
5,20,2,0.2975349427278385,0.9905,5.201517056970717,1.5728265047073364,0,continue,2.789837627030531,0
5,21,0,0.06261624337634038,0.9905,5.190544267525411,1.6002511978149414,0,continue,2.852453870406871,0
5,22,0,0.13806966881337132,0.9905,5.167031525289542,1.628745198249817,0,continue,2.9905235392202423,0
5,23,0,0.1018651103584301,0.9905,5.13918988630197,1.6424148082733154,0,continue,3.0923886495786723,0
5,24,0,0.15157130320887724,0.9905,5.108220936846796,1.6728320121765137,0,continue,3.2439599527875496,0
5,25,2,0.2613245473261609,0.9905,5.082588110748687,1.6929636001586914,0,continue,3.5052845001137105,0
5,26,0,0.1726371419956811,0.9905,5.049675501374326,1.6904250383377075,0,continue,3.6779216421093914,0
5,27,0,0.04695970539391943,0.9905,5.04057555878756,1.724084496498108,0,continue,3.724881347503311,0
5,28,2,0.15363793132973824,0.9905,5.0278393494502165,1.7551032304763794,0,continue,3.878519278833049,0
5,29,0,0.09202933978514904,0.9905,5.009482615652798,1.7780829668045044,0,continue,3.970548618618198,0
5,30,0,0.09117362384995885,0.9905,4.991643842880741,1.8112248182296753,0,continue,4.061722242468157,0
5,31,2,0.07833972692999136,0.9905,4.9817748190535305,1.8470760583877563,0,continue,4.140061969398149,0
5,32,0,0.06907570971524238,0.9905,4.965088734148285,1.8672319650650024,0,continue,4.209137679113391,0
5,33,2,0.14759010873646639,0.9905,4.93753502336434,1.9243942499160767,0,continue,4.356727787849858,0
5,34,0,0.1717217872482617,0.9905,4.904440295656215,1.9311389923095703,0,continue,4.5284495750981195,0
5,35,0,0.045628068132695265,0.9905,4.891161159564658,1.9159660339355469,0,continue,4.574077643230815,0
5,36,2,0.1522156874180315,0.9905,4.857857048104089,1.9121780395507812,0,continue,4.726293330648847,0
5,37,0,0.498782716939565,0.9905,4.771008758371356,1.868421196937561,0,continue,5.225076047588412,0
5,38,2,0.38001244605719986,0.9905,4.693707641452314,1.8728141784667969,0,continue,5.605088493645612,0
5,39,2,0.20908519631185102,0.9905,4.651161228999443,1.834823727607727,0,continue,5.814173689957463,0
5,40,2,0.1635519522683259,0.9905,4.618403938463996,1.7801945209503174,0,continue,5.9777256422257885,0
5,41,1,0.040311568312493815,0.9905,4.550684445096141,1.7590298652648926,0,continue,6.0180372105382824,0
5,42,2,0.08209605511896799,0.9905,4.474658700766893,1.6982084512710571,0,continue,6.1001332656572504,0
5,43,0,0.30230185282866084,0.9905,4.418340431287491,1.6417425870895386,0,continue,6.402435118485911,0
5,44,0,0.09950591910394027,0.9905,4.403315781306674,1.5518712997436523,0,continue,6.501941037589852,0
5,45,2,0.19842026943559204,0.9905,4.362634066051273,1.5048373937606812,0,continue,6.700361307025443,0
5,46,0,0.18613977564840758,0.9905,4.326178271332859,1.4651345014572144,0,continue,6.886501082673851,0
5,47,2,0.20953126339964573,0.9905,4.277052462230251,1.4145820140838623,0,continue,7.096032346073496,0
5,48,1,-0.27427653263480856,0.9905,4.267016046602341,1.3778671026229858,0,continue,6.8217558134386875,0
5,49,1,0.1597409884216149,0.9905,4.233764585543331,1.2800654172897339,0,continue,6.9814968018603025,0
5,50,0,0.23924139588867893,0.9905,4.18729982105647,1.2608977556228638,0,continue,7.2207381977489815,0
5,51,0,0.1794377939683358,0.9905,4.147689012370076,1.2265024185180664,0,continue,7.400175991717317,0
5,52,0,0.1856530045019632,0.9905,4.112041935944324,1.1711522340774536,0,continue,7.585828996219281,0
5,53,0,0.07548886772554553,0.9905,4.081353299614596,1.133694052696228,0,continue,7.661317863944826,0
5,54,2,0.07299944866339873,0.9905,4.070614741303225,1.1123007535934448,0,continue,7.734317312608225,0
5,55,0,0.10668258688434673,0.9905,4.053145551641575,1.0519121885299683,0,continue,7.840999899492572,0
5,56,2,0.16593738534684208,0.9905,4.0255137860372825,1.0101814270019531,0,continue,8.006937284839415,0
5,57,2,0.2460127814209923,0.9905,3.9893801579433443,0.9822044968605042,0,continue,8.252950066260407,0
5,58,0,-0.6652077984293744,0.9905,3.9419602214541385,0.9417978525161743,0,continue,7.5877422678310324,0
5,59,0,0.0138631265220538,0.9905,3.8965843239975166,0.920368492603302,0,continue,7.601605394353086,0
5,60,1,0.05324963235162654,0.9905,3.881162456955882,0.9241014719009399,0,continue,7.654855026704713,0
5,61,0,0.14356113662768177,0.9905,3.8594831887168812,0.908467710018158,0,continue,7.798416163332394,0
5,62,0,0.6963832076335578,0.9905,3.811423597409295,0.896989107131958,0,continue,8.494799370965952,0
5,63,0,0.4307229869503355,0.9905,3.76576362674018,0.8725630640983582,0,continue,8.925522357916288,0
5,64,0,0.04455617294209864,0.9905,3.7309555184690453,0.8254722952842712,0,continue,8.970078530858386,0
5,65,0,0.1309209424054609,0.9905,3.703130366352864,0.8062273859977722,0,continue,9.100999473263846,0
5,66,0,0.07341878384349951,0.9905,3.6806649661605544,0.7931696772575378,0,continue,9.174418257107344,0
5,67,0,0.011502349397366773,0.9905,3.6791231005023777,0.7505507469177246,0,continue,9.18592060650471,0
5,68,0,0.004937031028293215,0.9905,3.676314788672117,0.7325596213340759,0,continue,9.190857637533004,0
5,69,0,-0.4183066684006954,0.9905,3.657473992326922,0.6672770977020264,0,continue,8.772550969132308,0
5,70,1,0.11313957362796545,0.9905,3.63356079556942,0.6227226257324219,0,continue,8.885690542760273,0
5,71,0,0.01899088759383604,0.9905,3.611921089472429,0.6135251522064209,0,continue,8.904681430354108,0
5,72,0,-0.024311559498640917,0.9905,3.591871726011917,0.5869375467300415,0,continue,8.880369870855468,0
5,73,0,0.016631554907311857,0.9905,3.576470331774687,0.5876250267028809,0,continue,8.89700142576278,0
5,74,2,0.7816961301989145,0.9905,3.56208397801121,0.5848438143730164,0,continue,9.678697555961694,0
5,75,0,0.03217807806184487,0.9905,3.56058386077928,0.5704392790794373,0,continue,9.71087563402354,0
5,76,2,0.7301414851870525,0.9905,3.558272182160563,0.5592653155326843,0,continue,10.441017119210592,0
5,77,2,0.8019485279528578,0.9905,3.545108786346298,0.5442158579826355,0,continue,11.24296564716345,0
5,78,0,-0.11725461983083721,0.9905,3.5316053717618976,0.5245851874351501,0,continue,11.125711027332613,0
5,79,1,0.041346795386982826,0.9905,3.523336012684501,0.5156534910202026,0,continue,11.167057822719595,0
5,80,0,-0.2019419505401955,0.9905,3.5230112999750047,0.5046725869178772,0,continue,10.9651158721794,0
5,81,0,-0.13397531111655123,0.9905,3.5181762705311397,0.5035889744758606,0,continue,10.831140561062849,0
5,82,0,-0.29788288290910725,0.9905,3.521151835148914,0.4900619685649872,0,continue,10.533257678153742,0
5,83,0,-0.4620606848926689,0.9905,3.5389267823098614,0.4571562707424164,0,continue,10.071196993261074,0
5,84,0,-0.5071060438222049,0.9905,3.569223750390331,0.4629598557949066,0,continue,9.564090949438869,0
5,85,2,-0.17273704864319414,0.9905,3.598696075175198,0.4456012547016144,0,continue,9.391353900795675,0
5,86,0,-0.5562955555988627,0.9905,3.6019566418407303,0.4447864890098572,0,continue,8.835058345196812,0
5,87,0,-1.5797888819214774,0.9905,3.673786241783608,0.43841901421546936,0,continue,7.255269463275335,0
5,88,0,-2.223814310589107,0.9905,3.746096618238089,0.43129411339759827,0,continue,5.0314551526862274,0
5,89,0,-1.8703699642702811,0.9905,3.8106160669372557,0.4528453052043915,0,continue,3.1610851884159463,0
5,90,1,-0.498173301037566,0.9905,3.8668742065593804,0.45854219794273376,0,continue,2.6629118873783804,0
5,91,1,-0.26133975618320315,0.9905,3.876394343845441,0.4638630449771881,0,continue,2.401572131195177,0
5,92,0,-0.9292259337021873,0.9905,3.916243830226534,0.5167098641395569,0,continue,1.47234619749299,0
5,93,0,-0.8747574350053988,0.9905,3.959281366784346,0.5524558424949646,0,continue,0.5975887624875911,0
5,94,0,-0.7240401616310679,0.9905,4.005614476930384,0.6183290481567383,0,continue,-0.1264513991434768,0
5,95,0,-0.6526603359003469,0.9905,4.052913297307169,0.6531365513801575,0,continue,-0.7791117350438237,0
5,96,1,-0.37725240344128147,0.9905,4.088363777995426,0.718603253364563,0,continue,-1.156364138485105,0
5,97,2,-0.5092503050428139,0.9905,4.090213839003988,0.7242359519004822,0,continue,-1.665614443527919,0
5,98,0,-0.36619415600399424,0.9905,4.125943464510953,0.7546443939208984,0,continue,-2.0318085995319133,0
5,99,0,-0.5172077945126246,0.9905,4.182823771110968,0.7894735336303711,0,continue,-2.549016394044538,0
5,100,2,-1.3665246392428698,0.9905,4.236361513887249,0.8466278910636902,0,continue,-3.9155410332874077,0
5,101,0,-0.4074329006933391,0.9905,4.282409132399261,0.899553656578064,0,continue,-4.322973933980747,0
5,102,0,-0.3657331641716764,0.9905,4.310345674832039,0.8912561535835266,0,continue,-4.688707098152424,0
5,103,0,-0.229180394226597,0.9905,4.314520818239466,0.9177340865135193,0,continue,-4.917887492379021,0
5,104,0,-0.4288983691448913,0.9905,4.362306447726437,0.953675389289856,0,continue,-5.346785861523912,0
5,105,1,-0.5437969014313961,0.9905,4.4291099365656645,0.9732506275177002,0,continue,-5.890582762955308,0
5,106,0,-0.5361350337116556,0.9905,4.496239451826342,1.0344737768173218,0,continue,-6.4267177966669635,0
5,107,0,-0.2046528649016366,0.9905,4.502945682954668,1.0960880517959595,0,continue,-6.6313706615686,0
5,108,0,-0.40712785697338716,0.9905,4.546977946585905,1.133235216140747,0,continue,-7.038498518541988,0
5,109,0,-0.4566315882717506,0.9905,4.588907108047219,1.1316611766815186,0,continue,-7.495130106813738,0
5,110,1,-0.3997011366137053,0.9905,4.6209096363486815,1.2060480117797852,0,continue,-7.8948312434274435,0
5,111,0,-0.253308214388832,0.9905,4.632601657893118,1.2733665704727173,0,continue,-8.148139457816276,0
5,112,0,-0.23223038571147503,0.9905,4.640188445256527,1.2916452884674072,0,continue,-8.38036984352775,0
5,113,0,-0.37658449494065255,0.9905,4.672295613805725,1.3368357419967651,0,continue,-8.756954338468404,0
5,114,2,-0.43659543936574974,0.9905,4.717725019276999,1.342026948928833,0,continue,-9.193549777834154,0
5,115,0,-0.3701351339710077,0.9905,4.755877619254871,1.3849554061889648,0,continue,-9.563684911805161,0
5,116,2,-0.2284399245800185,0.9905,4.76094641143651,1.3917306661605835,0,continue,-9.79212483638518,0
5,117,0,-0.3591489619043062,0.9905,4.795134493655593,1.4036345481872559,0,continue,-10.151273798289486,0
5,118,0,-0.45451709975508686,0.9905,4.835529040606344,1.4185314178466797,0,continue,-10.605790898044573,0
5,119,0,-0.41985078455810854,0.9905,4.87756307072557,1.421864628791809,0,continue,-11.025641682602682,0
5,120,0,-0.39901683694778944,0.9905,4.9188259885068755,1.4321379661560059,0,continue,-11.424658519550471,0
5,121,0,-0.385370709083648,0.9905,4.9608625212462245,1.4394980669021606,0,continue,-11.81002922863412,0
5,122,2,-0.22406290851648175,0.9905,4.965023866071476,1.450452208518982,0,continue,-12.034092137150601,0
5,123,0,-0.3057029658635024,0.9905,4.984149765723916,1.4588607549667358,0,continue,-12.339795103014104,0
5,124,0,-0.416100156988362,0.9905,5.028803134026345,1.4754366874694824,0,continue,-12.755895260002466,0
5,125,0,-0.4179336465096739,0.9905,5.073834051009977,1.4915066957473755,0,continue,-13.17382890651214,0
5,126,0,-0.4093052940751122,0.9905,5.119397780484769,1.5085961818695068,0,continue,-13.583134200587253,0
5,127,0,-0.43550153969981376,0.9905,5.166023424443381,1.5062843561172485,0,continue,-14.018635740287067,0
5,128,0,-0.47696516696636504,0.9905,5.218643480874657,1.5157127380371094,0,continue,-14.495600907253433,0
5,129,0,-0.25809654054282255,0.9905,5.230439900622029,1.518630862236023,0,continue,-14.753697447796256,0
5,130,0,-0.19683081162967328,0.9905,5.23051386777928,1.5374388694763184,0,continue,-14.95052825942593,0
5,131,0,-0.34447630794227513,0.9905,5.262173651562004,1.5696322917938232,0,continue,-15.295004567368204,0
5,132,0,-0.4575025757667342,0.9905,5.310985865618983,1.588474988937378,0,continue,-15.752507143134938,0
5,133,0,-0.4084322332766115,0.9905,5.35534544124846,1.6005301475524902,0,continue,-16.160939376411548,0
5,134,0,-0.41776154877426097,0.9905,5.398352868982686,1.6021333932876587,0,continue,-16.57870092518581,0
5,135,2,-0.24977247265738353,0.9905,5.408306322067937,1.6014970541000366,0,continue,-16.828473397843194,0
5,136,0,-0.3405301282938841,0.9905,5.438044936189455,1.5898594856262207,0,continue,-17.16900352613708,0
5,137,0,-0.3623274783528832,0.9905,5.462933304866592,1.566939115524292,0,continue,-17.531331004489964,0
5,138,1,-0.2997998899869548,0.9905,5.475874654634839,1.4636064767837524,0,continue,-17.831130894476917,0
5,139,2,-0.5513266142194374,0.9905,5.480282799795087,1.3643993139266968,0,continue,-18.382457508696355,0
5,140,1,-0.511204640406991,0.9905,5.4791930184078295,1.3242287635803223,0,continue,-18.893662149103346,0
5,141,0,-0.21725471549687125,0.9905,5.4790335788004025,1.2963186502456665,0,continue,-19.110916864600217,0
5,142,2,-0.18761445241570393,0.9905,5.4760555042561,1.267417550086975,0,continue,-19.29853131701592,0
5,143,1,-0.463203314401086,0.9905,5.468171472777034,1.234541416168213,0,continue,-19.761734631417006,0
5,144,0,0.02863119146565357,0.9905,5.4643137283232655,1.176551103591919,0,continue,-19.733103439951353,0
5,145,2,-0.19061736504003024,0.9905,5.462429004229632,1.149091124534607,0,continue,-19.923720804991383,0
5,146,2,-0.1899622371216001,0.9905,5.459543319867916,1.1125202178955078,0,continue,-20.11368304211298,0
5,147,1,-0.4079637117372839,0.9905,5.458971302538468,1.0929014682769775,0,continue,-20.521646753850266,0
5,148,0,-0.2303293340631521,0.9905,5.458924813857253,1.0843874216079712,0,continue,-20.75197608791342,0
5,149,0,-0.13071320909126105,0.9905,5.457222172812786,1.0473190546035767,0,continue,-20.88268929700468,0
5,150,0,-0.1639961788069362,0.9905,5.456888794911359,1.0121197700500488,0,continue,-21.046685475811618,0
5,151,2,-0.20304248582603096,0.9905,5.457381142490062,0.9669695496559143,0,continue,-21.24972796163765,0
5,152,0,-0.1978732593636006,0.9905,5.457837347251069,0.9236746430397034,0,continue,-21.44760122100125,0
5,153,0,-0.22762483514328125,0.9905,5.458174274600072,0.8555706739425659,0,continue,-21.67522605614453,0
5,154,1,-0.13907961645726685,0.9905,5.458078032014526,0.8559035658836365,0,continue,-21.814305672601797,0
5,155,0,-0.16578015459621329,0.9905,5.459033075826566,0.8404537439346313,0,continue,-21.98008582719801,0
5,156,1,-0.1597407182029837,0.9905,5.458029643142469,0.8054824471473694,0,continue,-22.139826545400993,0
5,157,2,-0.4950394277554822,0.9905,5.451202698914494,0.7661032676696777,0,continue,-22.634865973156476,0
5,158,0,0.05590524308738167,0.9905,5.434518350872982,0.6878553628921509,0,continue,-22.578960730069095,0
5,159,0,0.08171488265342403,0.9905,5.417525838856432,0.6344146728515625,0,continue,-22.49724584741567,0
5,160,0,0.015003110448286927,0.9905,5.411673710787976,0.6094653010368347,0,continue,-22.482242736967383,0
5,161,1,0.24546087746170658,0.9905,5.369250294808083,0.6068223714828491,0,continue,-22.236781859505676,0
5,162,0,0.1722828683080738,0.9905,5.33121406673339,0.5778957605361938,0,continue,-22.064498991197603,0
5,163,0,0.015155544209779588,0.9905,5.292447596772821,0.5347747206687927,0,continue,-22.049343446987823,0
5,164,0,0.03714991280653788,0.9905,5.273199024244861,0.5051586627960205,0,continue,-22.012193534181286,0
5,165,2,0.06678373828898206,0.9905,5.258307975106948,0.4888533055782318,0,continue,-21.945409795892303,0
5,166,0,0.049819290585887216,0.9905,5.218180684893624,0.4798492193222046,0,continue,-21.895590505306416,0
5,167,1,0.8349767852234343,0.9905,5.179173736359912,0.47478899359703064,0,continue,-21.06061372008298,0
5,168,0,0.4497249615968834,0.9905,5.143919962677537,0.4550189971923828,0,continue,-20.610888758486098,0
5,169,0,0.006710797012087367,0.9905,5.142046950374214,0.45722582936286926,0,continue,-20.60417796147401,0
5,170,1,0.3096881626431835,0.9905,5.130458798457261,0.42974457144737244,0,continue,-20.294489798830828,0
5,171,1,0.38923477863281597,0.9905,5.107517426470304,0.4144783616065979,0,continue,-19.905255020198013,0
5,172,0,0.09581017161208943,0.9905,5.07674420629436,0.4047915041446686,0,continue,-19.809444848585922,0
5,173,1,0.3332833718527196,0.9905,5.042227060823638,0.38301709294319153,0,continue,-19.476161476733203,0
5,174,0,-0.04551418637476029,0.9905,5.0281372710484735,0.35713285207748413,0,continue,-19.521675663107963,0
5,175,1,0.31828677651503795,0.9905,4.99520456768487,0.3612346351146698,0,continue,-19.203388886592926,0
5,176,0,0.24625524832324056,0.9905,4.921099037091897,0.3591872751712799,0,continue,-18.957133638269685,0
5,177,0,-0.6127142127055751,0.9905,4.844186198841825,0.34583911299705505,0,continue,-19.56984785097526,0
5,178,0,-0.5331644133003147,0.9905,4.782737924027644,0.33432823419570923,0,continue,-20.103012264275577,0
5,179,0,-0.6209118765775379,0.9905,4.758408927851435,0.33247318863868713,0,continue,-20.723924140853114,0
5,180,0,-1.5137988518282686,0.9905,4.7239863577195305,0.32927069067955017,0,continue,-22.237722992681384,0
5,181,0,-1.112849185835204,0.9905,4.680403577953351,0.33967408537864685,0,continue,-23.35057217851659,0
5,182,0,-0.014420332449684867,0.9905,4.634265645982564,0.38431742787361145,0,continue,-23.364992510966275,0
5,183,0,0.04872815571340885,0.9905,4.618554550540213,0.41614830493927,0,continue,-23.316264355252866,0
5,184,0,-0.09789631486268077,0.9905,4.594428594272492,0.42633458971977234,0,continue,-23.414160670115546,0
5,185,0,0.18741617491435597,0.9905,4.512269917320965,0.4386500418186188,0,continue,-23.22674449520119,0
5,186,1,1.0818490478529372,0.9905,4.440777956766024,0.4398376941680908,0,continue,-22.14489544734825,0
5,187,1,1.143502474324329,0.9905,4.360099341074829,0.4619290232658386,0,continue,-21.001392973023922,0
5,188,1,0.695702211555252,0.9905,4.282617386209698,0.4753611087799072,0,continue,-20.30569076146867,0
5,189,0,-1.1756163618602329,0.9905,4.274717573863188,0.48534655570983887,0,continue,-21.481307123328904,0
5,190,2,0.2922624861286316,0.9905,4.216265076637462,0.5270420908927917,0,continue,-21.189044637200272,0
5,191,0,0.04405342697112963,0.9905,4.154156857254283,0.5740265250205994,0,continue,-21.144991210229144,0
5,192,0,0.29366620722969133,0.9905,4.083026157255031,0.6063668727874756,0,continue,-20.851325002999452,0
5,193,0,0.38710096985022135,0.9905,4.010080274159925,0.6724897027015686,0,continue,-20.464224033149232,0
5,194,1,0.3371655239963882,0.9905,3.98564732504798,0.71865314245224,0,continue,-20.127058509152846,0
5,195,0,0.24127629297792663,0.9905,3.937315008943509,0.7334466576576233,0,continue,-19.88578221617492,0
5,196,1,0.5582825706216514,0.9905,3.8903241654364518,0.7725312113761902,0,continue,-19.327499645553267,0
5,197,0,0.19407713902247012,0.9905,3.8488113664225065,0.8204548358917236,0,continue,-19.133422506530795,0
5,198,0,0.18638989984968815,0.9905,3.810218738868774,0.8869903087615967,0,continue,-18.94703260668111,0
5,199,0,0.07251307473260075,0.9905,3.7929008155325805,0.9140064716339111,0,continue,-18.874519531948508,0
5,200,0,0.000568709951411386,0.9905,3.792031568876135,0.9264962077140808,0,continue,-18.873950821997095,0
5,201,1,0.5690057190100111,0.9905,3.747068076780804,0.9397335052490234,0,continue,-18.304945102987084,0
5,202,0,0.24115559837426115,0.9905,3.6915922654237336,0.9851359724998474,0,continue,-18.063789504612824,0
5,203,1,0.4346538193150731,0.9905,3.6273540912800977,0.9995360374450684,0,continue,-17.62913568529775,0
5,204,1,0.3393582817559775,0.9905,3.564767232394928,0.9541780948638916,0,continue,-17.289777403541773,0
5,205,0,0.11716375183639292,0.9905,3.5439551016783697,0.9459542036056519,0,continue,-17.17261365170538,0
5,206,0,0.038496002810961376,0.9905,3.538413287097009,0.9319143295288086,0,continue,-17.134117648894417,0
5,207,0,0.16649222214444873,0.9905,3.5070298361725087,0.9110433459281921,0,continue,-16.96762542674997,0
5,208,0,0.15222862610590993,0.9905,3.4774836154573743,0.8153160810470581,0,continue,-16.81539680064406,0
5,209,0,0.09711201487996765,0.9905,3.4536909450031783,0.7849449515342712,0,continue,-16.71828478576409,0
5,210,2,0.169272333455916,0.9905,3.449930646064064,0.7156927585601807,0,continue,-16.549012452308176,0
5,211,0,0.05772693067750465,0.9905,3.4410360435864495,0.6722713708877563,0,continue,-16.491285521630672,0
5,212,0,0.02162229915268208,0.9905,3.4345939334978812,0.6690115332603455,0,continue,-16.46966322247799,0
5,213,0,-0.024359445842367267,0.9905,3.4370093375672814,0.6237375140190125,0,continue,-16.49402266832036,0
5,214,0,-0.06553634964925115,0.9905,3.440382805152326,0.5974627733230591,0,continue,-16.559559017969608,0
5,215,2,-0.11582016346624528,0.9905,3.4621038044488976,0.5862916707992554,0,continue,-16.675379181435854,0
5,216,0,-0.07935186361604174,0.9905,3.4809477450742454,0.546375572681427,0,continue,-16.754731045051898,0
5,217,0,-0.16144724743503353,0.9905,3.5064442170638173,0.4927171766757965,0,continue,-16.916178292486933,0
5,218,1,-0.13484292079710425,0.9905,3.5176722262394224,0.43382930755615234,0,continue,-17.051021213284038,0
5,219,0,-0.34182719730363165,0.9905,3.566553633864926,0.41057440638542175,0,continue,-17.39284841058767,0
5,220,2,-0.29526275674258945,0.9905,3.5978682672472786,0.38902968168258667,0,continue,-17.68811116733026,0
5,221,0,-0.23170653735558233,0.9905,3.6112277362783765,0.33386388421058655,0,continue,-17.91981770468584,0
5,222,0,-0.1895160315707345,0.9905,3.6123582273967085,0.2697887122631073,0,continue,-18.109333736256573,0
5,223,0,-0.27656607415884266,0.9905,3.623484028417061,0.24382492899894714,0,continue,-18.385899810415417,0
5,224,0,-0.6944780571393439,0.9905,3.6203457883216252,0.24007928371429443,0,continue,-19.08037786755476,0
5,225,0,-31.183000212300396,0.9905,3.6174659279804358,0.19739799201488495,1,crush,-50.26337807985516,0
6,1,2,-0.46742917561849723,0.9886,3.225291938567464,0.11999999731779099,0,continue,-0.46742917561849723,0
6,2,0,-1.0165517750223974,0.9886,3.2253160120299147,0.11999999731779099,0,continue,-1.4839809506408945,0
6,3,0,-1.0654847348120964,0.9886,3.225333687969191,0.11999999731779099,0,continue,-2.549465685452991,0
6,4,0,-31.009055309874007,0.9886,3.2253336906015835,0.11999999731779099,1,crush,-33.558520995327,0
7,1,0,-2.8136106122466003,0.9867,4.75945764328282,0.11999999731779099,0,continue,-2.8136106122466003,0
7,2,0,-2.7774703170727224,0.9867,4.759549760014989,0.11999999731779099,0,continue,-5.591080929319323,0
7,3,0,-2.7953520111595904,0.9867,4.759594312170787,0.11999999731779099,0,continue,-8.386432940478914,0
7,4,0,-32.910559288010646,0.9867,4.759534763842951,0.11999999731779099,1,crush,-41.29699222848956,0
8,1,1,-0.4684954691859163,0.9848,4.0576691918105725,0.11999999731779099,0,continue,-0.4684954691859163,0
8,2,0,-1.0429577230995204,0.9848,4.05760260297641,0.11999999731779099,0,continue,-1.5114531922854366,0
8,3,0,-0.9647282602003198,0.9848,4.0574559373909995,0.11999999731779099,0,continue,-2.4761814524857564,0
8,4,0,-31.030520901321403,0.9848,4.057259535484352,0.11999999731779099,1,crush,-33.50670235380716,0
9,1,1,0.1272200644016266,0.9829,5.873118769319291,1.0279661417007446,0,continue,0.1272200644016266,0
9,2,2,-0.29999871290986885,0.9829,5.873118353255165,1.0329444408416748,0,continue,-0.17277864850824226,0
9,3,2,0.030502677509335618,0.9829,5.867014474902287,1.0350159406661987,0,continue,-0.14227597099890665,0
9,4,0,0.21015791492462638,0.9829,5.8265299456483985,1.0232890844345093,0,continue,0.06788194392571972,0
9,5,0,0.11073782864367893,0.9829,5.795786621930104,1.0248130559921265,0,continue,0.17861977256939865,0
9,6,1,0.10734169719058669,0.9829,5.795063277607302,1.0245187282562256,0,continue,0.2859614697599853,0
9,7,0,0.12752293668069342,0.9829,5.767803503147417,1.0336517095565796,0,continue,0.41348440644067874,0
9,8,0,0.16735872911461278,0.9829,5.722796659774384,1.0209314823150635,0,continue,0.5808431355552915,0
9,9,0,0.2302983729975646,0.9829,5.6709876627267395,1.072264313697815,0,continue,0.8111415085528562,0
9,10,0,0.08540460847209214,0.9829,5.659758401812001,1.1028509140014648,0,continue,0.8965461170249482,0
9,11,0,0.17125880460288417,0.9829,5.632426993061862,1.109508991241455,0,continue,1.0678049216278325,0
9,12,0,0.29038668804728784,0.9829,5.579001063630439,1.140183925628662,0,continue,1.3581916096751203,0
9,13,0,0.1580743008891738,0.9829,5.520382528676739,1.1678062677383423,0,continue,1.5162659105642942,0
9,14,0,0.18479709643655007,0.9829,5.476507211694861,1.202998161315918,0,continue,1.7010630070008443,0
9,15,0,0.01921096277169956,0.9829,5.474397584781901,1.2377994060516357,0,continue,1.720273969772544,0
9,16,0,0.29310910947021146,0.9829,5.413554762937562,1.2808419466018677,0,continue,2.0133830792427556,0
9,17,0,0.44148707810435345,0.9829,5.332109964835,1.3335286378860474,0,continue,2.4548701573471092,0
9,18,0,0.41529481012370023,0.9829,5.245121294166196,1.3622461557388306,0,continue,2.8701649674708096,0
9,19,0,0.07672952084293443,0.9829,5.230368210013485,1.4243608713150024,0,continue,2.946894488313744,0
9,20,0,0.3542215742829648,0.9829,5.163483474695663,1.4291070699691772,0,continue,3.3011160625967086,0
9,21,0,0.43837102113891224,0.9829,5.074885779215212,1.485803246498108,0,continue,3.7394870837356207,0
9,22,0,0.4041989527811194,0.9829,5.000498456865427,1.572426199913025,0,continue,4.1436860365167405,0
9,23,0,0.06513581261510205,0.9829,4.993395035573312,1.6559736728668213,0,continue,4.2088218491318425,0
9,24,1,0.09702054827617419,0.9829,4.973523365796779,1.6771303415298462,0,continue,4.305842397408017,0
9,25,0,0.2088657984894491,0.9829,4.929804483076473,1.718372106552124,0,continue,4.514708195897466,0
9,26,0,0.22575172756712225,0.9829,4.88286712032698,1.7989362478256226,0,continue,4.740459923464588,0
9,27,0,0.23648544355238846,0.9829,4.8348130958737485,1.891649603843689,0,continue,4.9769453670169765,0
9,28,2,0.17540567296113754,0.9829,4.7995094201523045,1.9179350137710571,0,continue,5.1523510399781145,0
9,29,0,0.02050209325589596,0.9829,4.791325886115878,1.910773754119873,0,continue,5.17285313323401,0
9,30,0,0.35580284302609294,0.9829,4.723238303996737,1.9271010160446167,0,continue,5.5286559762601035,0
9,31,2,0.3376280758652922,0.9829,4.654426300534116,1.8923254013061523,0,continue,5.866284052125396,0
9,32,1,0.08526498243125094,0.9829,4.576582678733267,1.8661538362503052,0,continue,5.951549034556646,0
9,33,1,0.09099817577383862,0.9829,4.557408218245563,1.8044990301132202,0,continue,6.042547210330485,0
9,34,0,0.24464396527910867,0.9829,4.5058238842221225,1.7688895463943481,0,continue,6.287191175609594,0
9,35,0,0.43934048552307314,0.9829,4.419861177168204,1.760568618774414,0,continue,6.726531661132667,0
9,36,0,0.4530700255799603,0.9829,4.334116076271729,1.6764521598815918,0,continue,7.179601686712628,0
9,37,1,0.09923450590249934,0.9829,4.314240979336399,1.5744993686676025,0,continue,7.2788361926151275,0
9,38,2,-0.006010614913787638,0.9829,4.255055557105456,1.5372161865234375,0,continue,7.27282557770134,0
9,39,0,0.39024489310431354,0.9829,4.17749497015604,1.5135499238967896,0,continue,7.663070470805653,0
9,40,0,0.47435052605676803,0.9829,4.091347918648146,1.409096121788025,0,continue,8.13742099686242,0
9,41,2,0.218940697173324,0.9829,4.047520730434589,1.3169375658035278,0,continue,8.356361694035744,0
9,42,2,0.21400016498581978,0.9829,4.004984573175892,1.2820353507995605,0,continue,8.570361859021563,0
9,43,2,0.34572902375189773,0.9829,3.936438436168984,1.265416145324707,0,continue,8.91609088277346,0
9,44,2,0.3846533721798315,0.9829,3.8592560175105186,1.2005947828292847,0,continue,9.300744254953292,0
9,45,0,0.4179518029817443,0.9829,3.7822268862075266,1.1252087354660034,0,continue,9.718696057935036,0
9,46,0,0.15536989228607934,0.9829,3.7560886447318405,1.0802258253097534,0,continue,9.874065950221116,0
9,47,2,0.004815065957360143,0.9829,3.7550768304562507,1.017072081565857,0,continue,9.878881016178475,0
9,48,0,0.27110126629278125,0.9829,3.7051355103124335,0.9574876427650452,0,continue,10.149982282471257,0
9,49,0,0.3997293886020653,0.9829,3.628672321915252,0.9042990207672119,0,continue,10.549711671073322,0
9,50,0,0.4649761496260199,0.9829,3.5438048400377022,0.8107406497001648,0,continue,11.014687820699342,0
9,51,2,0.37109624063673186,0.9829,3.4705935211544823,0.732015073299408,0,continue,11.385784061336073,0
9,52,1,-0.22271193206602946,0.9829,3.45512874539333,0.7219036817550659,0,continue,11.163072129270043,0
9,53,1,0.40350518402666713,0.9829,3.374693873496848,0.7022473812103271,0,continue,11.56657731329671,0
9,54,0,0.4939362427478873,0.9829,3.282155164627774,0.6138812899589539,0,continue,12.060513556044597,0
9,55,0,0.44598982883322696,0.9829,3.1983672259305678,0.5126184225082397,0,continue,12.506503384877824,0
9,56,0,0.36451002326007453,0.9829,3.125287859067629,0.42248743772506714,0,continue,12.871013408137898,0
9,57,0,-0.008837969244440427,0.9829,3.1155077502477875,0.4308401942253113,0,continue,12.862175438893457,0
9,58,0,-0.15781779944925348,0.9829,3.120774992058865,0.3629838824272156,0,continue,12.704357639444204,0
9,59,0,-0.18798575290197683,0.9829,3.116746417134919,0.3081267774105072,0,continue,12.516371886542228,0
9,60,0,-0.6463879582106582,0.9829,3.1137966197998828,0.22100579738616943,0,continue,11.86998392833157,0
9,61,0,-31.08795619465454,0.9829,3.1119347590875464,0.11999999731779099,1,crush,-19.217972266322974,0
10,1,2,-0.4684954691859163,0.981,3.088651383253282,0.11999999731779099,0,continue,-0.4684954691859163,0
10,2,2,-0.4664841553782671,0.981,3.088181627342605,0.11999999731779099,0,continue,-0.9349796245641834,0
10,3,0,-0.9729702739744761,0.981,3.088399651312053,0.11999999731779099,0,continue,-1.9079498985386594,0
10,4,0,-31.052672299637493,0.981,3.0884427393909206,0.11999999731779099,1,crush,-32.960622198176154,0
11,1,0,0.0,0.9791,5.771426218729872,1.1456124782562256,0,continue,0.0,0
11,2,0,-0.016662928907141383,0.9791,5.771387027571618,1.1438729763031006,0,continue,-0.016662928907141383,0
11,3,1,-0.00015801317136783234,0.9791,5.771417744683,1.134158730506897,0,continue,-0.016820942078509215,0
11,4,0,0.002009266356643158,0.9791,5.771489542783873,1.1417906284332275,0,continue,-0.014811675721866056,0
11,5,0,0.0017276724489521998,0.9791,5.771594668545509,1.1531357765197754,0,continue,-0.013084003272913857,0
11,6,1,-0.0004062414036349882,0.9791,5.771673739047291,1.14517080783844,0,continue,-0.013490244676548845,0
11,7,2,0.18017987325596865,0.9791,5.761591701452448,1.1507062911987305,0,continue,0.1666896285794198,0
11,8,0,0.2087989326718843,0.9791,5.7197989081680305,1.1544442176818848,0,continue,0.3754885612513041,0
11,9,0,0.2093509839380081,0.9791,5.677853350664471,1.1516528129577637,0,continue,0.5848395451893122,0
11,10,0,0.19825666250672686,0.9791,5.63669692916148,1.1498208045959473,0,continue,0.783096207696039,0
11,11,0,0.17433275332606565,0.9791,5.601345142449017,1.1457667350769043,0,continue,0.9574289610221047,0
11,12,1,0.04759398137195405,0.9791,5.591722064698454,1.1526685953140259,0,continue,1.0050229423940589,0
11,13,0,0.017203968909891024,0.9791,5.589983180773907,1.1669604778289795,0,continue,1.02222691130395,0
11,14,0,0.11139631720695756,0.9791,5.570018108196608,1.1993579864501953,0,continue,1.1336232285109076,0
11,15,0,0.136585565260029,0.9791,5.543322011052431,1.258827805519104,0,continue,1.2702087937709365,0
11,16,0,0.1407777010431508,0.9791,5.508426583220962,1.2910292148590088,0,continue,1.4109864948140873,0
11,17,0,3.2846388301925797,0.9791,4.880217201942941,1.7579184770584106,0,continue,4.695625325006667,0
11,18,0,0.2360543495516303,0.9791,4.832450116698229,1.7707349061965942,0,continue,4.931679674558297,0
11,19,0,0.24055791972764207,0.9791,4.783616553551766,1.8419029712677002,0,continue,5.1722375942859395,0
11,20,0,0.2273885600051362,0.9791,4.737714149819038,1.9226981401443481,0,continue,5.3996261542910755,0
11,21,0,0.11586714547297193,0.9791,4.714538666696423,1.892966389656067,0,continue,5.515493299764048,0
11,22,1,-0.014432135600386387,0.9791,4.714657898247725,1.8454662561416626,0,continue,5.501061164163661,0
11,23,2,-0.1885823364556245,0.9791,4.692566440295368,1.8218251466751099,0,continue,5.312478827708037,0
11,24,2,0.17996908452415777,0.9791,4.651319013825631,1.767966628074646,0,continue,5.492447912232195,0
11,25,0,0.16300086209763293,0.9791,4.605135378429848,1.7406705617904663,0,continue,5.655448774329828,0
11,26,2,0.27143764583368635,0.9791,4.5566489847153955,1.6722224950790405,0,continue,5.926886420163514,0
11,27,2,0.3696538460054271,0.9791,4.508049134847767,1.6543875932693481,0,continue,6.296540266168941,0
11,28,1,-0.19290508943034687,0.9791,4.481980250844454,1.6400146484375,0,continue,6.103635176738594,0
11,29,2,-0.03801884353831156,0.9791,4.450024694352932,1.6085771322250366,0,continue,6.065616333200283,0
11,30,1,0.0641235317618092,0.9791,4.376430565920845,1.564558982849121,0,continue,6.129739864962092,0
11,31,1,0.36816179084752265,0.9791,4.300499272380277,1.5292330980300903,0,continue,6.497901655809614,0
11,32,0,0.46499681418022487,0.9791,4.221841370030292,1.4871963262557983,0,continue,6.962898469989839,0
11,33,0,0.0059540129336482115,0.9791,4.214832940052411,1.4377541542053223,0,continue,6.968852482923487,0
11,34,1,0.06230149281204607,0.9791,4.202974267144114,1.41861093044281,0,continue,7.031153975735533,0
11,35,0,0.41812657736677095,0.9791,4.121935969896528,1.3729259967803955,0,continue,7.449280553102304,0
11,36,2,0.42217421338817934,0.9791,4.037872057294932,1.2793060541152954,0,continue,7.8714547664904835,0
11,37,2,0.41531153875499127,0.9791,3.9544630324023666,1.172742486000061,0,continue,8.286766305245475,0
11,38,0,0.10544657896217322,0.9791,3.935809420049705,1.1406608819961548,0,continue,8.392212884207648,0
11,39,2,0.12145403400266692,0.9791,3.911509655055991,1.1336135864257812,0,continue,8.513666918210316,0
11,40,0,0.4386287750640023,0.9791,3.8277219040591883,1.0895203351974487,0,continue,8.952295693274317,0
11,41,0,0.4546119311824582,0.9791,3.743820426769748,0.9937353730201721,0,continue,9.406907624456776,0
11,42,0,0.4782622413725863,0.9791,3.6550212578012764,0.9001529216766357,0,continue,9.885169865829363,0
11,43,2,0.07463001411119179,0.9791,3.640060493730493,0.8676150441169739,0,continue,9.959799879940554,0
11,44,0,0.3600687071237488,0.9791,3.568515536098098,0.8479157090187073,0,continue,10.319868587064303,0
11,45,0,0.45136596903894005,0.9791,3.486118534083301,0.7459571361541748,0,continue,10.771234556103243,0
11,46,0,0.402768683708383,0.9791,3.4121119676863723,0.6366227269172668,0,continue,11.174003239811626,0
11,47,2,0.20898019334295542,0.9791,3.370143268444582,0.5999466180801392,0,continue,11.382983433154582,0
11,48,1,-0.1480973839325881,0.9791,3.3403246264903195,0.5554335117340088,0,continue,11.234886049221993,0
11,49,0,0.27845153036171666,0.9791,3.2840076301541097,0.5015020370483398,0,continue,11.513337579583709,0
11,50,0,0.2013336906409641,0.9791,3.2301504793340774,0.4055324196815491,0,continue,11.714671270224674,0
11,51,1,0.025346289476592676,0.9791,3.1976416977080198,0.35630229115486145,0,continue,11.740017559701267,0
11,52,0,-0.3606850463957101,0.9791,3.189630462601519,0.27477702498435974,0,continue,11.379332513305556,0
11,53,0,-0.5415810367117784,0.9791,3.185862347643242,0.2416461855173111,0,continue,10.837751476593777,0
11,54,0,-30.81143000882681,0.9791,3.1742555975952427,0.17783784866333008,1,crush,-19.973678532233034,0
12,1,2,-0.4672401357623018,0.9772,3.098806810669732,0.11999999731779099,0,continue,-0.4672401357623018,0
12,2,1,-0.7680557673294589,0.9772,3.0987139676622815,0.11999999731779099,0,continue,-1.2352959030917607,0
12,3,0,-0.9779698303560971,0.9772,3.0985358819323006,0.11999999731779099,0,continue,-2.213265733447858,0
12,4,0,-30.987067658335683,0.9772,3.0986162306972918,0.11999999731779099,1,crush,-33.20033339178354,0
13,1,0,0.0,0.9753000000000001,5.7741970615621865,1.1308389902114868,0,continue,0.0,0
13,2,0,0.006466313828431769,0.9753000000000001,5.774085815248409,1.1281671524047852,0,continue,0.006466313828431769,0
13,3,0,-0.009275104327160255,0.9753000000000001,5.773903869989848,1.1341137886047363,0,continue,-0.002808790498728486,0
13,4,0,0.0005626267050638622,0.9753000000000001,5.773726881729981,1.133261799812317,0,continue,-0.0022461637936646234,0
13,5,0,0.0019971399059448116,0.9753000000000001,5.773633284642403,1.121213436126709,0,continue,-0.00024902388771981185,0
13,6,0,-0.0033569187592920936,0.9753000000000001,5.773636011612286,1.1265466213226318,0,continue,-0.0036059426470119054,0
13,7,1,0.24428434341084226,0.9753000000000001,5.739693613625245,1.1150927543640137,0,continue,0.24067840076383035,0
13,8,0,0.36235357120281636,0.9753000000000001,5.670966490701981,1.1228761672973633,0,continue,0.6030319719666467,0
13,9,0,0.32543994095247275,0.9753000000000001,5.603382674719546,1.1344314813613892,0,continue,0.9284719129191195,0
13,10,0,0.10205615081999668,0.9753000000000001,5.5814854882130165,1.131358027458191,0,continue,1.030528063739116,0
13,11,0,0.248853084814206,0.9753000000000001,5.533668521145025,1.1310009956359863,0,continue,1.2793811485533222,0
13,12,0,0.3006659703812282,0.9753000000000001,5.473433318230965,1.1387557983398438,0,continue,1.5800471189345504,0
13,13,2,0.3403184161401813,0.9753000000000001,5.405234192479648,1.1326574087142944,0,continue,1.9203655350747317,0
13,14,0,0.12784951050783028,0.9753000000000001,5.385877902126257,1.2071627378463745,0,continue,2.048215045582562,0
13,15,0,0.1789472063361327,0.9753000000000001,5.352206987321798,1.2409664392471313,0,continue,2.2271622519186947,0
13,16,0,0.3210473340337795,0.9753000000000001,5.291579947414514,1.2941662073135376,0,continue,2.548209585952474,0
13,17,0,0.3213817437417352,0.9753000000000001,5.231200394707793,1.3358436822891235,0,continue,2.8695913296942095,0
13,18,0,0.35654661797342135,0.9753000000000001,5.162535970818417,1.372837781906128,0,continue,3.226137947667631,0
13,19,0,0.415945310985539,0.9753000000000001,5.0889683982323675,1.4765797853469849,0,continue,3.64208325865317,0
13,20,0,0.12506141203773277,0.9753000000000001,5.067503322777519,1.5047738552093506,0,continue,3.767144670690903,0
13,21,0,0.4695720604092618,0.9753000000000001,4.975123093269821,1.5432848930358887,0,continue,4.236716731100165,0
13,22,0,0.4207931261196623,0.9753000000000001,4.898357702646481,1.6479178667068481,0,continue,4.657509857219827,0
13,23,1,0.504144296815389,0.9753000000000001,4.816284307210024,1.7421329021453857,0,continue,5.161654154035216,0
13,24,0,0.07572128764086618,0.9753000000000001,4.803420717544262,1.7889540195465088,0,continue,5.2373754416760825,0
13,25,0,0.17505230783904166,0.9753000000000001,4.770220507839674,1.8204928636550903,0,continue,5.412427749515124,0
13,26,0,0.42640846923012204,0.9753000000000001,4.693498010146273,1.9051419496536255,0,continue,5.838836218745246,0
13,27,0,0.3936403386385335,0.9753000000000001,4.616993673782851,1.9317792654037476,0,continue,6.232476557383779,0
13,28,0,0.42167949711539915,0.9753000000000001,4.540877270153824,1.8424172401428223,0,continue,6.654156054499178,0
13,29,0,0.25490397002801557,0.9753000000000001,4.4912545962676855,1.792675495147705,0,continue,6.909060024527194,0
13,30,0,0.1227488411059638,0.9753000000000001,4.469832287132494,1.7670832872390747,0,continue,7.031808865633158,0
13,31,0,0.26366852466169394,0.9753000000000001,4.417385065533409,1.7458909749984741,0,continue,7.2954773902948515,0
13,32,1,0.20255011918672447,0.9753000000000001,4.370458789412001,1.6509392261505127,0,continue,7.498027509481576,0
13,33,0,0.15221781402291218,0.9753000000000001,4.338215331110402,1.5428051948547363,0,continue,7.650245323504488,0
13,34,2,-0.014679855062682566,0.9753000000000001,4.336619710551447,1.4583942890167236,0,continue,7.635565468441805,0
13,35,1,-0.15542596105756984,0.9753000000000001,4.30738577084552,1.4272924661636353,0,continue,7.480139507384235,0
13,36,2,-0.07786878313700653,0.9753000000000001,4.261562277423953,1.3801751136779785,0,continue,7.402270724247229,0
13,37,0,0.2783224047672149,0.9753000000000001,4.215246142626291,1.3258812427520752,0,continue,7.680593129014444,0
13,38,1,0.060841593713955165,0.9753000000000001,4.201917895809928,1.2887914180755615,0,continue,7.741434722728399,0
13,39,0,0.055939416426225554,0.9753000000000001,4.19311144594243,1.2773301601409912,0,continue,7.797374139154624,0
13,40,0,0.2188061880026359,0.9753000000000001,4.1561084564169155,1.2506659030914307,0,continue,8.01618032715726,0
13,41,0,0.2451647874338753,0.9753000000000001,4.122307530182784,1.222049355506897,0,continue,8.261345114591135,0
13,42,0,0.16262622424047743,0.9753000000000001,4.0895423732595795,1.1587352752685547,0,continue,8.423971338831613,0
13,43,0,0.13305247169117004,0.9753000000000001,4.05864840553242,1.1319576501846313,0,continue,8.557023810522784,0
13,44,0,-0.04403135601491345,0.9753000000000001,4.029744181641129,1.106275200843811,0,continue,8.51299245450787,0
13,45,0,0.032972006031424896,0.9753000000000001,4.021731452307701,1.0956679582595825,0,continue,8.545964460539295,0
13,46,0,0.1166680528117766,0.9753000000000001,4.003925332807853,1.0828776359558105,0,continue,8.662632513351072,0
13,47,2,0.6205533218216431,0.9753000000000001,3.9723015713510494,1.0248379707336426,0,continue,9.283185835172715,0
13,48,0,0.06734457335721289,0.9753000000000001,3.94527488455764,0.9919307827949524,0,continue,9.350530408529927,0
13,49,2,0.6466303524594895,0.9753000000000001,3.9166033291275464,0.929905891418457,0,continue,9.997160760989416,0
13,50,0,0.03649735682766897,0.9753000000000001,3.8896091119256,0.8700569868087769,0,continue,10.033658117817085,0
13,51,0,0.12263928467720045,0.9753000000000001,3.864042782019104,0.8621808886528015,0,continue,10.156297402494285,0
13,52,1,0.09167350361541629,0.9753000000000001,3.845281662125723,0.8238335251808167,0,continue,10.247970906109702,0
13,53,0,-0.044929045353708126,0.9753000000000001,3.844758235490295,0.7892005443572998,0,continue,10.203041860755993,0
13,54,0,-0.048216045142292795,0.9753000000000001,3.832197632185024,0.7255727052688599,0,continue,10.1548258156137,0
13,55,0,0.05673826112769519,0.9753000000000001,3.8080434793750935,0.6900725960731506,0,continue,10.211564076741395,0
13,56,0,0.005475019224830397,0.9753000000000001,3.7857117688742488,0.6375005841255188,0,continue,10.217039095966225,0
13,57,0,-0.0016650772185690136,0.9753000000000001,3.7699465314273506,0.57908034324646,0,continue,10.215374018747656,0
13,58,0,-0.032124109685271025,0.9753000000000001,3.7682775614954473,0.5540112257003784,0,continue,10.183249909062386,0
13,59,0,0.06673191043759268,0.9753000000000001,3.7523902862298457,0.5452355146408081,0,continue,10.249981819499979,0
13,60,0,-0.0072974456670896,0.9753000000000001,3.735618338842923,0.4919038712978363,0,continue,10.242684373832889,0
13,61,0,-0.0640200180513949,0.9753000000000001,3.722270741462331,0.43661364912986755,0,continue,10.178664355781494,0
13,62,0,-0.12627698390187858,0.9753000000000001,3.7106158031515353,0.38094961643218994,0,continue,10.052387371879616,0
13,63,0,-0.050680208164173894,0.9753000000000001,3.700444534466794,0.3755106031894684,0,continue,10.001707163715443,0
13,64,0,-0.14396466417015344,0.9753000000000001,3.6993921596044235,0.35131001472473145,0,continue,9.857742499545289,0
13,65,1,-0.17644695595567997,0.9753000000000001,3.69654968302752,0.2917354702949524,0,continue,9.68129554358961,0
13,66,0,-0.9962186335176977,0.9753000000000001,3.7022027176427015,0.2263258546590805,0,continue,8.685076910071912,0
13,67,0,-1.1784826043356047,0.9753000000000001,3.6987679081940676,0.20459716022014618,0,continue,7.506594305736307,0
13,68,0,-32.69179048027506,0.9753000000000001,3.688455011540658,0.14138224720954895,1,crush,-25.185196174538753,0
14,1,0,-1.0166645337077058,0.9734,3.0911226021603397,0.11999999731779099,0,continue,-1.0166645337077058,0
14,2,0,-1.0548430673220888,0.9734,3.091110236434238,0.11999999731779099,0,continue,-2.0715076010297944,0
14,3,1,-0.4658973863229158,0.9734,3.0910973305265337,0.11999999731779099,0,continue,-2.5374049873527103,0
14,4,0,-31.045662065099187,0.9734,3.0910896971904194,0.11999999731779099,1,crush,-33.583067052451895,0
15,1,0,0.0,0.9715,5.8405007102549575,1.0717018842697144,0,continue,0.0,0
15,2,0,0.0014876650816245897,0.9715,5.84050100241834,1.0606927871704102,0,continue,0.0014876650816245897,0
15,3,0,-0.012021111101541004,0.9715,5.840499755933525,1.0628610849380493,0,continue,-0.010533446019916414,0
15,4,1,0.2007843341736121,0.9715,5.840498111725129,1.0662082433700562,0,continue,0.1902508881536957,0
15,5,0,0.041768355326920956,0.9715,5.830750486882309,1.066430926322937,0,continue,0.23201924348061664,0
15,6,0,0.2747123193236399,0.9715,5.776285519137727,1.068577527999878,0,continue,0.5067315628042566,0
15,7,0,0.3175727008135374,0.9715,5.711322098646431,1.0620869398117065,0,continue,0.824304263617794,0
15,8,0,0.28316513581005004,0.9715,5.653460508703422,1.0533779859542847,0,continue,1.107469399427844,0
15,9,0,0.22184545162102215,0.9715,5.609747225647218,1.065462350845337,0,continue,1.3293148510488662,0
15,10,1,0.2313732122514069,0.9715,5.603739063756379,1.0663533210754395,0,continue,1.560688063300273,0
15,11,0,0.262168527490445,0.9715,5.552932643270338,1.0680159330368042,0,continue,1.8228565907907182,0
15,12,1,0.5272722272424714,0.9715,5.48852455322209,1.1482765674591064,0,continue,2.3501288180331894,0
15,13,0,0.3019394525513055,0.9715,5.431721345572539,1.1832032203674316,0,continue,2.652068270584495,0
15,14,0,0.35441485574061876,0.9715,5.368407275488273,1.266843557357788,0,continue,3.0064831263251137,0
15,15,0,0.3196465308292308,0.9715,5.305634182856758,1.300263524055481,0,continue,3.3261296571543446,0
15,16,0,0.2698042806883892,0.9715,5.252731358895537,1.2986371517181396,0,continue,3.5959339378427337,0
15,17,0,0.0625450706872944,0.9715,5.242519000946058,1.338561773300171,0,continue,3.658479008530028,0
15,18,0,0.10673349872641413,0.9715,5.22812099941593,1.4184626340866089,0,continue,3.765212507256442,0
15,19,1,0.508454554157551,0.9715,5.167538592749462,1.5028631687164307,0,continue,4.2736670614139936,0
15,20,2,0.004054637802822947,0.9715,5.106354156599283,1.544403314590454,0,continue,4.2777216992168166,0
15,21,1,0.14128367956613333,0.9715,5.045749190141212,1.6335092782974243,0,continue,4.41900537878295,0
15,22,0,0.15495789792668488,0.9715,5.018154959627532,1.6641604900360107,0,continue,4.573963276709635,0
15,23,2,0.08153224116135109,0.9715,5.001754004037984,1.6872092485427856,0,continue,4.655495517870986,0
15,24,0,0.1347812013524924,0.9715,4.9707020408480345,1.6844110488891602,0,continue,4.7902767192234785,0
15,25,1,0.18664916835032325,0.9715,4.940569337066307,1.7701560258865356,0,continue,4.976925887573802,0
15,26,0,0.024455212179223987,0.9715,4.931219536399514,1.8213508129119873,0,continue,5.001381099753026,0
15,27,0,0.052975215965943484,0.9715,4.924810091034516,1.8937489986419678,0,continue,5.0543563157189695,0
15,28,0,0.07268914408356861,0.9715,4.908653467556465,1.924548864364624,0,continue,5.127045459802538,0
15,29,1,0.09453752369728201,0.9715,4.886753202592227,1.9379003047943115,0,continue,5.22158298349982,0
15,30,0,0.15647953379306198,0.9715,4.86770794679514,1.8854979276657104,0,continue,5.378062517292882,0
15,31,0,0.05879324560147938,0.9715,4.867396296851532,1.8606593608856201,0,continue,5.4368557628943615,0
15,32,2,0.11470580707693509,0.9715,4.851953964633842,1.8336814641952515,0,continue,5.551561569971296,0
15,33,0,-0.02744454573030787,0.9715,4.833440273502143,1.8165456056594849,0,continue,5.524117024240988,0
15,34,0,0.14435809275866332,0.9715,4.8161335586686915,1.7915512323379517,0,continue,5.668475116999652,0
15,35,1,0.08802475058908196,0.9715,4.798436617687292,1.7606831789016724,0,continue,5.756499867588734,0
15,36,1,0.02267241482999536,0.9715,4.793308188134801,1.7349603176116943,0,continue,5.779172282418729,0
15,37,1,0.060832752097461695,0.9715,4.780419975089296,1.7219849824905396,0,continue,5.840005034516191,0
15,38,0,0.11830041134074035,0.9715,4.764490705919666,1.7094836235046387,0,continue,5.958305445856932,0
15,39,0,0.07432583066319612,0.9715,4.7490791497397185,1.6504437923431396,0,continue,6.032631276520128,0
15,40,0,0.05454224460927014,0.9715,4.732984010864588,1.6090458631515503,0,continue,6.087173521129398,0
15,41,1,0.04523651531458265,0.9715,4.723391797698949,1.5933908224105835,0,continue,6.132410036443981,0
15,42,1,0.005776542811228591,0.9715,4.72213224813693,1.585877776145935,0,continue,6.13818657925521,0
15,43,0,0.0008554611628680195,0.9715,4.711415687841531,1.5457912683486938,0,continue,6.1390420404180785,0
15,44,1,0.05046470196237707,0.9715,4.7009199639747115,1.4949238300323486,0,continue,6.1895067423804555,0
15,45,0,0.029490713839034278,0.9715,4.690833674481044,1.4610239267349243,0,continue,6.21899745621949,0
15,46,0,-0.0743920219169828,0.9715,4.688677746014066,1.4206812381744385,0,continue,6.144605434302507,0
15,47,0,0.01719426771003264,0.9715,4.684135226156988,1.4199239015579224,0,continue,6.16179970201254,0
15,48,1,0.02553475633994955,0.9715,4.678641888261923,1.3989894390106201,0,continue,6.187334458352489,0
15,49,0,0.004531970125193641,0.9715,4.6730181624549125,1.360875129699707,0,continue,6.191866428477683,0
15,50,0,-0.03803411434107879,0.9715,4.6700361949719635,1.310266137123108,0,continue,6.153832314136604,0
15,51,0,-0.02601399816277402,0.9715,4.6682022701181936,1.2868542671203613,0,continue,6.127818315973831,0
15,52,0,0.0025075530835698134,0.9715,4.667510882119587,1.2837721109390259,0,continue,6.1303258690574,0
15,53,0,-0.010216601189134311,0.9715,4.667043722956049,1.2775160074234009,0,continue,6.120109267868266,0
15,54,0,-0.07322151013734798,0.9715,4.668255542306531,1.2421064376831055,0,continue,6.046887757730918,0
15,55,0,-0.06970067827525368,0.9715,4.673228015387542,1.217087745666504,0,continue,5.977187079455664,0
15,56,0,-0.080706716555042,0.9715,4.680997818429599,1.1971263885498047,0,continue,5.896480362900622,0
15,57,0,-0.06332656993637562,0.9715,4.684145932938645,1.157961368560791,0,continue,5.8331537929642465,0
15,58,0,-0.22237304352676346,0.9715,4.720583598002568,1.1507800817489624,0,continue,5.610780749437483,0
15,59,0,-0.4888056200887889,0.9715,4.7677064189933285,1.1214287281036377,0,continue,5.121975129348694,0
15,60,1,-0.4009824114853615,0.9715,4.806194369200353,1.129631757736206,0,continue,4.720992717863333,0
15,61,1,-0.39055093336637636,0.9715,4.841848138144675,1.0971877574920654,0,continue,4.330441784496957,0
15,62,0,-0.5123891863182781,0.9715,4.851397976680794,1.0900555849075317,0,continue,3.818052598178679,0
15,63,0,-0.2592006545964792,0.9715,4.851394381374707,1.0835074186325073,0,continue,3.5588519435821997,0
15,64,0,-0.282381543156319,0.9715,4.869087575335769,1.1153024435043335,0,continue,3.2764704004258807,0
15,65,2,-0.3660262113499645,0.9715,4.8970433226488375,1.1575778722763062,0,continue,2.9104441890759163,0
15,66,0,-0.4189493168857841,0.9715,4.9313093796711,1.1650465726852417,0,continue,2.491494872190132,0
15,67,0,-0.46572195083843676,0.9715,4.967553325109812,1.2008917331695557,0,continue,2.0257729213516953,0
15,68,0,-0.4240167706386416,0.9715,5.007913991831149,1.1972030401229858,0,continue,1.6017561507130536,0
15,69,0,-0.2083123593719852,0.9715,5.008963995868827,1.2013460397720337,0,continue,1.3934437913410684,0
15,70,2,-0.3293542794182658,0.9715,5.034764604368155,1.2205888032913208,0,continue,1.0640895119228027,0
15,71,0,-0.33109080313763606,0.9715,5.114217049697514,1.2626913785934448,0,continue,0.7329987087851666,0
15,72,0,-0.8131297689279524,0.9715,5.184007049462338,1.2560639381408691,0,continue,-0.08013106014278581,0
15,73,0,0.20598816765154576,0.9715,5.26016052624173,1.1940582990646362,0,continue,0.12585710750875995,0
15,74,0,-0.8533225855480895,0.9715,5.26810780960672,1.1725748777389526,0,continue,-0.7274654780393295,0
15,75,0,-0.6328591836705919,0.9715,5.33468011552952,1.1840091943740845,0,continue,-1.3603246617099214,0
15,76,1,-0.5993452970148615,0.9715,5.414246648936114,1.1480745077133179,0,continue,-1.959669958724783,0
15,77,0,-0.4843897075417068,0.9715,5.493654124741637,1.107880711555481,0,continue,-2.4440596662664897,0
15,78,0,-0.19355925993397546,0.9715,5.520815562684239,1.045348048210144,0,continue,-2.637618926200465,0
15,79,0,-0.4645325519475857,0.9715,5.564581574253463,0.999853789806366,0,continue,-3.1021514781480506,0
15,80,0,-0.6183278192065971,0.9715,5.643859382811952,0.983361542224884,0,continue,-3.7204792973546477,0
15,81,2,-0.6419852630804384,0.9715,5.7322506552731145,0.9321112036705017,0,continue,-4.362464560435086,0
15,82,0,-0.41179999900989167,0.9715,5.7937281275651555,0.8612104058265686,0,continue,-4.774264559444978,0
15,83,0,-0.26836654654709374,0.9715,5.807359927009454,0.8213908672332764,0,continue,-5.042631105992072,0
15,84,0,-0.6452485379309826,0.9715,5.882757910437178,0.7999764084815979,0,continue,-5.687879643923055,0
15,85,0,-0.7133753172265143,0.9715,5.953643360976498,0.7556220293045044,0,continue,-6.4012549611495695,0
15,86,2,-0.5105697415021391,0.9715,6.015711291493872,0.7113333344459534,0,continue,-6.911824702651709,0
15,87,0,-0.6268021138528255,0.9715,6.086681246360602,0.6616239547729492,0,continue,-7.538626816504534,0
15,88,1,-0.3803371930681336,0.9715,6.122718635525499,0.6121845245361328,0,continue,-7.918964009572668,0
15,89,2,-0.8081464458236607,0.9715,6.184299334660111,0.5992358922958374,0,continue,-8.727110455396328,0
15,90,0,-0.8322342828613174,0.9715,6.272833068549554,0.5292699933052063,0,continue,-9.559344738257646,0
15,91,2,-0.7085885925003517,0.9715,6.3703949830334885,0.45301786065101624,0,continue,-10.267933330757998,0
15,92,0,-0.6544534296841187,0.9715,6.406904932174923,0.38215428590774536,0,continue,-10.922386760442116,0
15,93,1,-0.5075970215603736,0.9715,6.450470344925327,0.37381091713905334,0,continue,-11.42998378200249,0
15,94,1,-0.6554691303219833,0.9715,6.512216291393591,0.32548174262046814,0,continue,-12.085452912324472,0
15,95,0,-0.644518368369652,0.9715,6.533334917078102,0.29911091923713684,0,continue,-12.729971280694125,0
15,96,0,-0.9419860479322559,0.9715,6.520003032518215,0.23406584560871124,0,continue,-13.67195732862638,0
15,97,0,-31.127264487069397,0.9715,6.496940368921687,0.16428524255752563,1,crush,-44.79922181569577,0
16,1,0,-1.0615903277130998,0.9696,3.0907892027857935,0.11999999731779099,0,continue,-1.0615903277130998,0
16,2,0,-0.985563967195414,0.9696,3.090752477178377,0.11999999731779099,0,continue,-2.0471542949085135,0
16,3,0,-1.026511914376129,0.9696,3.0907305217145717,0.11999999731779099,0,continue,-3.0736662092846423,0
16,4,1,-30.468505896690885,0.9696,3.0907325160735106,0.11999999731779099,1,crush,-33.542172105975524,0
17,1,0,0.0,0.9677,5.820770288781061,1.0907844305038452,0,continue,0.0,0
17,2,0,0.002518948689349232,0.9677,5.8206428449007,1.0880297422409058,0,continue,0.002518948689349232,0
17,3,0,0.17763690783935662,0.9677,5.781532133004311,1.080315113067627,0,continue,0.18015585652870586,0
17,4,0,0.2699925855123926,0.9677,5.729248036021552,1.0847618579864502,0,continue,0.45014844204109844,0
17,5,0,0.29127935707327757,0.9677,5.670474832141528,1.0956791639328003,0,continue,0.7414277991143761,0
17,6,0,0.280578898296791,0.9677,5.6124577344988404,1.0910594463348389,0,continue,1.022006697411167,0
17,7,0,0.28638411663943575,0.9677,5.555364023362662,1.0830415487289429,0,continue,1.3083908140506026,0
17,8,0,0.25447001058479873,0.9677,5.505057236337667,1.0814993381500244,0,continue,1.5628608246354014,0
17,9,0,0.2995019700929764,0.9677,5.448745197914195,1.1283063888549805,0,continue,1.8623627947283778,0
17,10,1,0.5912914257917563,0.9677,5.392783841893809,1.2073477506637573,0,continue,2.453654220520134,0
17,11,0,0.14223517797185403,0.9677,5.367574698254547,1.2390860319137573,0,continue,2.595889398491988,0
17,12,0,0.09764124538663399,0.9677,5.354724575619449,1.304608702659607,0,continue,2.693530643878622,0
17,13,0,0.25111666931240284,0.9677,5.306592031266536,1.3559391498565674,0,continue,2.944647313191025,0
17,14,0,0.29862244721508163,0.9677,5.251962440723725,1.4193477630615234,0,continue,3.2432697604061067,0
17,15,0,0.2872998264447326,0.9677,5.19829552300748,1.463850736618042,0,continue,3.5305695868508393,0
17,16,0,0.12178514451381794,0.9677,5.180113558219237,1.5392686128616333,0,continue,3.652354731364657,0
17,17,0,0.17860419979080283,0.9677,5.1452428956401155,1.5601831674575806,0,continue,3.83095893115546,0
17,18,1,0.4210636720197416,0.9677,5.087194821643471,1.6070668697357178,0,continue,4.2520226031752015,0
17,19,0,0.3174565713956601,0.9677,5.029941211787001,1.6831295490264893,0,continue,4.569479174570862,0
17,20,0,0.15502213133143272,0.9677,5.000961724421531,1.7217460870742798,0,continue,4.724501305902295,0
17,21,0,0.08619437418278757,0.9677,4.989328786961096,1.7594677209854126,0,continue,4.810695680085082,0
17,22,0,0.23845941423327188,0.9677,4.940276284621374,1.7774522304534912,0,continue,5.049155094318355,0
17,23,0,0.2728938323521682,0.9677,4.89098858070509,1.8309985399246216,0,continue,5.322048926670523,0
17,24,0,0.3154437786218789,0.9677,4.832536495455185,1.8988239765167236,0,continue,5.637492705292402,0
17,25,1,0.056908345826434246,0.9677,4.821072542830878,1.902858018875122,0,continue,5.694401051118836,0
17,26,0,0.10741118088959843,0.9677,4.800362707783728,1.8795685768127441,0,continue,5.801812232008435,0
17,27,1,0.25645501383764,0.9677,4.748591760346416,1.8057063817977905,0,continue,6.058267245846075,0
17,28,0,0.2628985972563311,0.9677,4.697987064918092,1.77289617061615,0,continue,6.321165843102406,0
17,29,1,0.2689261415148299,0.9677,4.643676253838061,1.7091435194015503,0,continue,6.590091984617236,0
17,30,0,0.2503313038491578,0.9677,4.5972792857270175,1.6720304489135742,0,continue,6.840423288466393,0
17,31,2,0.2066696363371917,0.9677,4.590261173213532,1.6569942235946655,0,continue,7.047092924803585,0
17,32,0,0.16178745776617257,0.9677,4.562352316302625,1.5927668809890747,0,continue,7.208880382569758,0
17,33,0,0.2272733827864761,0.9677,4.52097742452956,1.5510106086730957,0,continue,7.4361537653562335,0
17,34,0,0.23345300057536061,0.9677,4.480744770524728,1.4751638174057007,0,continue,7.6696067659315945,0
17,35,0,0.1796283503838267,0.9677,4.447531919636375,1.431745171546936,0,continue,7.8492351163154215,0
17,36,0,0.05023017305610866,0.9677,4.441314694413356,1.3712434768676758,0,continue,7.8994652893715305,0
17,37,0,0.016386819216938523,0.9677,4.4411903816478695,1.347717523574829,0,continue,7.915852108588469,0
17,38,2,0.45386226335910496,0.9677,4.416096227345075,1.3138551712036133,0,continue,8.369714371947573,0
17,39,0,0.21673579239199953,0.9677,4.3789360276222276,1.2402794361114502,0,continue,8.586450164339572,0
17,40,0,0.1982538532903918,0.9677,4.34291041365436,1.1988530158996582,0,continue,8.784704017629965,0
17,41,2,0.49023140384462327,0.9677,4.311091698799709,1.1285769939422607,0,continue,9.274935421474588,0
17,42,0,0.023783747134666577,0.9677,4.3072174658367,1.1387486457824707,0,continue,9.298719168609255,0
17,43,0,0.09966394006465822,0.9677,4.285325616808029,1.1410049200057983,0,continue,9.398383108673913,0
17,44,0,0.2073844916405455,0.9677,4.249012743964449,1.0829380750656128,0,continue,9.60576760031446,0
17,45,0,0.14927344272079449,0.9677,4.22119939949784,1.044873833656311,0,continue,9.755041043035254,0
17,46,0,0.08824396383153883,0.9677,4.210843654421495,0.9727113842964172,0,continue,9.843285006866793,0
17,47,0,0.06881138081824564,0.9677,4.200957833530651,0.915084719657898,0,continue,9.91209638768504,0
17,48,1,0.14307039342777314,0.9677,4.171801944376152,0.9173075556755066,0,continue,10.055166781112813,0
17,49,0,0.16049117054164777,0.9677,4.143994683666374,0.8517366051673889,0,continue,10.21565795165446,0
17,50,0,0.16610024913527438,0.9677,4.117765491597616,0.7769335508346558,0,continue,10.381758200789735,0
17,51,0,0.027143770371565512,0.9677,4.114971765551159,0.7452396750450134,0,continue,10.408901971161301,0
17,52,1,0.06287569195985386,0.9677,4.100857904797145,0.730173647403717,0,continue,10.471777663121154,0
17,53,0,0.03831277438863216,0.9677,4.0919152235942295,0.6751148700714111,0,continue,10.510090437509787,0
17,54,0,-0.06549385247391368,0.9677,4.0940821305816115,0.6415424346923828,0,continue,10.444596585035873,0
17,55,0,-0.2985084869424173,0.9677,4.095809618606376,0.5741202235221863,0,continue,10.146088098093456,0
17,56,0,-0.18674933215017686,0.9677,4.113370613630337,0.543361485004425,0,continue,9.95933876594328,0
17,57,0,-0.16242692173651038,0.9677,4.137879774512803,0.5295286774635315,0,continue,9.796911844206768,0
17,58,0,-0.6991194128009391,0.9677,4.1561294438174645,0.49099966883659363,0,continue,9.097792431405828,0
17,59,0,-0.4952868144847115,0.9677,4.176748089510655,0.4753881096839905,0,continue,8.602505616921118,0
17,60,0,-0.7159131700795548,0.9677,4.197695244106155,0.45767199993133545,0,continue,7.886592446841563,0
17,61,0,-1.175236437084813,0.9677,4.198635584207947,0.44329583644866943,0,continue,6.71135600975675,0
17,62,0,-0.6627769384986598,0.9677,4.215664453447876,0.46416106820106506,0,continue,6.04857907125809,0
17,63,0,-0.4562434563675692,0.9677,4.241200671028165,0.4821171462535858,0,continue,5.592335614890521,0
17,64,0,-0.9500840883110855,0.9677,4.275242618962293,0.5152085423469543,0,continue,4.642251526579436,0
17,65,0,0.8627314241829835,0.9677,4.292063443820034,0.5710071325302124,0,continue,5.50498295076242,0
17,66,0,-0.22752051365038906,0.9677,4.301893088957589,0.5637257099151611,0,continue,5.277462437112031,0
17,67,0,-0.36955985725545215,0.9677,4.335689350963579,0.5798754096031189,0,continue,4.907902579856579,0
17,68,0,-0.3419949709975926,0.9677,4.363550740056981,0.6120577454566956,0,continue,4.5659076088589865,0
17,69,0,-0.3695135104345536,0.9677,4.396637817719366,0.6788155436515808,0,continue,4.196394098424433,0
17,70,0,-0.3577720356264478,0.9677,4.427628347205841,0.7530581951141357,0,continue,3.838622062797985,0
17,71,0,-0.35443380979380273,0.9677,4.45821684519419,0.7793766856193542,0,continue,3.484188253004182,0
17,72,2,-0.20929008756729856,0.9677,4.45994863430965,0.8149659633636475,0,continue,3.2748981654368836,0
17,73,0,-0.20833877956028932,0.9677,4.461531645273025,0.8456796407699585,0,continue,3.0665593858765945,0
17,74,0,-0.3583947302763104,0.9677,4.492697252936983,0.9364458322525024,0,continue,2.7081646556002843,0
17,75,0,-0.5713693884101605,0.9677,4.534905073677041,0.9228630661964417,0,continue,2.1367952671901236,0
17,76,0,-0.36332173436855836,0.9677,4.578149941143327,0.866116464138031,0,continue,1.7734735328215652,0
17,77,0,-0.35108575205395604,0.9677,4.617981578477422,0.8075096607208252,0,continue,1.422387780767609,0
17,78,0,-0.4076758478900474,0.9677,4.6590161270555654,0.8002171516418457,0,continue,1.0147119328775616,0
17,79,0,-0.29673843392987476,0.9677,4.678119385847033,0.791024386882782,0,continue,0.7179734989476868,0
17,80,1,-0.2928183951759712,0.9677,4.696525901070183,0.6963663697242737,0,continue,0.4251551037717156,0
17,81,0,-0.823600199595991,0.9677,4.739607399485555,0.6102290153503418,0,continue,-0.39844509582427534,0
17,82,0,-1.299589207586831,0.9677,4.788678646268452,0.5192050933837891,0,continue,-1.6980343034111063,0
17,83,0,-0.4091350376842061,0.9677,4.8338924980431175,0.47797784209251404,0,continue,-2.1071693410953123,0
17,84,0,-0.3486566565686463,0.9677,4.852558690061897,0.39115110039711,0,continue,-2.4558259976639585,0
17,85,2,-0.3289542653918279,0.9677,4.8497384254230065,0.387287974357605,0,continue,-2.7847802630557865,0
17,86,0,-0.3193137863174816,0.9677,4.846793997055826,0.32580462098121643,0,continue,-3.104094049373268,0
17,87,0,-0.036410423274086556,0.9677,4.850264012977703,0.2326010763645172,0,continue,-3.1405044726473546,0
17,88,0,-31.33929193741789,0.9677,4.861792091939916,0.13245059549808502,1,crush,-34.47979641006525,0
18,1,0,-1.030676035973636,0.9658,6.170098537764828,0.11999999731779099,0,continue,-1.030676035973636,0
18,2,0,-1.031758100792618,0.9658,6.170068743757346,0.11999999731779099,0,continue,-2.062434136766254,0
18,3,2,-0.4674203946291593,0.9658,6.170034421011702,0.11999999731779099,0,continue,-2.5298545313954133,0
18,4,0,-31.058859743987806,0.9658,6.170004357166575,0.11999999731779099,1,crush,-33.58871427538322,0
19,1,0,0.0,0.9639,5.7854774425480775,1.1162203550338745,0,continue,0.0,0
19,2,0,0.009110939181183043,0.9639,5.785476892792634,1.1302016973495483,0,continue,0.009110939181183043,0
19,3,0,-0.004315546967231309,0.9639,5.785475973094213,1.120837688446045,0,continue,0.004795392213951734,0
19,4,0,-0.006612067212296857,0.9639,5.785475406915625,1.1256954669952393,0,continue,-0.0018166749983451235,0
19,5,0,0.11961317646516578,0.9639,5.763078481946546,1.130243182182312,0,continue,0.11779650146682066,0
19,6,1,0.22880809492662985,0.9639,5.717127273039162,1.1221050024032593,0,continue,0.34660459639345054,0
19,7,0,0.35179297548777394,0.9639,5.648900818292079,1.1272568702697754,0,continue,0.6983975718812245,0
19,8,1,0.11486799089969675,0.9639,5.625694512457669,1.130107045173645,0,continue,0.8132655627809213,0
19,9,1,0.1630305220318859,0.9639,5.592818649533553,1.1246918439865112,0,continue,0.9762960848128073,0
19,10,0,0.24249373921615755,0.9639,5.543554578878946,1.1264606714248657,0,continue,1.2187898240289647,0
19,11,2,0.5933057327017539,0.9639,5.500159111981604,1.1910113096237183,0,continue,1.8120955567307186,0
19,12,0,0.18354979479341008,0.9639,5.466869789609846,1.2273564338684082,0,continue,1.9956453515241288,0
19,13,0,0.07350816843412084,0.9639,5.4547808000982005,1.2584896087646484,0,continue,2.06915351995825,0
19,14,0,0.21521173208592476,0.9639,5.415220327561109,1.2938899993896484,0,continue,2.2843652520441746,0
19,15,0,0.21190535918952977,0.9639,5.373805957380224,1.2964937686920166,0,continue,2.4962706112337045,0
19,16,0,0.15748955803267395,0.9639,5.345716592637716,1.3730013370513916,0,continue,2.6537601692663784,0
19,17,1,0.2129211270914871,0.9639,5.302769436512443,1.439083456993103,0,continue,2.8666812963578656,0
19,18,0,0.2848683456816379,0.9639,5.2484005846144015,1.475250482559204,0,continue,3.1515496420395035,0
19,19,0,0.23768976844744089,0.9639,5.2005530918739105,1.4935935735702515,0,continue,3.3892394104869443,0
19,20,2,0.24538347228583532,0.9639,5.189480154030649,1.5615580081939697,0,continue,3.6346228827727796,0
19,21,1,-0.1417404488306444,0.9639,5.157507002893856,1.5948776006698608,0,continue,3.4928824339421354,0
19,22,0,0.310442087238208,0.9639,5.097824270714593,1.6500905752182007,0,continue,3.8033245211803433,0
19,23,1,0.19920115886239995,0.9639,5.057582898017363,1.70851469039917,0,continue,4.002525680042743,0
19,24,0,0.2430737137073232,0.9639,5.014029737376195,1.7791210412979126,0,continue,4.245599393750067,0
19,25,0,0.17801510191023934,0.9639,4.980322745403553,1.796973705291748,0,continue,4.423614495660306,0
19,26,0,0.04973131654054761,0.9639,4.97184388050797,1.814277172088623,0,continue,4.473345812200854,0
19,27,2,0.12950808620240162,0.9639,4.948582147986559,1.890056848526001,0,continue,4.602853898403255,0
19,28,1,-0.20048323572496204,0.9639,4.926521794244102,1.910799264907837,0,continue,4.402370662678293,0
19,29,2,-0.1984246897812678,0.9639,4.900085865865494,1.8846800327301025,0,continue,4.203945972897025,0
19,30,0,0.014018279634404766,0.9639,4.892890283446908,1.8482205867767334,0,continue,4.21796425253143,0
19,31,1,0.24637132772700224,0.9639,4.857417311328341,1.8121099472045898,0,continue,4.464335580258432,0
19,32,0,0.2637791842652414,0.9639,4.801586383571917,1.7982110977172852,0,continue,4.728114764523673,0
19,33,0,0.27856514497303453,0.9639,4.74448402613007,1.7869024276733398,0,continue,5.006679909496708,0
19,34,0,0.08732425915497995,0.9639,4.728409132529476,1.7709704637527466,0,continue,5.094004168651688,0
19,35,0,0.18912021090049538,0.9639,4.690589485857255,1.7177735567092896,0,continue,5.283124379552183,0
19,36,0,0.20143155239530525,0.9639,4.642290582315659,1.705527663230896,0,continue,5.484555931947488,0
19,37,0,0.2257014417791523,0.9639,4.590714347406065,1.6689891815185547,0,continue,5.710257373726641,0
19,38,0,0.11314676581941291,0.9639,4.569468782621045,1.578385829925537,0,continue,5.823404139546054,0
19,39,0,0.20900870103385383,0.9639,4.530925237479857,1.522349238395691,0,continue,6.032412840579908,0
19,40,2,0.25444774378065915,0.9639,4.478275852106715,1.4860153198242188,0,continue,6.286860584360567,0
19,41,0,0.27816953082212775,0.9639,4.426712107665963,1.4287173748016357,0,continue,6.565030115182695,0
19,42,0,0.16522175095576966,0.9639,4.38781905657847,1.3893868923187256,0,continue,6.730251866138464,0
19,43,2,-0.012861120973022055,0.9639,4.386533018416886,1.3379169702529907,0,continue,6.717390745165442,0
19,44,0,0.0531531316343933,0.9639,4.377328731956313,1.3130298852920532,0,continue,6.770543876799835,0
19,45,2,0.26215547962185143,0.9639,4.3279212863981185,1.271854281425476,0,continue,7.032699356421687,0
19,46,0,0.32040745199573833,0.9639,4.266676064059414,1.245262861251831,0,continue,7.353106808417425,0
19,47,0,0.3666063895861803,0.9639,4.206056655022948,1.1871615648269653,0,continue,7.719713198003605,0
19,48,0,-0.18613167749017753,0.9639,4.1547323232624445,1.164662480354309,0,continue,7.533581520513428,0
19,49,0,0.03138647622130029,0.9639,4.139763771716615,1.1678820848464966,0,continue,7.564967996734728,0
19,50,0,0.2998335669733313,0.9639,4.1048158907156616,1.1617196798324585,0,continue,7.864801563708059,0
19,51,0,0.23138132469729572,0.9639,4.071110279020092,1.1358821392059326,0,continue,8.096182888405355,0
19,52,0,0.20924550336914693,0.9639,4.032738423697935,1.1135368347167969,0,continue,8.305428391774502,0
19,53,0,-0.07146568253642925,0.9639,4.012242454807176,1.0524230003356934,0,continue,8.233962709238073,0
19,54,0,-0.12427178908373186,0.9639,4.012330027629327,1.0150675773620605,0,continue,8.10969092015434,0
19,55,2,0.24356784332150094,0.9639,4.000606410890567,0.9822419881820679,0,continue,8.353258763475841,0
19,56,0,0.4663262403017722,0.9639,3.919929491599449,0.9597488641738892,0,continue,8.819585003777613,0
19,57,0,0.599168389102653,0.9639,3.8542341558349005,0.9501000046730042,0,continue,9.418753392880266,0
19,58,2,0.4450771470618673,0.9639,3.769029550532486,0.9024240970611572,0,continue,9.863830539942134,0
19,59,0,0.4137796828778277,0.9639,3.6822020512087796,0.8928321599960327,0,continue,10.27761022281996,0
19,60,2,0.13865206776981562,0.9639,3.654835947475399,0.8899301886558533,0,continue,10.416262290589776,0
19,61,1,-0.2652167883693837,0.9639,3.647822498350968,0.8226914405822754,0,continue,10.151045502220391,0
19,62,0,0.39923731202708446,0.9639,3.569813500309324,0.7769626379013062,0,continue,10.550282814247476,0
19,63,1,0.4709981026187193,0.9639,3.4755705910965333,0.681213915348053,0,continue,11.021280916866194,0
19,64,0,0.46011933557391627,0.9639,3.3905400596386492,0.6033779978752136,0,continue,11.48140025244011,0
19,65,0,0.2581999251580295,0.9639,3.338838112920683,0.5653772950172424,0,continue,11.73960017759814,0
19,66,0,0.12507048062399892,0.9639,3.314172510985427,0.5539114475250244,0,continue,11.864670658222138,0
19,67,0,0.38569639075904066,0.9639,3.238024414795596,0.5254541635513306,0,continue,12.250367048981179,0
19,68,0,0.3248127932028483,0.9639,3.1701917487550837,0.43278399109840393,0,continue,12.575179842184028,0
19,69,0,0.08605704328389267,0.9639,3.1402326915408785,0.39262235164642334,0,continue,12.66123688546792,0
19,70,0,-0.21000200908151156,0.9639,3.1342844184710166,0.2945874333381653,0,continue,12.451234876386408,0
19,71,0,-0.347647363992102,0.9639,3.1264817488947703,0.2649228572845459,0,continue,12.103587512394306,0
19,72,0,-0.5215491928111723,0.9639,3.118651380393535,0.24901051819324493,0,continue,11.582038319583134,0
19,73,0,-30.923791707933667,0.9639,3.112430743742422,0.16017751395702362,1,crush,-19.341753388350533,0
20,1,1,-0.4677162688406385,0.962,4.652393418407953,0.11999999731779099,0,continue,-0.4677162688406385,0
20,2,1,-0.46848972491511,0.962,4.65239225892135,0.11999999731779099,0,continue,-0.9362059937557485,0
20,3,0,-1.001833845224322,0.962,4.652506043412252,0.11999999731779099,0,continue,-1.9380398389800706,0
20,4,1,-30.469958290613203,0.962,4.652780205816232,0.11999999731779099,1,crush,-32.407998129593274,0
21,1,0,0.0,0.9601,5.511286874614101,1.4434553384780884,0,continue,0.0,0
21,2,0,-0.03125532035319543,0.9601,5.5183043982057205,1.4402655363082886,0,continue,-0.03125532035319543,0
21,3,2,-0.04589149417566522,0.9601,5.527383938742195,1.4470511674880981,0,continue,-0.07714681452886066,0
21,4,2,-0.052538443440493375,0.9601,5.537363344199785,1.445685863494873,0,continue,-0.12968525796935404,0
21,5,0,-0.06869259256274046,0.9601,5.548054594728602,1.458126425743103,0,continue,-0.1983778505320945,0
21,6,0,-0.059334600910824785,0.9601,5.560352572315388,1.4510449171066284,0,continue,-0.25771245144291927,0
21,7,0,-0.06003826663532017,0.9601,5.573709542195551,1.4442200660705566,0,continue,-0.31775071807823946,0
21,8,0,-0.0533764065725447,0.9601,5.584551358740523,1.4533692598342896,0,continue,-0.3711271246507842,0
21,9,0,0.009471134680564087,0.9601,5.5847084648794,1.452407956123352,0,continue,-0.3616559899702201,0
21,10,0,-0.04998604568346379,0.9601,5.592569200946322,1.4493608474731445,0,continue,-0.41164203565368385,0
21,11,0,-0.10045245595156643,0.9601,5.609447582719644,1.4458686113357544,0,continue,-0.5120944916052503,0
21,12,1,-0.09477456515224739,0.9601,5.627905974676635,1.4541683197021484,0,continue,-0.6068690567574977,0
21,13,1,-0.09084894017587009,0.9601,5.64568499654518,1.4429446458816528,0,continue,-0.6977179969333678,0
21,14,0,-0.060146230742548844,0.9601,5.656277703370761,1.4548578262329102,0,continue,-0.7578642276759167,0
21,15,0,-0.007733580175774112,0.9601,5.660193350691227,1.4539157152175903,0,continue,-0.7655978078516907,0
21,16,1,-0.061557604362797835,0.9601,5.670699807238971,1.4612743854522705,0,continue,-0.8271554122144886,0
21,17,0,-0.053958301092826025,0.9601,5.673693452071833,1.4569613933563232,0,continue,-0.8811137133073147,0
21,18,0,0.008752658821886722,0.9601,5.664546417669767,1.4599366188049316,0,continue,-0.872361054485428,0
21,19,2,0.08383233274841916,0.9601,5.642434597231876,1.4643607139587402,0,continue,-0.7885287217370088,0
21,20,0,0.0973855387316267,0.9601,5.620342958155458,1.4649393558502197,0,continue,-0.6911431830053821,0
21,21,1,0.03303001091517935,0.9601,5.616823458782512,1.4639588594436646,0,continue,-0.6581131720902028,0
21,22,0,-0.0946446794736583,0.9601,5.597399137243604,1.4576544761657715,0,continue,-0.7527578515638611,0
21,23,0,-0.3693738990674441,0.9601,5.562502843942219,1.469160795211792,0,continue,-1.122131750631305,0
21,24,0,-0.3723583535943219,0.9601,5.5241752115932625,1.4874387979507446,0,continue,-1.4944901042256271,0
21,25,1,0.37066128266685466,0.9601,5.4856338121612165,1.4939401149749756,0,continue,-1.1238288215587724,0
21,26,0,0.15745586114780574,0.9601,5.439291079394354,1.5407885313034058,0,continue,-0.9663729604109667,0
21,27,0,-0.010309799468026591,0.9601,5.432888268068925,1.5476326942443848,0,continue,-0.9766827598789932,0
21,28,0,0.3522383343063361,0.9601,5.362208465590476,1.5627295970916748,0,continue,-0.6244444255726571,0
21,29,0,0.43993052490506424,0.9601,5.273137326788889,1.620627999305725,0,continue,-0.18451390066759288,0
21,30,1,0.4799361268530031,0.9601,5.184770000384488,1.6745758056640625,0,continue,0.2954222261854102,0
21,31,1,0.43584738301914405,0.9601,5.095894234738676,1.72478449344635,0,continue,0.7312696092045543,0
21,32,2,0.2621292177911874,0.9601,5.007121117818929,1.7429323196411133,0,continue,0.9933988269957417,0
21,33,0,0.14503098874978182,0.9601,4.979227217294877,1.7715868949890137,0,continue,1.1384298157455235,0
21,34,0,0.31357612148545655,0.9601,4.926390059169786,1.8664599657058716,0,continue,1.4520059372309801,0
21,35,1,0.4907431384999119,0.9601,4.828966036894175,1.9077057838439941,0,continue,1.942749075730892,0
21,36,2,0.1433640176516427,0.9601,4.740035496888486,1.8084149360656738,0,continue,2.0861130933825347,0
21,37,1,0.1438663606546431,0.9601,4.651216982930799,1.7119252681732178,0,continue,2.229979454037178,0
21,38,0,0.40790145008371737,0.9601,4.571172082169608,1.6888645887374878,0,continue,2.637880904120895,0
21,39,0,0.20310259119670715,0.9601,4.534840164642919,1.6654354333877563,0,continue,2.840983495317602,0
21,40,0,0.07306866913633843,0.9601,4.527774930089904,1.569217324256897,0,continue,2.9140521644539406,0
21,41,0,0.33432899906097113,0.9601,4.464573047404684,1.5121818780899048,0,continue,3.2483811635149116,0
21,42,0,0.4341054854167532,0.9601,4.384734634836875,1.4187157154083252,0,continue,3.6824866489316648,0
21,43,0,0.41647976794983915,0.9601,4.304896720928273,1.369279384613037,0,continue,4.098966416881504,0
21,44,1,0.23182565067704214,0.9601,4.259519974091833,1.2697265148162842,0,continue,4.330792067558546,0
21,45,0,0.1855276107832774,0.9601,4.2251503995503965,1.2441149950027466,0,continue,4.516319678341824,0
21,46,0,0.4086715728692783,0.9601,4.145424739072654,1.2253493070602417,0,continue,4.924991251211102,0
21,47,0,0.38192921975559785,0.9601,4.074509331257001,1.1248970031738281,0,continue,5.3069204709667,0
21,48,0,0.24954595210725528,0.9601,4.029204678800746,1.088181495666504,0,continue,5.556466423073956,0
21,49,0,0.10146623088722048,0.9601,4.017147652945365,0.9930693507194519,0,continue,5.6579326539611765,0
21,50,1,0.38154666684162697,0.9601,3.9416283167856974,0.9729138016700745,0,continue,6.039479320802803,0
21,51,0,0.37301010033934834,0.9601,3.8709191021302614,0.911077082157135,0,continue,6.412489421142151,0
21,52,0,0.3344650209783334,0.9601,3.8094417366758275,0.8696252703666687,0,continue,6.746954442120485,0
21,53,1,0.09921879196259606,0.9601,3.7898789468332788,0.7668296098709106,0,continue,6.846173234083081,0
21,54,0,0.4153089358872103,0.9601,3.7119822077720688,0.7338423728942871,0,continue,7.261482169970291,0
21,55,0,0.44378039947137704,0.9601,3.623800700453128,0.7162731885910034,0,continue,7.705262569441668,0
21,56,2,0.4401934417390996,0.9601,3.535637343701087,0.6186312437057495,0,continue,8.145456011180768,0
21,57,0,0.3760609342304388,0.9601,3.4655477976876967,0.5251109004020691,0,continue,8.521516945411207,0
21,58,2,0.010557450101153127,0.9601,3.4642740099620637,0.4914950728416443,0,continue,8.53207439551236,0
21,59,0,0.1238347142373738,0.9601,3.4383931311192804,0.4449571967124939,0,continue,8.655909109749734,0
21,60,0,0.24206025768293415,0.9601,3.368163583928872,0.3514973223209381,0,continue,8.897969367432669,0
21,61,0,-0.21105801955669973,0.9601,3.358416705101519,0.3124246597290039,0,continue,8.68691134787597,0
21,62,0,-0.7138531251369948,0.9601,3.3595045003995794,0.20940881967544556,0,continue,7.973058222738976,0
21,63,0,-30.838733600608858,0.9601,3.358184067492377,0.17236833274364471,1,crush,-22.865675377869884,0
22,1,0,-1.050418211910335,0.9582,6.595122858341852,0.11999999731779099,0,continue,-1.050418211910335,0
22,2,0,-1.0175550529600443,0.9582,6.595121963410753,0.11999999731779099,0,continue,-2.0679732648703792,0
22,3,0,-1.007841008806088,0.9582,6.595121395853093,0.11999999731779099,0,continue,-3.0758142736764675,0
22,4,0,-31.029239005891913,0.9582,6.595120047697645,0.11999999731779099,1,crush,-34.10505327956838,0
23,1,0,0.0,0.9563,6.000293542630547,0.8965538740158081,0,continue,0.0,0
23,2,0,0.0003527559255783297,0.9563,6.000293175315295,0.8895370960235596,0,continue,0.0003527559255783297,0
23,3,0,0.003318236789589535,0.9563,6.000291246446843,0.901741623878479,0,continue,0.0036709927151678647,0
23,4,0,-0.0008110769656409555,0.9563,6.000288084963793,0.8992454409599304,0,continue,0.002859915749526909,0
23,5,1,0.31799129868442366,0.9563,5.936650774724504,0.9035055637359619,0,continue,0.3208512144339506,0
23,6,0,0.5454829938771381,0.9563,5.829074894837906,0.8967160582542419,0,continue,0.8663342083110886,0
23,7,0,0.43500291245069783,0.9563,5.73933120007365,0.901810884475708,0,continue,1.3013371207617865,0
23,8,0,0.4918676690360753,0.9563,5.641240678220635,0.8963961005210876,0,continue,1.7932047897978618,0
23,9,0,0.10267199038984501,0.9563,5.621188776005,0.9137498736381531,0,continue,1.8958767801877068,0
23,10,0,0.10693021494060691,0.9563,5.602405144581485,0.9404598474502563,0,continue,2.0028069951283136,0
23,11,0,0.49164699162549064,0.9563,5.513778446982803,1.0373605489730835,0,continue,2.494453986753804,0
23,12,1,0.49321201897376155,0.9563,5.415104065031059,1.1434581279754639,0,continue,2.9876660057275655,0
23,13,0,0.40289067196128703,0.9563,5.343666572574914,1.2404601573944092,0,continue,3.3905566776888527,0
23,14,0,0.11145568971069168,0.9563,5.323666089873413,1.2857658863067627,0,continue,3.5020123673995442,0
23,15,0,0.4587983810347133,0.9563,5.235387397308834,1.3078348636627197,0,continue,3.9608107484342576,0
23,16,0,0.46642420877339175,0.9563,5.14542050344141,1.350769281387329,0,continue,4.4272349572076495,0
23,17,1,0.3580257504497437,0.9563,5.073811865135966,1.4529908895492554,0,continue,4.785260707657393,0
23,18,2,-0.22832281987556413,0.9563,5.060035568657405,1.5498336553573608,0,continue,4.556937887781829,0
23,19,0,0.43630794485204283,0.9563,4.97426783639419,1.573348045349121,0,continue,4.993245832633872,0
23,20,0,0.47903653003712815,0.9563,4.88434005061672,1.6040825843811035,0,continue,5.472282362671,0
23,21,0,0.4253255332727577,0.9563,4.806495091525415,1.71418035030365,0,continue,5.897607895943757,0
23,22,2,0.03614143799708982,0.9563,4.799256889158255,1.8105874061584473,0,continue,5.933749333940847,0
23,23,0,0.2879582856541243,0.9563,4.742571214543426,1.8379740715026855,0,continue,6.221707619594971,0
23,24,0,0.26367646205330797,0.9563,4.689056362692233,1.916866421699524,0,continue,6.485384081648279,0
23,25,0,0.25530507778253,0.9563,4.636698309231156,1.844563364982605,0,continue,6.740689159430809,0
23,26,1,0.17079216858669835,0.9563,4.596691789982314,1.7611958980560303,0,continue,6.911481328017507,0
23,27,0,0.11012499461827853,0.9563,4.571092732906683,1.7820979356765747,0,continue,7.021606322635785,0
23,28,0,-0.00043499935711203974,0.9563,4.569251306783205,1.7334378957748413,0,continue,7.021171323278673,0
23,29,0,-0.021375261967913593,0.9563,4.568902461814207,1.674522042274475,0,continue,6.999796061310759,0
23,30,0,0.1459706588756273,0.9563,4.538711390194343,1.6411620378494263,0,continue,7.145766720186386,0
23,31,1,0.2309762052582407,0.9563,4.491635444810457,1.588168978691101,0,continue,7.376742925444627,0
23,32,2,0.10816484092714741,0.9563,4.450038100637276,1.545473575592041,0,continue,7.484907766371775,0
23,33,2,0.3574607659635413,0.9563,4.41645664585854,1.5206276178359985,0,continue,7.842368532335316,0
23,34,1,-0.14944434082994337,0.9563,4.385537870846677,1.5268528461456299,0,continue,7.692924191505372,0
23,35,0,0.17293163383088275,0.9563,4.356678429624588,1.5221408605575562,0,continue,7.865855825336255,0
23,36,0,0.059814569428553344,0.9563,4.349152732134666,1.5021334886550903,0,continue,7.925670394764809,0
23,37,2,0.398697947048728,0.9563,4.31608365775845,1.4476882219314575,0,continue,8.324368341813537,0
23,38,0,0.23294282316916287,0.9563,4.27922652134535,1.397940993309021,0,continue,8.5573111649827,0
23,39,0,-0.03419808058555806,0.9563,4.251750088966863,1.3428211212158203,0,continue,8.523113084397142,0
23,40,2,0.3091796968101247,0.9563,4.251266197036192,1.2800768613815308,0,continue,8.832292781207267,0
23,41,2,0.41054599935509345,0.9563,4.23131095047241,1.2744321823120117,0,continue,9.24283878056236,0
23,42,0,0.1524178288227765,0.9563,4.2021362773349615,1.2538061141967773,0,continue,9.395256609385138,0
23,43,2,0.5047671697662472,0.9563,4.171299915535136,1.1977355480194092,0,continue,9.900023779151384,0
23,44,0,0.013102980381443896,0.9563,4.159101389679897,1.1552331447601318,0,continue,9.913126759532828,0
23,45,0,-0.03696150435864061,0.9563,4.158957997304754,1.1505796909332275,0,continue,9.876165255174188,0
23,46,0,0.08274460639864607,0.9563,4.142096141961444,1.1310462951660156,0,continue,9.958909861572835,0
23,47,1,0.12087987465852275,0.9563,4.11739680750903,1.0820372104644775,0,continue,10.079789736231357,0
23,48,0,0.07167580588780878,0.9563,4.094077618653962,1.0583287477493286,0,continue,10.151465542119166,0
23,49,0,0.04734383192334607,0.9563,4.072217766407019,1.0271471738815308,0,continue,10.198809374042511,0
23,50,0,0.08831515116865642,0.9563,4.052658638134189,1.0197715759277344,0,continue,10.287124525211167,0
23,51,2,0.46467234085474446,0.9563,4.049329560334717,1.0072582960128784,0,continue,10.751796866065911,0
23,52,2,0.4791292964179929,0.9563,4.047665416354306,0.9488605260848999,0,continue,11.230926162483904,0
23,53,2,0.5762201677970091,0.9563,4.0292675465223775,0.9346364736557007,0,continue,11.807146330280913,0
23,54,0,0.021394050351397634,0.9563,4.012368584755038,0.8719411492347717,0,continue,11.828540380632312,0
23,55,1,0.07464331218005837,0.9563,3.9968735055217612,0.8354207873344421,0,continue,11.90318369281237,0
23,56,1,0.03867254204555992,0.9563,3.988772602240132,0.815341591835022,0,continue,11.94185623485793,0
23,57,0,0.005068063889115049,0.9563,3.9856419391210087,0.8059934973716736,0,continue,11.946924298747046,0
23,58,0,0.03274173387625111,0.9563,3.97213360420667,0.7804422378540039,0,continue,11.979666032623298,0
23,59,1,0.05102901983337317,0.9563,3.961352498687664,0.7554588913917542,0,continue,12.030695052456672,0
23,60,0,-0.03875228984337952,0.9563,3.9538460379876725,0.6968901753425598,0,continue,11.991942762613292,0
23,61,1,0.004435339248244463,0.9563,3.9528774382115133,0.6836123466491699,0,continue,11.996378101861536,0
23,62,0,-0.04532597995920244,0.9563,3.950752672751785,0.650519073009491,0,continue,11.951052121902334,0
23,63,1,0.001915995149653061,0.9563,3.9480111259342046,0.645023763179779,0,continue,11.952968117051988,0
23,64,1,-0.0569791316668918,0.9563,3.952308943254774,0.5884503722190857,0,continue,11.895988985385095,0
23,65,1,-0.1410621749202504,0.9563,3.9714756314970248,0.5357052087783813,0,continue,11.754926810464845,0
23,66,0,-0.17117906694312524,0.9563,3.9957562595167286,0.5115222334861755,0,continue,11.58374774352172,0
23,67,0,-0.1870264566422344,0.9563,4.029268782813128,0.4998758137226105,0,continue,11.396721286879485,0
23,68,0,-0.17820488580329824,0.9563,4.054233384213875,0.5030997395515442,0,continue,11.218516401076187,0
23,69,0,-0.15849500176758305,0.9563,4.05365727890777,0.4668990969657898,0,continue,11.060021399308603,0
23,70,0,-1.1759424520987312,0.9563,4.102470615837332,0.4409852623939514,0,continue,9.884078947209872,0
23,71,0,-1.7296035392953943,0.9563,4.17456982156468,0.427666038274765,0,continue,8.154475407914477,0
23,72,1,-0.5827842609453381,0.9563,4.2454682112008735,0.44150856137275696,0,continue,7.571691146969139,0
23,73,0,-2.0000969542022693,0.9563,4.316907878761344,0.44486671686172485,0,continue,5.571594192766869,0
23,74,0,-1.9710967577935068,0.9563,4.381589802731935,0.45188313722610474,0,continue,3.6004974349733625,0
23,75,2,-0.5929814965703726,0.9563,4.454714872240958,0.44280606508255005,0,continue,3.0075159384029897,0
23,76,1,-0.7161710137831896,0.9563,4.49619422545812,0.4732009172439575,0,continue,2.2913449246198,0
23,77,1,-0.2005398994452932,0.9563,4.496302205347178,0.5470303893089294,0,continue,2.0908050251745065,0
23,78,0,-0.30814368925619573,0.9563,4.519838821120476,0.5730897784233093,0,continue,1.7826613359183108,0
23,79,0,-0.5443904974009275,0.9563,4.592540723162662,0.6624807715415955,0,continue,1.2382708385173833,0
23,80,0,-0.5222572579537453,0.9563,4.6578321987399,0.6952446699142456,0,continue,0.716013580563638,0
23,81,0,-0.6229618517094901,0.9563,4.748070700468098,0.788527250289917,0,continue,0.09305172885414781,0
23,82,0,-0.5627929029454073,0.9563,4.823711949997669,0.8137801885604858,0,continue,-0.4697411740912595,0
23,83,0,-0.23883328649018787,0.9563,4.832047818705696,0.8105385303497314,0,continue,-0.7085744605814474,0
23,84,1,-0.5220896934660317,0.9563,4.896181300132779,0.8817762732505798,0,continue,-1.2306641540474792,0
23,85,0,-0.5941856038859161,0.9563,4.978871915726434,0.95333331823349,0,continue,-1.8248497579333953,0
23,86,1,-0.6119064893268426,0.9563,5.061084825660636,1.0204325914382935,0,continue,-2.436756247260238,0
23,87,0,-0.26142590669475857,0.9563,5.0794109929952675,1.0948717594146729,0,continue,-2.6981821539549964,0
23,88,1,-0.48739662915076626,0.9563,5.136778583897798,1.1518337726593018,0,continue,-3.1855787831057625,0
23,89,2,-0.9176259063782315,0.9563,5.220006731989407,1.2004379034042358,0,continue,-4.103204689483994,0
23,90,0,-0.5789336123042932,0.9563,5.30368116368887,1.1051175594329834,0,continue,-4.682138301788287,0
23,91,0,-0.3996864689494726,0.9563,5.353983848841995,1.0269646644592285,0,continue,-5.081824770737759,0
23,92,0,-0.31935691725475557,0.9563,5.379981987150213,1.0138782262802124,0,continue,-5.401181687992515,0
23,93,1,-36.03726724370768,0.9563,6.435454679382977,0.11999999731779099,1,crush,-41.438448931700194,0
24,1,2,-0.46710556710085044,0.9544,3.3277639137912307,0.11999999731779099,0,continue,-0.46710556710085044,0
24,2,2,-0.4690537061346844,0.9544,3.3278240244512616,0.11999999731779099,0,continue,-0.9361592732355348,0
24,3,0,-1.006342038026022,0.9544,3.327952134044646,0.11999999731779099,0,continue,-1.9425013112615568,0
24,4,1,-30.46863337781036,0.9544,3.3279755627228895,0.11999999731779099,1,crush,-32.411134689071915,0
25,1,0,0.0,0.9525,5.568804978494452,1.3567391633987427,0,continue,0.0,0
25,2,0,0.03241614223418827,0.9525,5.5624894233016935,1.3535839319229126,0,continue,0.03241614223418827,0
25,3,0,0.548153063170268,0.9525,5.451799723005325,1.3591192960739136,0,continue,0.5805692054044563,0
25,4,2,0.4027499637935283,0.9525,5.396658820373205,1.3480353355407715,0,continue,0.9833191691979846,0
25,5,1,0.398964171236141,0.9525,5.256676844609298,1.3566811084747314,0,continue,1.3822833404341255,0
25,6,1,0.19984956397312134,0.9525,5.216401569334998,1.460694432258606,0,continue,1.5821329044072467,0
25,7,2,0.6163416369507261,0.9525,5.064184832151994,1.5368925333023071,0,continue,2.1984745413579727,0
25,8,1,-0.012017710324848562,0.9525,5.0063086132033705,1.6683307886123657,0,continue,2.1864568310331243,0
25,9,0,0.35387328922167,0.9525,4.93206064958278,1.7712769508361816,0,continue,2.540330120254794,0
25,10,2,0.15496628767778575,0.9525,4.899851949262189,1.8582524061203003,0,continue,2.69529640793258,0
25,11,0,0.03233895454276832,0.9525,4.891686381893294,1.932742953300476,0,continue,2.727635362475348,0
25,12,0,0.07066651824521145,0.9525,4.8853457923197965,1.8679641485214233,0,continue,2.7983018807205595,0
25,13,0,0.08444523785946784,0.9525,4.860479290484381,1.7840944528579712,0,continue,2.8827471185800273,0
25,14,2,0.13592746209517106,0.9525,4.825790929618578,1.784532904624939,0,continue,3.0186745806751984,0
25,15,2,0.13421783870789888,0.9525,4.792816466727266,1.7639670372009277,0,continue,3.152892419383097,0
25,16,2,0.21792763708209403,0.9525,4.748355348508678,1.7585726976394653,0,continue,3.3708200564651913,0
25,17,0,0.22761331634108842,0.9525,4.695137640409114,1.7331171035766602,0,continue,3.5984333728062796,0
25,18,0,0.09192736419711928,0.9525,4.6802963477097785,1.7058912515640259,0,continue,3.690360737003399,0
25,19,0,0.17112305780104187,0.9525,4.6379519325805525,1.6707385778427124,0,continue,3.8614837948044407,0
25,20,2,0.20144962507538416,0.9525,4.584852114003536,1.651877999305725,0,continue,4.062933419879825,0
25,21,1,-0.2661516346366307,0.9525,4.567253297798192,1.5916472673416138,0,continue,3.7967817852431947,0
25,22,0,0.23623838264527325,0.9525,4.5274170494216275,1.54141366481781,0,continue,4.033020167888468,0
25,23,1,0.26479826599571077,0.9525,4.4613577545024325,1.5249518156051636,0,continue,4.297818433884179,0
25,24,0,0.3220865132039253,0.9525,4.3976540769063455,1.4193575382232666,0,continue,4.619904947088104,0
25,25,1,0.4605798763785481,0.9525,4.318436060133294,1.3969160318374634,0,continue,5.080484823466652,0
25,26,0,0.514033053110143,0.9525,4.211227168124467,1.3492063283920288,0,continue,5.594517876576796,0
25,27,0,0.5566249600890858,0.9525,4.110639326810104,1.2872923612594604,0,continue,6.151142836665882,0
25,28,1,0.17650058044792727,0.9525,4.074765350948217,1.2317696809768677,0,continue,6.3276434171138085,0
25,29,0,0.33909549593960026,0.9525,4.004708811861999,1.1751635074615479,0,continue,6.6667389130534085,0
25,30,2,0.25647718062748365,0.9525,3.940842502273212,1.0837042331695557,0,continue,6.923216093680892,0
25,31,0,0.17895478005191115,0.9525,3.911542039814822,0.9580639004707336,0,continue,7.1021708737328035,0
25,32,0,0.44151605494189466,0.9525,3.822648165149331,0.9223267436027527,0,continue,7.543686928674698,0
25,33,0,0.4880309735545946,0.9525,3.736002147030672,0.8617887496948242,0,continue,8.031717902229293,0
25,34,0,0.20738598330381564,0.9525,3.6895227789744327,0.7904810309410095,0,continue,8.239103885533108,0
25,35,1,0.4987010474727312,0.9525,3.5918019985620604,0.7736662030220032,0,continue,8.73780493300584,0
25,36,0,0.30339499210569276,0.9525,3.5377478809800595,0.6768562197685242,0,continue,9.041199925111533,0
25,37,2,0.33920083238506205,0.9525,3.4694337343119694,0.5509001016616821,0,continue,9.380400757496595,0
25,38,0,0.46411918494226173,0.9525,3.3797025894854293,0.5104971528053284,0,continue,9.844519942438858,0
25,39,2,0.1507895072521399,0.9525,3.3320985031182295,0.37618547677993774,0,continue,9.995309449690998,0
25,40,0,-0.0606352958604994,0.9525,3.3135933207037285,0.32784515619277954,0,continue,9.934674153830498,0
25,41,2,-0.33714778355263886,0.9525,3.315121657514245,0.23938286304473877,0,continue,9.597526370277858,0
25,42,0,-31.158671859268264,0.9525,3.31381893321306,0.11999999731779099,1,crush,-21.561145488990405,0
26,1,0,-0.988537951204387,0.9506,3.3548246860106374,0.11999999731779099,0,continue,-0.988537951204387,0
26,2,0,-1.0009962670181618,0.9506,3.3548257184989425,0.11999999731779099,0,continue,-1.9895342182225488,0
26,3,2,-0.46850067226618647,0.9506,3.3548264989079284,0.11999999731779099,0,continue,-2.4580348904887352,0
26,4,0,-31.013620215986045,0.9506,3.3548265317221295,0.11999999731779099,1,crush,-33.47165510647478,0
27,1,0,0.0,0.9487,5.881160647999397,1.0277628898620605,0,continue,0.0,0
27,2,0,-0.0017094811278295374,0.9487,5.8809748652931155,1.0212924480438232,0,continue,-0.0017094811278295374,0
27,3,0,-0.008307763136966151,0.9487,5.880687586233361,1.0266560316085815,0,continue,-0.010017244264795689,0
27,4,0,0.020610816265933064,0.9487,5.877369022856171,1.0162020921707153,0,continue,0.010593572001137376,0
27,5,0,0.5198947528516112,0.9487,5.772395928969428,1.0259521007537842,0,continue,0.5304883248527487,0
27,6,2,0.6745688060944914,0.9487,5.655248785470751,1.016929268836975,0,continue,1.2050571309472402,0
27,7,1,0.2817551342790286,0.9487,5.538157610892659,1.0245113372802734,0,continue,1.4868122652262687,0
27,8,2,0.2976728714487964,0.9487,5.437709435895984,1.0687190294265747,0,continue,1.7844851366750651,0
27,9,2,0.2627338928658956,0.9487,5.4042190509069306,1.2045011520385742,0,continue,2.047219029540961,0
27,10,0,0.6437194594701933,0.9487,5.286726653886165,1.3463325500488281,0,continue,2.6909384890111543,0
27,11,1,0.5368160472009736,0.9487,5.179178436734977,1.4426368474960327,0,continue,3.227754536212128,0
27,12,0,0.556998925297667,0.9487,5.069847227735268,1.4694958925247192,0,continue,3.784753461509795,0
27,13,1,0.05293770449262012,0.9487,5.059091314429962,1.5116535425186157,0,continue,3.8376911660024153,0
27,14,2,0.34369853152759117,0.9487,4.955858414762093,1.6542749404907227,0,continue,4.181389697530006,0
27,15,0,0.6070380198612496,0.9487,4.840424329821692,1.7431821823120117,0,continue,4.788427717391256,0
27,16,2,0.6882988957626037,0.9487,4.717273659524188,1.8459359407424927,0,continue,5.4767266131538594,0
27,17,0,0.5253947603132905,0.9487,4.619303620717923,1.9364631175994873,0,continue,6.0021213734671495,0
27,18,1,0.5658419833116191,0.9487,4.506067496691206,1.8340847492218018,0,continue,6.567963356778769,0
27,19,1,0.24596079171119262,0.9487,4.456685656725316,1.6884504556655884,0,continue,6.813924148489962,0
27,20,0,0.5077502908423248,0.9487,4.36119485050675,1.6223844289779663,0,continue,7.321674439332287,0
27,21,0,0.557340419262952,0.9487,4.257009230373212,1.5118058919906616,0,continue,7.879014858595239,0
27,22,0,0.2493313608171777,0.9487,4.2140280949756725,1.4387457370758057,0,continue,8.128346219412418,0
27,23,0,0.3239766888646642,0.9487,4.149137433741126,1.3707600831985474,0,continue,8.452322908277083,0
27,24,0,0.20765227220526886,0.9487,4.100376976352902,1.2711166143417358,0,continue,8.659975180482352,0
27,25,1,0.07094297651002654,0.9487,4.080610882624909,1.1408957242965698,0,continue,8.730918156992379,0
27,26,0,0.17021816985802926,0.9487,4.036810669859111,1.0691721439361572,0,continue,8.90113632685041,0
27,27,0,0.2917411698516925,0.9487,3.9755037163645515,0.9930343627929688,0,continue,9.192877496702101,0
27,28,2,0.10393644842996841,0.9487,3.949024666548696,0.9666467308998108,0,continue,9.296813945132069,0
27,29,0,0.47246765612916186,0.9487,3.8576678758480587,0.9337717890739441,0,continue,9.76928160126123,0
27,30,0,0.21663534167422543,0.9487,3.7985769197158956,0.8585414886474609,0,continue,9.985916942935456,0
27,31,0,0.09957481224119308,0.9487,3.784079224748463,0.8313493728637695,0,continue,10.08549175517665,0
27,32,2,0.09920357545759359,0.9487,3.7603874098669725,0.7630718946456909,0,continue,10.184695330634243,0
27,33,2,-0.02828439499080919,0.9487,3.7550158955557933,0.6832802295684814,0,continue,10.156410935643434,0
27,34,2,-0.07930353686893338,0.9487,3.7645816019464,0.6372441649436951,0,continue,10.077107398774501,0
27,35,0,-0.2169581803432547,0.9487,3.7963148037261063,0.6036834120750427,0,continue,9.860149218431246,0
27,36,1,-0.11063786560096736,0.9487,3.8166645426573225,0.5736467838287354,0,continue,9.749511352830279,0
27,37,0,-1.1457228850779635,0.9487,3.8541646637999625,0.5354318618774414,0,continue,8.603788467752315,0
27,38,2,-0.14961074726188758,0.9487,3.883083309971662,0.5348842740058899,0,continue,8.454177720490428,0
27,39,1,-0.3625314991362904,0.9487,3.893739411627559,0.517720639705658,0,continue,8.091646221354138,0
27,40,2,-0.41125652138362484,0.9487,3.9081857769615587,0.5010622143745422,0,continue,7.680389699970513,0
27,41,0,-0.14334104289440508,0.9487,3.9061121766797813,0.4917292594909668,0,continue,7.537048657076108,0
27,42,0,0.4803880643714482,0.9487,3.8706301892375903,0.4929928779602051,0,continue,8.017436721447556,0
27,43,1,0.23222206574454668,0.9487,3.857325848034845,0.47565796971321106,0,continue,8.249658787192102,0
27,44,0,0.02524101325492628,0.9487,3.8524119823989977,0.47189727425575256,0,continue,8.274899800447027,0
27,45,0,0.009552557738291778,0.9487,3.8385247562963825,0.41873839497566223,0,continue,8.28445235818532,0
27,46,0,-0.03360470303091091,0.9487,3.812760395712006,0.3571840226650238,0,continue,8.25084765515441,0
27,47,0,-0.42321611238678525,0.9487,3.8011530663514224,0.3056032657623291,0,continue,7.827631542767624,0
27,48,1,-0.06681441445298256,0.9487,3.759859899927876,0.25208529829978943,0,continue,7.760817128314641,0
27,49,0,-30.972234222283635,0.9487,3.7664277931366015,0.17820324003696442,1,crush,-23.211417093968993,0
28,1,0,-0.973136796447841,0.9468,3.6004036630293665,0.11999999731779099,0,continue,-0.973136796447841,0
28,2,0,-1.0444324584694908,0.9468,3.6003936663745386,0.11999999731779099,0,continue,-2.0175692549173316,0
28,3,0,-0.9969668757712613,0.9468,3.6003929087734554,0.11999999731779099,0,continue,-3.014536130688593,0
28,4,0,-31.029963317209354,0.9468,3.6003981150959663,0.11999999731779099,1,crush,-34.04449944789795,0
29,1,0,0.0,0.9449,6.000288285279837,0.9002119898796082,0,continue,0.0,0
29,2,2,-1.806161779032145e-05,0.9449,6.000291496230367,0.8939773440361023,0,continue,-1.806161779032145e-05,0
29,3,2,0.22940541004632728,0.9449,5.954406766555464,0.8927826285362244,0,continue,0.22938734842853695,0
29,4,0,0.587884959336903,0.9449,5.837924299299581,0.8964973092079163,0,continue,0.8172723077654399,0
29,5,0,0.31878533942159354,0.9449,5.774048982446817,0.905590832233429,0,continue,1.1360576471870334,0
29,6,1,0.3166995501127749,0.9449,5.708606601782259,0.8914276957511902,0,continue,1.4527571972998083,0
29,7,0,0.3027294164681451,0.9449,5.645506901518234,0.9724875092506409,0,continue,1.7554866137679535,0
29,8,0,0.11227412408983439,0.9449,5.6212525683754135,1.079221487045288,0,continue,1.8677607378577878,0
29,9,0,0.1571085735417312,0.9449,5.590556345267633,1.1209211349487305,0,continue,2.024869311399519,0
29,10,1,0.28671771334633384,0.9449,5.528544242483738,1.210200309753418,0,continue,2.3115870247458528,0
29,11,0,0.165201800080404,0.9449,5.483131499489729,1.2828691005706787,0,continue,2.4767888248262566,0
29,12,0,0.03273284372584451,0.9449,5.471024498011638,1.3326910734176636,0,continue,2.509521668552101,0
29,13,0,0.20073956398707787,0.9449,5.434025205627931,1.4074074029922485,0,continue,2.710261232539179,0
29,14,0,0.17642803152171768,0.9449,5.404777093679105,1.4458587169647217,0,continue,2.8866892640608968,0
29,15,2,0.2731972698644621,0.9449,5.395742331790276,1.4516217708587646,0,continue,3.159886533925359,0
29,16,0,0.07643872370051316,0.9449,5.3769260835591,1.4719974994659424,0,continue,3.236325257625872,0
29,17,0,0.11188756501513751,0.9449,5.358314898794763,1.5060327053070068,0,continue,3.3482128226410097,0
29,18,1,0.0804700415201312,0.9449,5.341926552543251,1.5550739765167236,0,continue,3.428682864161141,0
29,19,2,-0.05969790495104349,0.9449,5.329041072148027,1.5641305446624756,0,continue,3.3689849592100978,0
29,20,0,0.05567877455232413,0.9449,5.322292294914645,1.6146031618118286,0,continue,3.4246637337624217,0
29,21,2,0.19937046997316704,0.9449,5.299784784373758,1.6417776346206665,0,continue,3.624034203735589,0
29,22,0,0.17525522505575558,0.9449,5.2584080834388445,1.6630005836486816,0,continue,3.7992894287913446,0
29,23,0,0.2698864449626384,0.9449,5.199858494148416,1.6798222064971924,0,continue,4.069175873753983,0
29,24,0,0.020854414008955498,0.9449,5.184832055892391,1.7075965404510498,0,continue,4.090030287762939,0
29,25,0,0.5225591645781604,0.9449,5.0816239782609545,1.728029489517212,0,continue,4.6125894523410995,0
29,26,1,0.5661757852289683,0.9449,4.966779971631659,1.7804625034332275,0,continue,5.178765237570068,0
29,27,0,0.211953184319151,0.9449,4.924600403074429,1.8227072954177856,0,continue,5.390718421889219,0
29,28,0,0.4833730467371567,0.9449,4.835432028702351,1.8629153966903687,0,continue,5.874091468626376,0
29,29,0,0.8923194644062862,0.9449,4.665595835476129,1.852326512336731,0,continue,6.766410933032662,0
29,30,0,0.610779017127861,0.9449,4.553373553197106,1.7528669834136963,0,continue,7.377189950160523,0
29,31,0,0.10529797243833709,0.9449,4.535563000952748,1.694915533065796,0,continue,7.48248792259886,0
29,32,0,0.2924344009250798,0.9449,4.488232321322282,1.5477133989334106,0,continue,7.77492232352394,0
29,33,1,0.7137038750596206,0.9449,4.345170907460986,1.4100970029830933,0,continue,8.48862619858356,0
29,34,0,0.4312092118388951,0.9449,4.265231755475633,1.3290534019470215,0,continue,8.919835410422456,0
29,35,1,0.21227131113892603,0.9449,4.2220534163182535,1.3103457689285278,0,continue,9.132106721561382,0
29,36,1,0.2926863535395545,0.9449,4.1560443163845,1.2059861421585083,0,continue,9.424793075100936,0
29,37,0,0.27757367300050584,0.9449,4.098413812686651,1.070889949798584,0,continue,9.702366748101442,0
29,38,0,0.41324252062148403,0.9449,4.02039966564451,1.0011897087097168,0,continue,10.115609268722926,0
29,39,1,0.56238224020405,0.9449,3.904251854626308,0.9450879096984863,0,continue,10.677991508926976,0
29,40,0,-0.0665557783867533,0.9449,3.8724595570151497,0.8738892674446106,0,continue,10.611435730540222,0
29,41,1,0.46777734108249774,0.9449,3.778340894980304,0.8515884280204773,0,continue,11.07921307162272,0
29,42,0,0.6450688817205541,0.9449,3.6531616933838054,0.7684071660041809,0,continue,11.724281953343274,0
29,43,0,0.2762756468203436,0.9449,3.603950924599104,0.6789849400520325,0,continue,12.000557600163617,0
29,44,0,0.49706604064977233,0.9449,3.5007720811080816,0.6494402289390564,0,continue,12.497623640813389,0
29,45,1,0.5358569909311955,0.9449,3.3934807653712284,0.5484798550605774,0,continue,13.033480631744585,0
29,46,0,0.6604357276555592,0.9449,3.2572854333500136,0.4128831923007965,0,continue,13.693916359400143,0
29,47,0,-0.05635554164649291,0.9449,3.2372681015514653,0.3746122121810913,0,continue,13.63756081775365,0
29,48,0,-0.5892225531604902,0.9449,3.2466604677898965,0.24144648015499115,0,continue,13.04833826459316,0
29,49,2,-30.48724353154118,0.9449,3.2462726502157246,0.13807089626789093,1,crush,-17.43890526694802,0
30,1,0,-1.0195734340878404,0.9430000000000001,3.667231323018642,0.11999999731779099,0,continue,-1.0195734340878404,0
30,2,0,-1.0191858478842357,0.9430000000000001,3.6672312941296066,0.11999999731779099,0,continue,-2.038759281972076,0
30,3,0,-1.0238180049875385,0.9430000000000001,3.6672312045493194,0.11999999731779099,0,continue,-3.0625772869596144,0
30,4,2,-30.46849749522292,0.9430000000000001,3.6672314302390703,0.11999999731779099,1,crush,-33.531074782182536,0
31,1,1,0.0,0.9411,5.806763388080839,1.0999170541763306,0,continue,0.0,0
31,2,0,0.07163381962494506,0.9411,5.790285620686741,1.1039206981658936,0,continue,0.07163381962494506,0
31,3,1,0.16977625757929213,0.9411,5.7492665060326225,1.1015691757202148,0,continue,0.24141007720423718,0
31,4,2,0.30599195598330886,0.9411,5.683114585908675,1.108153223991394,0,continue,0.547402033187546,0
31,5,0,0.7001655422978913,0.9411,5.536143173068681,1.111665964126587,0,continue,1.2475675754854372,0
31,6,0,0.5276091872842765,0.9411,5.433806410817322,1.1527509689331055,0,continue,1.7751767627697137,0
31,7,0,0.3420826264569823,0.9411,5.359596900530264,1.1644946336746216,0,continue,2.117259389226696,0
31,8,0,0.10271825801329705,0.9411,5.34899343431634,1.3014702796936035,0,continue,2.2199776472399932,0
31,9,0,0.2937390127642303,0.9411,5.291734565878872,1.377932071685791,0,continue,2.5137166600042233,0
31,10,0,0.3267707599652655,0.9411,5.223421339469355,1.4808510541915894,0,continue,2.840487419969489,0
31,11,0,0.22299871958723347,0.9411,5.17642958026823,1.5481852293014526,0,continue,3.0634861395567223,0
31,12,1,0.2563769365575196,0.9411,5.124741184453746,1.5668102502822876,0,continue,3.319863076114242,0
31,13,0,0.37502622394679425,0.9411,5.04441941690368,1.6712002754211426,0,continue,3.694889300061036,0
31,14,0,0.5251374547678787,0.9411,4.938115873219045,1.736999750137329,0,continue,4.220026754828915,0
31,15,0,0.5673570624166226,0.9411,4.825864564199327,1.7684046030044556,0,continue,4.787383817245537,0
31,16,2,0.43154233975261785,0.9411,4.737598093766517,1.8267701864242554,0,continue,5.218926156998155,0
31,17,0,0.10846017277568631,0.9411,4.711968662908065,1.8878085613250732,0,continue,5.327386329773841,0
31,18,2,0.5580142490198282,0.9411,4.599078662875906,1.896934151649475,0,continue,5.885400578793669,0
31,19,1,0.38813274904942524,0.9411,4.460579404408887,1.7593718767166138,0,continue,6.273533327843094,0
31,20,1,0.16561117173420903,0.9411,4.429312962455091,1.6932380199432373,0,continue,6.439144499577303,0
31,21,0,0.758416930218015,0.9411,4.28586219775409,1.6175371408462524,0,continue,7.197561429795318,0
31,22,1,0.5705342862607914,0.9411,4.171268181777936,1.4811569452285767,0,continue,7.768095716056109,0
31,23,0,0.06914279511308645,0.9411,4.163687009175751,1.4047595262527466,0,continue,7.837238511169196,0
31,24,1,0.4719062611429499,0.9411,4.069289856407216,1.3126896619796753,0,continue,8.309144772312147,0
31,25,0,0.6315594469684908,0.9411,3.9571286466708844,1.1814818382263184,0,continue,8.940704219280637,0
31,26,0,0.5700048025941457,0.9411,3.8484266918107117,1.1058719158172607,0,continue,9.510709021874781,0
31,27,2,0.2336409235747534,0.9411,3.8021703208063706,1.106543779373169,0,continue,9.744349945449535,0
31,28,0,0.5724810528059163,0.9411,3.690649368988375,1.0289866924285889,0,continue,10.316830998255451,0
31,29,2,0.3889924679188621,0.9411,3.613226358964335,0.8852922320365906,0,continue,10.705823466174314,0
31,30,2,0.46607216657500256,0.9411,3.5197969284476396,0.7984404563903809,0,continue,11.171895632749317,0
31,31,0,0.6295316287229069,0.9411,3.4008389547142097,0.6993408799171448,0,continue,11.801427261472224,0
31,32,2,0.38375669629626874,0.9411,3.323939196534256,0.6042676568031311,0,continue,12.185183957768492,0
31,33,1,-0.2081559193877236,0.9411,3.306188183133619,0.5258975028991699,0,continue,11.97702803838077,0
31,34,0,0.5434736593493528,0.9411,3.1896277901415275,0.38411909341812134,0,continue,12.520501697730122,0
31,35,0,-0.17372462024876545,0.9411,3.155587994242674,0.29047641158103943,0,continue,12.346777077481356,0
31,36,0,-0.5970612128868753,0.9411,3.159938206383285,0.23816612362861633,0,continue,11.749715864594481,0
31,37,0,-0.5819941735717661,0.9411,3.1558417884751533,0.23184016346931458,0,continue,11.167721691022715,0
31,38,0,-31.091203387089354,0.9411,3.154580042729073,0.11999999731779099,1,crush,-19.923481696066638,0
32,1,0,-0.050687563115852534,0.9392,3.9345536636962577,0.41371917724609375,0,continue,-0.050687563115852534,0
32,2,0,-0.2574967418492329,0.9392,3.9741767345022083,0.40954113006591797,0,continue,-0.3081843049650854,0
32,3,0,-0.24209749803738453,0.9392,4.01419353595377,0.4133622646331787,0,continue,-0.55028180300247,0
32,4,0,-0.2633277595841789,0.9392,4.053453705438825,0.40903669595718384,0,continue,-0.8136095625866488,0
32,5,0,-0.19752603077983796,0.9392,4.075874915112372,0.34576544165611267,0,continue,-1.0111355933664867,0
32,6,0,-0.4787449425762626,0.9392,4.084679734786456,0.2579871416091919,0,continue,-1.4898805359427494,0
32,7,0,-31.021519528775354,0.9392,4.108630462987275,0.16452471911907196,1,crush,-32.5114000647181,0
33,1,2,0.0009018480777740479,0.9373,4.493785453895384,1.4664644002914429,0,continue,0.0009018480777740479,0
33,2,0,0.013131210770391057,0.9373,4.49351273618456,1.4719290733337402,0,continue,0.014033058848165105,0
33,3,0,0.19948111436250587,0.9373,4.450235234012445,1.466372013092041,0,continue,0.21351417321067098,0
33,4,2,0.16140931887002968,0.9373,4.411072875616783,1.468078374862671,0,continue,0.37492349208070064,0
33,5,0,0.7891069738988519,0.9373,4.2503570940983755,1.4675523042678833,0,continue,1.1640304659795526,0
33,6,1,0.6628801384976782,0.9373,4.117622561619877,1.397056221961975,0,continue,1.8269106044772307,0
33,7,0,0.035674284731612674,0.9373,4.102155511217381,1.3969520330429077,0,continue,1.8625848892088435,0
33,8,0,0.6535579557884595,0.9373,3.9787407937955863,1.25700044631958,0,continue,2.516142844997303,0
33,9,0,0.7168716421861638,0.9373,3.8504261452272575,1.1453970670700073,0,continue,3.2330144871834667,0
33,10,1,0.22769577566977178,0.9373,3.80440888783845,1.0834026336669922,0,continue,3.4607102628532385,0
33,11,0,0.3604340638887925,0.9373,3.730661435068736,1.0102742910385132,0,continue,3.821144326742031,0
33,12,2,0.11225022936108475,0.9373,3.6975196092800307,0.8434315919876099,0,continue,3.933394556103116,0
33,13,1,0.2434946904926743,0.9373,3.5843879022599063,0.771037220954895,0,continue,4.17688924659579,0
33,14,0,0.3431249544266957,0.9373,3.5262992649232294,0.6843864917755127,0,continue,4.5200142010224855,0
33,15,0,0.2373030592595395,0.9373,3.4779209067870562,0.6429358720779419,0,continue,4.757317260282025,0
33,16,0,0.2960997447750831,0.9373,3.414543187165736,0.5769216418266296,0,continue,5.053417005057108,0
33,17,0,0.09036931631742164,0.9373,3.396047338021403,0.4688878357410431,0,continue,5.14378632137453,0
33,18,2,0.4451119100986085,0.9373,3.297606764821349,0.45200690627098083,0,continue,5.588898231473139,0
33,19,1,0.1951330808584847,0.9373,3.187140923911246,0.3862689137458801,0,continue,5.784031312331623,0
33,20,0,0.06715645590323399,0.9373,3.144907652475002,0.33780407905578613,0,continue,5.851187768234857,0
33,21,0,-0.19044000845910777,0.9373,3.141829051865264,0.3274335563182831,0,continue,5.66074775977575,0
33,22,0,-30.90344565026948,0.9373,3.1408685506184897,0.1964285522699356,1,crush,-25.24269789049373,0
34,1,0,-0.6057531306656005,0.9354,3.75279297162007,0.22250673174858093,0,continue,-0.6057531306656005,0
34,2,2,0.19790536498372296,0.9354,3.748621215351333,0.21655113995075226,0,continue,-0.4078477656818776,0
34,3,1,-0.4467952691629362,0.9354,3.7192887428812322,0.2239578813314438,0,continue,-0.8546430348448137,0
34,4,0,-0.5134948770821843,0.9354,3.6908410311766615,0.2151278406381607,0,continue,-1.368137911926998,0
34,5,0,-0.7996356172201202,0.9354,3.682349567324615,0.21472327411174774,0,continue,-2.1677735291471185,0
34,6,0,-31.251784587259102,0.9354,3.6860431939592604,0.1466415673494339,1,crush,-33.41955811640622,0
35,1,1,0.0,0.9335,4.8158670492249165,1.7795706987380981,0,continue,0.0,0
35,2,0,0.3675555352111263,0.9335,4.740022428823436,1.7981359958648682,0,continue,0.3675555352111263,0
35,3,0,0.28325737415712404,0.9335,4.6717055319869845,1.791739821434021,0,continue,0.6508129093682504,0
35,4,0,0.201221690432496,0.9335,4.620433943172798,1.7937759160995483,0,continue,0.8520345998007464,0
35,5,0,0.1624679557873786,0.9335,4.584368104313981,1.7675459384918213,0,continue,1.014502555588125,0
35,6,0,0.023043032156552797,0.9335,4.571701754128575,1.6705825328826904,0,continue,1.037545587744678,0
35,7,0,0.20403261697720762,0.9335,4.555431360458158,1.596189260482788,0,continue,1.2415782047218855,0
35,8,0,0.36068429123189255,0.9335,4.523128337427087,1.547371745109558,0,continue,1.6022624959537781,0
35,9,0,-0.5785861263838261,0.9335,4.5211794513460735,1.512931227684021,0,continue,1.023676369569952,0
35,10,0,0.13192128510454781,0.9335,4.501297394731445,1.472370982170105,0,continue,1.1555976546744997,0
35,11,0,0.0915908461145938,0.9335,4.483671490258061,1.4384911060333252,0,continue,1.2471885007890935,0
35,12,1,0.017780260896463486,0.9335,4.479843838277357,1.4330254793167114,0,continue,1.264968761685557,0
35,13,0,0.03478596953191975,0.9335,4.477162400725218,1.4067049026489258,0,continue,1.2997547312174766,0
35,14,1,0.04539013954058553,0.9335,4.466522030276409,1.332668662071228,0,continue,1.3451448707580622,0
35,15,0,-0.009744365117332919,0.9335,4.465398267819307,1.3165481090545654,0,continue,1.3354005056407292,0
35,16,0,0.004699048159948449,0.9335,4.465760194384851,1.3213320970535278,0,continue,1.3400995538006777,0
35,17,1,-0.012660430058986927,0.9335,4.467692618734165,1.2956901788711548,0,continue,1.3274391237416907,0
35,18,1,-0.03421568702687865,0.9335,4.4737093994369515,1.2509595155715942,0,continue,1.293223436714812,0
35,19,0,-0.053222620631354585,0.9335,4.4763022947449445,1.2209749221801758,0,continue,1.2400008160834575,0
35,20,0,-0.06515053140006502,0.9335,4.484057842355111,1.2046483755111694,0,continue,1.1748502846833924,0
35,21,2,-0.05326972338540945,0.9335,4.494086993216314,1.1884276866912842,0,continue,1.121580561297983,0
35,22,2,-0.06962166374144457,0.9335,4.50727634961338,1.1339497566223145,0,continue,1.0519588975565384,0
35,23,0,-0.07226802922983028,0.9335,4.515151549802419,1.1316980123519897,0,continue,0.979690868326708,0
35,24,0,-0.13175466261135083,0.9335,4.534096863877416,1.0937227010726929,0,continue,0.8479362057153572,0
35,25,1,-0.050471200552186624,0.9335,4.5438924016225855,1.0599534511566162,0,continue,0.7974650051631706,0
35,26,1,-0.0614267398640202,0.9335,4.5557351960749894,1.0298492908477783,0,continue,0.7360382652991504,0
35,27,2,-0.6588777915854584,0.9335,4.586547752034232,1.0138968229293823,0,continue,0.07716047371369195,0
35,28,0,-0.34221696650815747,0.9335,4.6080013512617555,0.9965246319770813,0,continue,-0.2650564927944655,0
35,29,0,-0.3021551179963939,0.9335,4.626108309828846,0.9863015413284302,0,continue,-0.5672116107908594,0
35,30,2,-0.40295800517823566,0.9335,4.665762220746376,0.9746212959289551,0,continue,-0.970169615969095,0
35,31,1,-0.6374722235123684,0.9335,4.692746137884717,0.9575158953666687,0,continue,-1.6076418394814636,0
35,32,0,-0.4300673970179962,0.9335,4.736023292348205,0.9760454297065735,0,continue,-2.0377092364994596,0
35,33,1,-0.4056127433052955,0.9335,4.776460906756435,1.0035520792007446,0,continue,-2.443321979804755,0
35,34,0,-0.3842212717008687,0.9335,4.812206520345564,1.030246376991272,0,continue,-2.827543251505624,0
35,35,0,-0.3248146677797317,0.9335,4.832927644596942,1.0560510158538818,0,continue,-3.1523579192853557,0
35,36,2,-0.4329333093656891,0.9335,4.878823540618773,1.1005712747573853,0,continue,-3.5852912286510445,0
35,37,0,-0.39927346986108203,0.9335,4.927163992932989,1.0394359827041626,0,continue,-3.9845646985121266,0
35,38,0,0.5629480187841271,0.9335,4.95459325082456,0.9572165608406067,0,continue,-3.4216166797279994,0
35,39,1,-0.36207139942508415,0.9335,4.984531194162965,0.8857899308204651,0,continue,-3.783688079153084,0
35,40,0,-0.5029815668064981,0.9335,5.033866802856777,0.7581507563591003,0,continue,-4.286669645959582,0
35,41,1,-0.5124935471118692,0.9335,5.087454981555977,0.6537407636642456,0,continue,-4.7991631930714505,0
35,42,1,-0.346751500333933,0.9335,5.113880205405939,0.6306158900260925,0,continue,-5.145914693405383,0
35,43,0,-0.888108273231226,0.9335,5.232082565871297,0.5372961163520813,0,continue,-6.034022966636609,0
35,44,2,-0.7008034276623845,0.9335,5.330428144068781,0.47415074706077576,0,continue,-6.734826394298993,0
35,45,0,-0.45075848875773195,0.9335,5.3701692705827835,0.4188384413719177,0,continue,-7.185584883056725,0
35,46,0,-0.6268876186940362,0.9335,5.433019900901005,0.3705361485481262,0,continue,-7.8124725017507615,0
35,47,2,-0.42429603263076576,0.9335,5.439037373426122,0.29804450273513794,0,continue,-8.236768534381527,0
35,48,0,-31.148600108723656,0.9335,5.437811028936023,0.1683785617351532,1,crush,-39.38536864310518,0
36,1,0,-1.0176742512913621,0.9316,3.4445415583030177,0.11999999731779099,0,continue,-1.0176742512913621,0
36,2,0,-1.000978907160256,0.9316,3.444538340812487,0.11999999731779099,0,continue,-2.018653158451618,0
36,3,2,-0.46846624496073763,0.9316,3.4445316612250205,0.11999999731779099,0,continue,-2.487119403412356,0
36,4,0,-31.013836972740645,0.9316,3.444528465918822,0.11999999731779099,1,crush,-33.500956376153,0
37,1,1,0.0,0.9297,5.866245073740841,1.0445528030395508,0,continue,0.0,0
37,2,0,0.1506659441523067,0.9297,5.836382183836919,1.045068383216858,0,continue,0.1506659441523067,0
37,3,0,0.17956363727732705,0.9297,5.79152359430894,1.0410230159759521,0,continue,0.33022958142963377,0
37,4,1,0.670056557057099,0.9297,5.657491306368034,1.0256870985031128,0,continue,1.0002861384867328,0
37,5,0,0.6857919786230151,0.9297,5.518732777410058,1.038017988204956,0,continue,1.6860781171097479,0
37,6,1,0.47944180515927687,0.9297,5.421175547939605,1.1141453981399536,0,continue,2.165519922269025,0
37,7,1,0.8186560662984791,0.9297,5.2559178920133505,1.2669847011566162,0,continue,2.984175988567504,0
37,8,2,0.2546255596637548,0.9297,5.159252850445018,1.387044072151184,0,continue,3.2388015482312587,0
37,9,2,0.39487903968029775,0.9297,5.0950714875831835,1.5599489212036133,0,continue,3.6336805879115563,0
37,10,0,0.49106397539009955,0.9297,4.993928029478948,1.7083020210266113,0,continue,4.124744563301656,0
37,11,0,0.396023994050959,0.9297,4.908217843319293,1.7499185800552368,0,continue,4.520768557352615,0
37,12,0,0.12243149757445143,0.9297,4.883464194155478,1.8138808012008667,0,continue,4.643200054927067,0
37,13,0,0.06818092177520875,0.9297,4.875586047225861,1.8743094205856323,0,continue,4.711380976702276,0
37,14,0,0.3516095399222997,0.9297,4.801658155326451,1.9235637187957764,0,continue,5.062990516624575,0
37,15,2,0.385824968377005,0.9297,4.73408103108323,1.8655388355255127,0,continue,5.44881548500158,0
37,16,0,0.5087476845813212,0.9297,4.647754755673393,1.8508391380310059,0,continue,5.957563169582901,0
37,17,0,0.19966997022989616,0.9297,4.6214246017374006,1.8108346462249756,0,continue,6.1572331398127975,0
37,18,0,0.15656622339728696,0.9297,4.590426501125075,1.7322202920913696,0,continue,6.313799363210085,0
37,19,2,0.2536611612773243,0.9297,4.559217964603716,1.660158395767212,0,continue,6.567460524487409,0
37,20,0,0.020576544426785255,0.9297,4.551424920341695,1.5992335081100464,0,continue,6.588037068914194,0
37,21,0,-0.022389077229499444,0.9297,4.551936320136507,1.5772780179977417,0,continue,6.565647991684695,0
37,22,2,-0.06880359056736349,0.9297,4.565125537453503,1.545734167098999,0,continue,6.496844401117331,0
37,23,0,-0.42734568324641475,0.9297,4.590825472806557,1.492553472518921,0,continue,6.069498717870916,0
37,24,2,-0.13172821085514302,0.9297,4.606626236672181,1.4792197942733765,0,continue,5.937770507015773,0
37,25,0,-0.5209485183566424,0.9297,4.679173968190485,1.4713882207870483,0,continue,5.41682198865913,0
37,26,0,-0.16906631799040073,0.9297,4.697567336655114,1.466940999031067,0,continue,5.247755670668729,0
37,27,0,-0.034957441722130694,0.9297,4.698295504975014,1.48576021194458,0,continue,5.212798228946599,0
37,28,0,-0.02546468911451418,0.9297,4.703983450744665,1.5160279273986816,0,continue,5.187333539832085,0
37,29,0,-0.03352656379359078,0.9297,4.708837459802426,1.5619685649871826,0,continue,5.153806976038494,0
37,30,0,0.09179219163586427,0.9297,4.698248064331383,1.5722242593765259,0,continue,5.245599167674358,0
37,31,2,0.2851455007401308,0.9297,4.681339527410236,1.583033561706543,0,continue,5.530744668414489,0
37,32,0,0.09393712599145568,0.9297,4.645114732676092,1.5806761980056763,0,continue,5.624681794405945,0
37,33,2,0.3143223989701304,0.9297,4.616401718662973,1.564609169960022,0,continue,5.939004193376076,0
37,34,0,0.2757717112800655,0.9297,4.5808396916656235,1.580102801322937,0,continue,6.2147759046561415,0
37,35,2,0.2194002137768882,0.9297,4.573053940646958,1.5131263732910156,0,continue,6.4341761184330295,0
37,36,1,-0.2214786467058136,0.9297,4.557116775821376,1.4707823991775513,0,continue,6.212697471727216,0
37,37,0,0.30749413883633864,0.9297,4.536676017804191,1.3968455791473389,0,continue,6.520191610563555,0
37,38,0,-0.349844490016688,0.9297,4.526301828332814,1.302485466003418,0,continue,6.170347120546867,0
37,39,1,0.0015902468143916383,0.9297,4.525837237012922,1.237898826599121,0,continue,6.1719373673612585,0
37,40,0,-0.012252834637253851,0.9297,4.504841589053961,1.2202600240707397,0,continue,6.159684532724005,0
37,41,0,0.07123508558735317,0.9297,4.495337677217533,1.2127865552902222,0,continue,6.230919618311358,0
37,42,0,0.018660547622816416,0.9297,4.492385108766861,1.2158715724945068,0,continue,6.249580165934174,0
37,43,0,-0.03618853194698248,0.9297,4.486417797865888,1.1586194038391113,0,continue,6.213391633987191,0
37,44,1,0.007638151768926749,0.9297,4.484528881989502,1.1296732425689697,0,continue,6.221029785756118,0
37,45,0,-0.048149671530240044,0.9297,4.483819015833494,1.0807052850723267,0,continue,6.172880114225878,0
37,46,1,-0.008027290286237821,0.9297,4.484708842746571,1.0589909553527832,0,continue,6.16485282393964,0
37,47,0,-0.08764919385824133,0.9297,4.486041130904156,0.9939877390861511,0,continue,6.0772036300813985,0
37,48,0,-0.05187638129879073,0.9297,4.487403568011028,0.9613178372383118,0,continue,6.025327248782608,0
37,49,0,-0.012583940619755825,0.9297,4.479956305879449,0.9398740530014038,0,continue,6.012743308162852,0
37,50,0,-0.0788236824362509,0.9297,4.475060942265468,0.9143946766853333,0,continue,5.933919625726602,0
37,51,1,0.21376326963339826,0.9297,4.431567481776785,0.8958983421325684,0,continue,6.14768289536,0
37,52,2,0.0784297755414057,0.9297,4.393164121147228,0.8781739473342896,0,continue,6.226112670901406,0
37,53,2,0.2849118572378616,0.9297,4.373664692782391,0.8639707565307617,0,continue,6.511024528139267,0
37,54,0,0.4458208861157128,0.9297,4.3595716835226375,0.8641762733459473,0,continue,6.95684541425498,0
37,55,0,0.1344786276106307,0.9297,4.327513895328888,0.8207429051399231,0,continue,7.091324041865611,0
37,56,2,0.29583629521558086,0.9297,4.30602377780698,0.7419755458831787,0,continue,7.387160337081191,0
37,57,2,0.2999733893500867,0.9297,4.2820574249069905,0.7352117896080017,0,continue,7.687133726431278,0
37,58,2,0.09077759246344733,0.9297,4.262861136036132,0.7226598858833313,0,continue,7.777911318894725,0
37,59,0,0.024462022789085512,0.9297,4.249883810022603,0.7257968783378601,0,continue,7.802373341683811,0
37,60,1,0.15300663973538825,0.9297,4.247914797750292,0.7531002163887024,0,continue,7.9553799814192,0
37,61,0,-0.4497324390734216,0.9297,4.236205063234555,0.7911714315414429,0,continue,7.505647542345779,0
37,62,0,-0.021204706961807582,0.9297,4.198283961419865,0.8372065424919128,0,continue,7.484442835383971,0
37,63,1,0.20021435517322964,0.9297,4.152581644273881,0.8902822136878967,0,continue,7.684657190557201,0
37,64,0,1.135326030517812,0.9297,4.128332439064991,0.9200114011764526,0,continue,8.819983221075013,0
37,65,0,0.5334734707703187,0.9297,4.0178003439511825,0.9451352953910828,0,continue,9.353456691845333,0
37,66,0,-0.2652972354145919,0.9297,3.911892473890459,0.9334709644317627,0,continue,9.088159456430741,0
37,67,1,0.4702542289205446,0.9297,3.8180170759070693,0.9369841814041138,0,continue,9.558413685351287,0
37,68,1,0.608371889418952,0.9297,3.759483434579555,0.9581378698348999,0,continue,10.16678557477024,0
37,69,0,0.5348047357661178,0.9297,3.671903506430494,0.9766082167625427,0,continue,10.701590310536357,0
37,70,0,0.36075298935428696,0.9297,3.5833210927761225,1.0037919282913208,0,continue,11.062343299890644,0
37,71,0,0.2450859704502082,0.9297,3.5355023229321976,1.0285733938217163,0,continue,11.307429270340853,0
37,72,0,0.12568877305522003,0.9297,3.5228840402516868,1.027230978012085,0,continue,11.433118043396073,0
37,73,0,-0.0864232221326582,0.9297,3.42051888590198,1.081919550895691,0,continue,11.346694821263414,0
37,74,0,0.3455960598429124,0.9297,3.3458450970493803,1.0937871932983398,0,continue,11.692290881106327,0
37,75,2,0.15989843844936216,0.9297,3.3084435814626674,1.0935190916061401,0,continue,11.85218931955569,0
37,76,0,0.3831006009479876,0.9297,3.2307146758960603,1.1082898378372192,0,continue,12.235289920503677,0
37,77,0,0.6572811108184178,0.9297,3.0985682479640775,1.1387739181518555,0,continue,12.892571031322095,0
37,78,0,0.6327842424258114,0.9297,2.965335607226048,1.1857022047042847,0,continue,13.525355273747907,0
37,79,0,0.559546400514887,0.9297,2.8543830931219287,1.2253150939941406,0,continue,14.084901674262793,0
37,80,0,0.16417611361144888,0.9297,2.8250865947564834,1.250575304031372,0,continue,14.249077787874242,0
37,81,0,0.4847827061192821,0.9297,2.732073688973751,1.240384817123413,0,continue,14.733860493993523,0
37,82,0,0.2718174866586254,0.9297,2.6750456756201015,1.2679684162139893,0,continue,15.005677980652148,0
37,83,0,0.1585069366196093,0.9297,2.6409971922172177,1.2620232105255127,0,continue,15.164184917271758,0
37,84,0,0.07126207871990667,0.9297,2.629537149687771,1.2950342893600464,0,continue,15.235446995991664,0
37,85,1,0.222754849421564,0.9297,2.583936898978559,1.2879376411437988,0,continue,15.458201845413228,0
37,86,0,0.21538910540494263,0.9297,2.5396768300750256,1.2627099752426147,0,continue,15.673590950818172,0
37,87,0,0.12478798302742068,0.9297,2.519406455379204,1.261117935180664,0,continue,15.798378933845592,0
37,88,2,0.5847068949054134,0.9297,2.4726977131680403,1.160254716873169,0,continue,16.383085828751007,0
37,89,0,0.18414978561189388,0.9297,2.446651773694292,1.0869888067245483,0,continue,16.5672356143629,0
37,90,0,0.09081759698661548,0.9297,2.4350132675274567,1.034433126449585,0,continue,16.658053211349515,0
37,91,0,0.08551083634677395,0.9297,2.431059640668458,0.921549916267395,0,continue,16.74356404769629,0
37,92,0,-0.011223663625314904,0.9297,2.4356372000374917,0.9113197922706604,0,continue,16.732340384070973,0
37,93,1,-0.06712059832059762,0.9297,2.447429764512924,0.8396976590156555,0,continue,16.665219785750374,0
37,94,2,-0.44094774131834646,0.9297,2.4735645807363325,0.7677844762802124,0,continue,16.224272044432027,0
37,95,1,-0.3780370377218205,0.9297,2.488315697857723,0.7181060314178467,0,continue,15.846235006710206,0
37,96,2,-0.3835484360067453,0.9297,2.504242620667274,0.6667932868003845,0,continue,15.462686570703461,0
37,97,1,-0.543360035126297,0.9297,2.5508740174133666,0.5938923954963684,0,continue,14.919326535577165,0
37,98,0,-0.2070026275730168,0.9297,2.579661432381769,0.5331935882568359,0,continue,14.712323908004148,0
37,99,0,-0.3528261873359008,0.9297,2.6346595764822047,0.4926876425743103,0,continue,14.359497720668248,0
37,100,1,-0.35680604023965695,0.9297,2.6961896254489774,0.4245091676712036,0,continue,14.00269168042859,0
37,101,0,-0.1763352520424724,0.9297,2.7094382156386856,0.3919440805912018,0,continue,13.826356428386118,0
37,102,1,-0.582935925296618,0.9297,2.7579961740930354,0.3300319015979767,0,continue,13.2434205030895,0
37,103,1,-0.8730915588053081,0.9297,2.8401399047519065,0.24181798100471497,0,continue,12.370328944284191,0
37,104,0,-2.141092864685656,0.9297,2.8867715541628,0.2424924224615097,0,continue,10.229236079598536,0
37,105,1,-0.5420729907956459,0.9297,2.899066304443533,0.2299955040216446,0,continue,9.68716308880289,0
37,106,2,-31.83544998550349,0.9297,2.9119667817221986,0.18935556709766388,1,crush,-22.1482868967006,0
38,1,0,-0.9815662113117716,0.9278,3.475653171523057,0.12566743791103363,0,continue,-0.9815662113117716,0
38,2,0,-0.9953753796145459,0.9278,3.4756810736596573,0.11999999731779099,0,continue,-1.9769415909263175,0
38,3,0,-1.0608928450216564,0.9278,3.4756646718603306,0.11999999731779099,0,continue,-3.037834435947974,0
38,4,2,-30.461119921694394,0.9278,3.4756235636965997,0.11999999731779099,1,crush,-33.49895435764237,0
39,1,1,0.0,0.9259,5.840152604382522,1.0578950643539429,0,continue,0.0,0
39,2,0,0.28540509373181266,0.9259,5.780937148727104,1.0682519674301147,0,continue,0.28540509373181266,0
39,3,0,0.2945836704355853,0.9259,5.709193770098154,1.0708460807800293,0,continue,0.579988764167398,0
39,4,0,0.33125021870679977,0.9259,5.634814206355853,1.0707077980041504,0,continue,0.9112389828741978,0
39,5,2,0.4902542894371116,0.9259,5.567623034747922,1.0816231966018677,0,continue,1.4014932723113094,0
39,6,0,0.3312234492728016,0.9259,5.492032651271902,1.1674679517745972,0,continue,1.732716721584111,0
39,7,0,0.08020587406219502,0.9259,5.483985766930375,1.24369215965271,0,continue,1.812922595646306,0
39,8,0,0.5121710492716071,0.9259,5.386716820024725,1.368870735168457,0,continue,2.325093644917913,0
39,9,0,0.4341243002106207,0.9259,5.316768028448778,1.4092475175857544,0,continue,2.7592179451285337,0
39,10,1,0.7202288281427895,0.9259,5.22407978592951,1.4288232326507568,0,continue,3.4794467732713232,0
39,11,1,0.6350430855203787,0.9259,5.133513711766334,1.5631821155548096,0,continue,4.114489858791702,0
39,12,0,0.21909125045494596,0.9259,5.095218512009405,1.594251275062561,0,continue,4.333581109246648,0
39,13,2,0.4636109268609288,0.9259,5.002072827754148,1.7042887210845947,0,continue,4.797192036107576,0
39,14,0,0.1746709556646812,0.9259,4.974631233373838,1.756400227546692,0,continue,4.971862991772258,0
39,15,0,0.24588706331622717,0.9259,4.926464746658356,1.8153321743011475,0,continue,5.217750055088485,0
39,16,0,0.26731609092032205,0.9259,4.864638234044672,1.8696690797805786,0,continue,5.4850661460088075,0
39,17,0,0.21780346554434787,0.9259,4.824008317844148,1.9093629121780396,0,continue,5.702869611553155,0
39,18,0,0.5607665561411078,0.9259,4.705793241594984,1.8771809339523315,0,continue,6.263636167694263,0
39,19,0,0.4461454306400275,0.9259,4.600202987404397,1.8244013786315918,0,continue,6.70978159833429,0
39,20,0,0.35472020207229027,0.9259,4.5324093387453415,1.7623785734176636,0,continue,7.06450180040658,0
39,21,0,0.5029804570789149,0.9259,4.433921086785178,1.678829312324524,0,continue,7.567482257485495,0
39,22,0,0.7202034992020901,0.9259,4.296939654038859,1.5817395448684692,0,continue,8.287685756687585,0
39,23,2,0.4725651664063565,0.9259,4.201951672871008,1.453077793121338,0,continue,8.760250923093942,0
39,24,2,0.10828360547530864,0.9259,4.179560343709523,1.4221916198730469,0,continue,8.868534528569251,0
39,25,0,0.4916419893701862,0.9259,4.087563799684614,1.319042682647705,0,continue,9.360176517939436,0
39,26,0,0.5260450951062117,0.9259,3.995354790510126,1.1727564334869385,0,continue,9.886221613045649,0
39,27,1,0.2933510377289166,0.9259,3.936789226100451,1.0776689052581787,0,continue,10.179572650774565,0
39,28,0,0.550258507075513,0.9259,3.82660784133527,1.0476754903793335,0,continue,10.729831157850079,0
39,29,0,0.48201161031970335,0.9259,3.740266720757533,0.9240977764129639,0,continue,11.211842768169783,0
39,30,0,0.4356212655156908,0.9259,3.655280359035504,0.8044180870056152,0,continue,11.647464033685473,0
39,31,1,0.14913900555637982,0.9259,3.612697479579998,0.6317282915115356,0,continue,11.796603039241853,0
39,32,2,-0.2528256857475866,0.9259,3.5962046948698507,0.5743955969810486,0,continue,11.543777353494267,0
39,33,0,-0.01896391036744391,0.9259,3.5947415385376287,0.5188553333282471,0,continue,11.524813443126824,0
39,34,0,-0.3334728380148723,0.9259,3.595801543547935,0.4314146637916565,0,continue,11.191340605111952,0
39,35,0,-1.4816866259399537,0.9259,3.6164173109751916,0.36971890926361084,0,continue,9.709653979171998,0
39,36,0,-1.0144987933093907,0.9259,3.658264994721631,0.33560577034950256,0,continue,8.695155185862607,0
39,37,1,-0.2503958350840452,0.9259,3.6815672182659194,0.335132896900177,0,continue,8.444759350778561,0
39,38,0,-2.860171483629111,0.9259,3.834610425552711,0.31595054268836975,0,continue,5.58458786714945,0
39,39,0,-2.635476710704436,0.9259,3.908394771434931,0.3220486640930176,0,continue,2.949111156445014,0
39,40,0,-2.340144644611385,0.9259,3.949710607133944,0.33136868476867676,0,continue,0.6089665118336289,0
39,41,0,-2.0713417671808263,0.9259,4.0045183727452605,0.3861760199069977,0,continue,-1.4623752553471974,0
39,42,0,-1.7455808562723167,0.9259,4.034374906115549,0.4289616644382477,0,continue,-3.207956111619514,0
39,43,2,-0.06734363342357434,0.9259,4.046362191351498,0.47606226801872253,0,continue,-3.275299745043088,0
39,44,0,-1.0894678340960169,0.9259,4.049689381961443,0.5262786149978638,0,continue,-4.364767579139105,0
39,45,0,-0.19185619058300263,0.9259,4.0659155800427955,0.5487945675849915,0,continue,-4.5566237697221075,0
39,46,0,-0.2681191689133609,0.9259,4.0935145919749925,0.5426321625709534,0,continue,-4.8247429386354685,0
39,47,0,-0.264474341941224,0.9259,4.113033656782547,0.5409142374992371,0,continue,-5.089217280576692,0
39,48,0,-0.29327543507412046,0.9259,4.113172963454135,0.49615734815597534,0,continue,-5.382492715650812,0
39,49,0,-0.38045835319051824,0.9259,4.1357663779991425,0.44520628452301025,0,continue,-5.762951068841331,0
39,50,0,-0.5429961184468015,0.9259,4.168811158158059,0.4530641734600067,0,continue,-6.305947187288132,0
39,51,2,-0.4695052864631507,0.9259,4.2172701502472965,0.44300949573516846,0,continue,-6.775452473751283,0
39,52,2,-0.3549268154611446,0.9259,4.245734123663457,0.4658765196800232,0,continue,-7.130379289212428,0
39,53,0,-1.4132625175187299,0.9259,4.2660612377819795,0.532095193862915,0,continue,-8.543641806731157,0
39,54,0,0.7621781358101141,0.9259,4.309933703888182,0.5878677368164062,0,continue,-7.781463670921044,0
39,55,1,-0.5273890076649381,0.9259,4.3743582100289515,0.7159357666969299,0,continue,-8.308852678585982,0
39,56,1,-0.327519944037877,0.9259,4.39943345580604,0.7198115587234497,0,continue,-8.63637262262386,0
39,57,0,-0.22698521459163015,0.9259,4.404674429738122,0.8574897050857544,0,continue,-8.86335783721549,0
39,58,0,-0.4195390516431414,0.9259,4.448029880598165,0.9473890066146851,0,continue,-9.282896888858632,0
39,59,0,-0.459240645785486,0.9259,4.49919516459828,0.9071876406669617,0,continue,-9.742137534644119,0
39,60,1,-0.49208034880230866,0.9259,4.556818143330633,0.8418610095977783,0,continue,-10.234217883446428,0
39,61,0,-0.29225783676814976,0.9259,4.575046189966713,0.8393325209617615,0,continue,-10.526475720214577,0
39,62,0,-0.6236397408463108,0.9259,4.64510201078873,0.7160887718200684,0,continue,-11.150115461060889,0
39,63,2,-0.4754408165156447,0.9259,4.699621390319524,0.5672792792320251,0,continue,-11.625556277576534,0
39,64,2,-0.46435686940253557,0.9259,4.751659574155466,0.4927177131175995,0,continue,-12.08991314697907,0
39,65,0,-0.4079518196026159,0.9259,4.7905732240923,0.41073155403137207,0,continue,-12.497864966581686,0
39,66,0,-0.48524532908583523,0.9259,4.784207851228685,0.26414355635643005,0,continue,-12.98311029566752,0
39,67,0,-0.6803578259155207,0.9259,4.79761340589774,0.23646165430545807,0,continue,-13.66346812158304,0
39,68,1,-30.667582188860468,0.9259,4.800505040694078,0.1652001440525055,1,crush,-44.33105031044351,0
40,1,0,-1.0167805392476,0.924,4.065309633973883,0.11999999731779099,0,continue,-1.0167805392476,0
40,2,0,-1.0339783271706255,0.924,4.065309665615514,0.11999999731779099,0,continue,-2.0507588664182252,0
40,3,1,-0.4685010558925007,0.924,4.065310265630139,0.11999999731779099,0,continue,-2.519259922310726,0
40,4,0,-31.00663829053914,0.924,4.065310271746891,0.11999999731779099,1,crush,-33.52589821284987,0
41,1,0,0.0,0.9221,5.795379456280996,1.1142561435699463,0,continue,0.0,0
41,2,1,0.40933268204915585,0.9221,5.7953792004984095,1.1148920059204102,0,continue,0.40933268204915585,0
41,3,0,0.000916551621969708,0.9221,5.79538116682343,1.1205418109893799,0,continue,0.41024923367112553,0
41,4,1,0.46704829056444963,0.9221,5.783012003829573,1.1156020164489746,0,continue,0.8772975242355752,0
41,5,0,0.7166002319957687,0.9221,5.634305535511092,1.1133382320404053,0,continue,1.5938977562313439,0
41,6,0,0.29666910032578975,0.9221,5.57485868136644,1.1189894676208496,0,continue,1.8905668565571336,0
41,7,0,0.18679271777230924,0.9221,5.540135870797188,1.1510676145553589,0,continue,2.077359574329443,0
41,8,0,0.1749834715393559,0.9221,5.502137502323292,1.2464923858642578,0,continue,2.252343045868799,0
41,9,1,0.2651166923015976,0.9221,5.4963486840140074,1.3291269540786743,0,continue,2.517459738170397,0
41,10,0,-0.03505077084395917,0.9221,5.498546246333427,1.3669407367706299,0,continue,2.4824089673264376,0
41,11,0,0.051486805840131065,0.9221,5.503706654516471,1.4102139472961426,0,continue,2.5338957731665688,0
41,12,1,-0.15356701403377307,0.9221,5.5333413306495025,1.44218111038208,0,continue,2.3803287591327957,0
41,13,0,-0.13869650356987773,0.9221,5.577032661987949,1.4620362520217896,0,continue,2.241632255562918,0
41,14,0,-0.27044808663048686,0.9221,5.623959380565883,1.4635603427886963,0,continue,1.9711841689324312,0
41,15,0,-0.0415473540676137,0.9221,5.637054057682877,1.450868844985962,0,continue,1.9296368148648175,0
41,16,0,-0.17070319609304518,0.9221,5.666189693473815,1.4275151491165161,0,continue,1.7589336187717723,0
41,17,1,-0.19252242767730363,0.9221,5.6929678568851285,1.4184321165084839,0,continue,1.5664111910944687,0
41,18,0,-0.0656053372099624,0.9221,5.707033455516218,1.4058562517166138,0,continue,1.5008058538845064,0
41,19,1,-0.4719729898371383,0.9221,5.795831893841024,1.386144995689392,0,continue,1.028832864047368,0
41,20,1,-0.5063756803552497,0.9221,5.892589108672683,1.3814563751220703,0,continue,0.5224571836921184,0
41,21,0,-0.8718443065796759,0.9221,6.031939820806688,1.3673012256622314,0,continue,-0.3493871228875576,0
41,22,0,-0.37418048392083014,0.9221,6.068678633191043,1.3034086227416992,0,continue,-0.7235676068083877,0
41,23,0,-0.6938720809490613,0.9221,6.172850675568468,1.2301756143569946,0,continue,-1.417439687757449,0
41,24,0,-0.8026844161774505,0.9221,6.300404773817145,1.134100317955017,0,continue,-2.2201241039348996,0
41,25,0,-0.7965326165822766,0.9221,6.421459548565868,1.0723575353622437,0,continue,-3.016656720517176,0
41,26,0,-0.24032312607813133,0.9221,6.437713323312077,0.9797271490097046,0,continue,-3.256979846595307,0
41,27,0,-0.5747789100795186,0.9221,6.559636072741943,0.8983793258666992,0,continue,-3.8317587566748257,0
41,28,1,-1.0469079075187961,0.9221,6.728441694809374,0.8061182498931885,0,continue,-4.878666664193622,0
41,29,0,-0.4973929745390813,0.9221,6.787776315188997,0.7489727139472961,0,continue,-5.376059638732703,0
41,30,2,-0.8723525256546867,0.9221,6.921765785733597,0.6702972054481506,0,continue,-6.248412164387389,0
41,31,0,-0.4683252653623103,0.9221,6.9753133006499155,0.5838384032249451,0,continue,-6.716737429749699,0
41,32,1,-0.4892960845473778,0.9221,7.030987302593113,0.5715510845184326,0,continue,-7.206033514297077,0
41,33,1,-0.6797150025055689,0.9221,7.11203447319978,0.4782122075557709,0,continue,-7.8857485168026455,0
41,34,0,-1.391983143831943,0.9221,7.155638794936409,0.4118442237377167,0,continue,-9.277731660634588,0
41,35,0,-1.9690581904048943,0.9221,7.30762091656278,0.36892810463905334,0,continue,-11.246789851039482,0
41,36,0,-1.6565061384988928,0.9221,7.375482832000623,0.3307369351387024,0,continue,-12.903295989538375,0
41,37,0,-1.1812709839107827,0.9221,7.376254692419083,0.3093215525150299,0,continue,-14.084566973449157,0
41,38,0,-0.9664079883209331,0.9221,7.386288698595631,0.21987520158290863,0,continue,-15.05097496177009,0
41,39,0,-31.10496254959891,0.9221,7.3839329903075015,0.12352365255355835,1,crush,-46.155937511369,0
42,1,2,-0.4684954691859163,0.9202,7.701572778230386,0.11999999731779099,0,continue,-0.4684954691859163,0
42,2,0,-1.3060287332225033,0.9202,7.701918698887626,0.11999999731779099,0,continue,-1.7745242024084196,0
42,3,2,-0.46702541684817295,0.9202,7.701814656618615,0.11999999731779099,0,continue,-2.2415496192565927,0
42,4,2,-30.469033773536065,0.9202,7.701922317488645,0.11999999731779099,1,crush,-32.71058339279266,0
43,1,0,0.0,0.9183,5.708378204160819,1.2283884286880493,0,continue,0.0,0
43,2,0,0.06494049532699497,0.9183,5.696511764678389,1.2195647954940796,0,continue,0.06494049532699497,0
43,3,1,0.06711930814861918,0.9183,5.682217957123871,1.2319122552871704,0,continue,0.13205980347561413,0
43,4,1,0.029633193749247066,0.9183,5.675333144363348,1.227201223373413,0,continue,0.1616929972248612,0
43,5,2,0.048100243481349836,0.9183,5.670836255960584,1.2416409254074097,0,continue,0.20979324070621103,0
43,6,0,0.005812109135465082,0.9183,5.670217879632424,1.264515995979309,0,continue,0.21560534984167612,0
43,7,0,0.014351147127413987,0.9183,5.669326093765289,1.2815508842468262,0,continue,0.2299564969690901,0
43,8,1,-0.010349500626845209,0.9183,5.670637432001536,1.2983794212341309,0,continue,0.2196069963422449,0
43,9,0,-0.0014347638170370655,0.9183,5.67180391393955,1.315826654434204,0,continue,0.21817223252520784,0
43,10,0,-0.010268161569788515,0.9183,5.670596084942801,1.324252724647522,0,continue,0.20790407095541932,0
43,11,2,0.3134342412194947,0.9183,5.65400119955506,1.3382641077041626,0,continue,0.521338312174914,0
43,12,1,-0.2405288573893325,0.9183,5.63828739822059,1.3683042526245117,0,continue,0.2808094547855815,0
43,13,0,0.26354355762538545,0.9183,5.573029413622424,1.373146891593933,0,continue,0.544353012410967,0
43,14,2,0.30757080797170594,0.9183,5.560556757932796,1.3933128118515015,0,continue,0.8519238203826729,0
43,15,0,0.3018976757628202,0.9183,5.499841785430647,1.3865314722061157,0,continue,1.1538214961454931,0
43,16,2,0.381716784129206,0.9183,5.4535316405079985,1.4444401264190674,0,continue,1.535538280274699,0
43,17,0,0.03196655353012216,0.9183,5.4457902066000345,1.4929530620574951,0,continue,1.5675048338048212,0
43,18,0,0.17505571826903843,0.9183,5.405050083708383,1.5085591077804565,0,continue,1.7425605520738596,0
43,19,1,0.290041092944468,0.9183,5.3465304606429065,1.570359468460083,0,continue,2.0326016450183277,0
43,20,0,0.13770683756199112,0.9183,5.323811034122978,1.6357684135437012,0,continue,2.1703084825803187,0
43,21,0,0.3480865355306578,0.9183,5.257551173102259,1.7008349895477295,0,continue,2.5183950181109767,0
43,22,0,0.3281539031731713,0.9183,5.200963682678841,1.800011396408081,0,continue,2.846548921284148,0
43,23,2,0.12100733601972129,0.9183,5.184576661687726,1.8444899320602417,0,continue,2.9675562573038694,0
43,24,1,-0.13834686743544225,0.9183,5.143749460201598,1.9095458984375,0,continue,2.829209389868427,0
43,25,0,0.3071511145621533,0.9183,5.080103336384282,1.856006383895874,0,continue,3.1363605044305802,0
43,26,0,0.2567029782977432,0.9183,5.020918564226323,1.8377985954284668,0,continue,3.3930634827283233,0
43,27,0,0.23502157089048256,0.9183,4.977197318188336,1.7650947570800781,0,continue,3.628085053618806,0
43,28,1,0.7483971606329073,0.9183,4.826315094310719,1.7159682512283325,0,continue,4.3764822142517135,0
43,29,0,0.6376379057058448,0.9183,4.693071019663365,1.6240086555480957,0,continue,5.014120119957559,0
43,30,0,0.7202079573175388,0.9183,4.551730691842875,1.5393208265304565,0,continue,5.734328077275098,0
43,31,0,0.6402162042038161,0.9183,4.428082648173028,1.3804643154144287,0,continue,6.374544281478914,0
43,32,0,0.4099032839968375,0.9183,4.34488073292959,1.3372530937194824,0,continue,6.784447565475752,0
43,33,0,0.348876135337511,0.9183,4.271931682779287,1.2312822341918945,0,continue,7.133323700813262,0
43,34,2,0.24521702618946611,0.9183,4.208595808886152,1.0801666975021362,0,continue,7.378540727002728,0
43,35,1,-0.18403344940519548,0.9183,4.184220386997913,0.9691280722618103,0,continue,7.194507277597533,0
43,36,2,0.24027418422280988,0.9183,4.055723755794858,0.8333067297935486,0,continue,7.434781461820343,0
43,37,0,0.3302670857507118,0.9183,4.002173753275093,0.7990275621414185,0,continue,7.7650485475710544,0
43,38,1,0.17785372985160458,0.9183,3.960629519495707,0.7778580784797668,0,continue,7.942902277422659,0
43,39,0,0.28159661877337916,0.9183,3.804465782211607,0.6693974137306213,0,continue,8.224498896196039,0
43,40,1,0.4115832005657828,0.9183,3.7217473840866013,0.5889734625816345,0,continue,8.636082096761822,0
43,41,0,0.4411625302161923,0.9183,3.6319149872102554,0.5240380764007568,0,continue,9.077244626978015,0
43,42,0,0.2027112726183041,0.9183,3.5756091285816174,0.41609880328178406,0,continue,9.279955899596319,0
43,43,0,0.2958751492136443,0.9183,3.4962696291497797,0.3533896207809448,0,continue,9.575831048809963,0
43,44,1,0.12907598757716185,0.9183,3.427510304602782,0.2764255106449127,0,continue,9.704907036387125,0
43,45,0,-0.5607074403254887,0.9183,3.4303966818309086,0.22461728751659393,0,continue,9.144199596061636,0
43,46,0,-0.5271607241377494,0.9183,3.4300753002883324,0.21564504504203796,0,continue,8.617038871923887,0
43,47,0,-31.231257989323527,0.9183,3.422481044717319,0.11999999731779099,1,crush,-22.614219117399642,0
44,1,2,-0.46569202432355056,0.9164,3.5058061352375094,0.11999999731779099,0,continue,-0.46569202432355056,0
44,2,1,-0.7687381780176705,0.9164,3.5056885979045616,0.11999999731779099,0,continue,-1.234430202341221,0
44,3,0,-1.0996935797899812,0.9164,3.5054055869434206,0.11999999731779099,0,continue,-2.3341237821312024,0
44,4,2,-30.468873457699008,0.9164,3.5054338606409097,0.11999999731779099,1,crush,-32.80299723983021,0
45,1,0,0.0,0.9145,5.771296886705814,1.1274027824401855,0,continue,0.0,0
45,2,0,0.3974324758887898,0.9145,5.690209073278873,1.1364444494247437,0,continue,0.3974324758887898,0
45,3,0,0.41810417457972665,0.9145,5.608945221385874,1.131965160369873,0,continue,0.8155366504685164,0
45,4,2,0.6862126496953431,0.9145,5.528382468143577,1.1368762254714966,0,continue,1.5017493001638595,0
45,5,2,0.8095462028282032,0.9145,5.422619088330393,1.1320555210113525,0,continue,2.3112955029920625,0
45,6,0,0.5587001845670128,0.9145,5.318509803772582,1.2514913082122803,0,continue,2.8699956875590753,0
45,7,0,0.3982551582702449,0.9145,5.247655866216529,1.3705575466156006,0,continue,3.26825084582932,0
45,8,0,0.24212969965714318,0.9145,5.209801212759068,1.4865189790725708,0,continue,3.510380545486463,0
45,9,0,0.5426132521122912,0.9145,5.109781426805365,1.5962600708007812,0,continue,4.052993797598754,0
45,10,0,0.4941800477036003,0.9145,5.020022838784166,1.687851905822754,0,continue,4.547173845302354,0
45,11,0,0.1957484512880108,0.9145,4.9814350217570595,1.7055180072784424,0,continue,4.742922296590365,0
45,12,0,0.555151045042749,0.9145,4.880636546957532,1.8202428817749023,0,continue,5.298073341633113,0
45,13,1,0.22019662427267167,0.9145,4.843067548164127,1.9363083839416504,0,continue,5.518269965905785,0
45,14,2,-0.07345746474013878,0.9145,4.792704630679538,1.8987717628479004,0,continue,5.444812501165646,0
45,15,2,0.042811930316641086,0.9145,4.768925379261272,1.7865490913391113,0,continue,5.487624431482287,0
45,16,2,-0.0038516452459511183,0.9145,4.769304132995927,1.7273173332214355,0,continue,5.483772786236336,0
45,17,2,-0.05032899027760087,0.9145,4.772210804266416,1.6677496433258057,0,continue,5.433443795958735,0
45,18,0,-0.2785101016985876,0.9145,4.816436627237613,1.616730809211731,0,continue,5.154933694260148,0
45,19,0,-0.1820186816485423,0.9145,4.8559017552958545,1.599187970161438,0,continue,4.9729150126116055,0
45,20,0,-0.5323266586913389,0.9145,4.989687559304433,1.5544617176055908,0,continue,4.440588353920266,0
45,21,0,-0.8486212247499317,0.9145,5.063380000956813,1.5814257860183716,0,continue,3.591967129170335,0
45,22,0,-0.658348730344624,0.9145,5.182617610761311,1.612683653831482,0,continue,2.9336183988257107,0
45,23,0,-0.5471406205143157,0.9145,5.305585597271532,1.7015166282653809,0,continue,2.386477778311395,0
45,24,0,-0.24296901803073695,0.9145,5.357576930474751,1.7540918588638306,0,continue,2.143508760280658,0
45,25,0,-0.2668241883417,0.9145,5.422849158828541,1.8481717109680176,0,continue,1.8766845719389582,0
45,26,0,-0.9058337925993556,0.9145,5.570966802825238,1.9328107833862305,0,continue,0.9708507793396026,0
45,27,1,-0.5186225614126554,0.9145,5.634539470813746,1.8953309059143066,0,continue,0.45222821792694723,0
45,28,0,-0.8236583704228762,0.9145,5.766645049714038,1.8261975049972534,0,continue,-0.3714301524959289,0
45,29,0,-0.8703825351204391,0.9145,5.908814473283015,1.736230492591858,0,continue,-1.241812687616368,0
45,30,0,-0.2183537957047232,0.9145,5.918348818473662,1.668336272239685,0,continue,-1.4601664833210912,0
45,31,0,-0.7773387069579081,0.9145,6.041843682137125,1.5803871154785156,0,continue,-2.2375051902789993,0
45,32,1,-0.9380209549684051,0.9145,6.1890264183409665,1.506699562072754,0,continue,-3.1755261452474044,0
45,33,0,-0.7833318540088452,0.9145,6.306200183787974,1.5139800310134888,0,continue,-3.9588579992562494,0
45,34,2,-0.36077869649915134,0.9145,6.338260166602942,1.4209589958190918,0,continue,-4.319636695755401,0
45,35,0,-0.5902130727488907,0.9145,6.4244367408798855,1.3326938152313232,0,continue,-4.909849768504292,0
45,36,0,-0.676356025720859,0.9145,6.526389947731834,1.276323676109314,0,continue,-5.586205794225151,0
45,37,0,-0.7831128927357784,0.9145,6.629513605320719,1.2394670248031616,0,continue,-6.36931868696093,0
45,38,2,-0.4190857266064503,0.9145,6.673244849704951,1.2097581624984741,0,continue,-6.78840441356738,0
45,39,0,-0.7320499580058701,0.9145,6.765015622018122,1.153530240058899,0,continue,-7.52045437157325,0
45,40,2,-0.9242042889376421,0.9145,6.909536501276423,1.0198696851730347,0,continue,-8.444658660510893,0
45,41,0,-0.4904745125202743,0.9145,6.954169538762923,0.9599542617797852,0,continue,-8.935133173031167,0
45,42,0,-0.5561483173630928,0.9145,7.014957607544923,0.9309685826301575,0,continue,-9.49128149039426,0
45,43,1,-0.49374488396381566,0.9145,7.062522113725277,0.813483476638794,0,continue,-9.985026374358075,0
45,44,0,-0.4852576511563786,0.9145,7.09296974037206,0.7200180292129517,0,continue,-10.470284025514454,0
45,45,0,-0.33414668050579865,0.9145,7.097810862571796,0.6814323663711548,0,continue,-10.804430706020252,0
45,46,0,-0.6304328848734365,0.9145,7.106649369061497,0.6265981197357178,0,continue,-11.434863590893688,0
45,47,1,-0.3820000935373631,0.9145,7.131222704833681,0.5388702154159546,0,continue,-11.81686368443105,0
45,48,0,-0.30768660149746313,0.9145,7.144924042123844,0.49664270877838135,0,continue,-12.124550285928514,0
45,49,0,-0.357605232925043,0.9145,7.171971359188633,0.48505809903144836,0,continue,-12.482155518853556,0
45,50,1,-0.5506617338312292,0.9145,7.221144778474466,0.39634808897972107,0,continue,-13.032817252684785,0
45,51,0,-0.630447135312584,0.9145,7.2814233509559845,0.3416709303855896,0,continue,-13.66326438799737,0
45,52,0,-1.4728317056856393,0.9145,7.347315549975234,0.33057358860969543,0,continue,-15.136096093683008,0
45,53,2,-0.4968916274196487,0.9145,7.363200439081313,0.28300827741622925,0,continue,-15.632987721102657,0
45,54,0,-0.9279744475818641,0.9145,7.4079258213394175,0.22728127241134644,0,continue,-16.560962168684522,0
45,55,1,-30.728279338639553,0.9145,7.437486401619495,0.17263847589492798,1,crush,-47.28924150732408,0
46,1,2,-0.46539749914726386,0.9126,3.250004297626045,0.11999999731779099,0,continue,-0.46539749914726386,0
46,2,0,-0.9751761858556791,0.9126,3.2496810141261765,0.11999999731779099,0,continue,-1.440573685002943,0
46,3,0,-1.0224310097695954,0.9126,3.2494092374547847,0.11999999731779099,0,continue,-2.4630046947725384,0
46,4,0,-31.026434342372173,0.9126,3.24950303035151,0.11999999731779099,1,crush,-33.48943903714471,0
47,1,0,0.0,0.9107000000000001,5.9858164157705716,0.908993124961853,0,continue,0.0,0
47,2,0,0.0024253197694205975,0.9107000000000001,5.985817069158637,0.9085355401039124,0,continue,0.0024253197694205975,0
47,3,2,0.018144845424447987,0.9107000000000001,5.985815406360217,0.9125641584396362,0,continue,0.020570165193868586,0
47,4,0,0.43783085512070646,0.9107000000000001,5.896137334816394,0.9153170585632324,0,continue,0.458401020314575,0
47,5,0,0.5708693881702259,0.9107000000000001,5.781600100084672,0.915601909160614,0,continue,1.029270408484801,0
47,6,0,0.18759735508955025,0.9107000000000001,5.745272194879783,0.9180030226707458,0,continue,1.2168677635743512,0
47,7,1,0.321160858690121,0.9107000000000001,5.6763487680387925,0.9124988913536072,0,continue,1.5380286222644721,0
47,8,0,0.23767028417153777,0.9107000000000001,5.628206990448541,1.013927936553955,0,continue,1.7756989064360098,0
47,9,0,0.23059852090842287,0.9107000000000001,5.584598087362951,1.1224720478057861,0,continue,2.0062974273444327,0
47,10,0,0.46465143969065914,0.9107000000000001,5.486258559725454,1.1520099639892578,0,continue,2.4709488670350916,0
47,11,0,0.5184872426274696,0.9107000000000001,5.387157284765752,1.2332518100738525,0,continue,2.9894361096625612,0
47,12,1,0.04266661058853334,0.9107000000000001,5.377529559543443,1.2892969846725464,0,continue,3.0321027202510944,0
47,13,0,0.48938239655122967,0.9107000000000001,5.28551491395048,1.3571124076843262,0,continue,3.521485116802324,0
47,14,0,0.49763370078117264,0.9107000000000001,5.1888174665018925,1.4744594097137451,0,continue,4.019118817583497,0
47,15,0,0.25384994815368817,0.9107000000000001,5.144947962619229,1.5293855667114258,0,continue,4.272968765737184,0
47,16,0,0.35345856369795786,0.9107000000000001,5.073485080755041,1.5383774042129517,0,continue,4.626427329435142,0
47,17,2,0.5920912140078115,0.9107000000000001,4.986469993627476,1.6072239875793457,0,continue,5.218518543442953,0
47,18,0,0.48337254687912345,0.9107000000000001,4.899539096166113,1.7395648956298828,0,continue,5.701891090322077,0
47,19,0,0.15664472519418934,0.9107000000000001,4.871494671155878,1.7762418985366821,0,continue,5.858535815516266,0
47,20,0,0.25551114723575524,0.9107000000000001,4.817706925837646,1.834252953529358,0,continue,6.114046962752021,0
47,21,0,0.2586577527903723,0.9107000000000001,4.763829106908712,1.9145376682281494,0,continue,6.372704715542394,0
47,22,0,0.02219099884191769,0.9107000000000001,4.763250529058561,1.8278590440750122,0,continue,6.394895714384312,0
47,23,0,0.3507421037855123,0.9107000000000001,4.6922070869686054,1.808825135231018,0,continue,6.745637818169824,0
47,24,0,0.5343107823665031,0.9107000000000001,4.586157834502395,1.7567543983459473,0,continue,7.2799486005363265,0
47,25,2,0.4768894333709207,0.9107000000000001,4.488719598515249,1.7049648761749268,0,continue,7.756838033907247,0
47,26,0,0.5764934986644552,0.9107000000000001,4.372419305932975,1.6928716897964478,0,continue,8.333331532571702,0
47,27,0,0.40817302990479687,0.9107000000000001,4.300400645258185,1.623917818069458,0,continue,8.741504562476498,0
47,28,2,0.5298219727468978,0.9107000000000001,4.193946351291261,1.4771149158477783,0,continue,9.271326535223396,0
47,29,2,0.5773708708159752,0.9107000000000001,4.0783828289952,1.341907024383545,0,continue,9.848697406039372,0
47,30,1,0.3254071071375664,0.9107000000000001,3.9540396298124763,1.231819987297058,0,continue,10.174104513176939,0
47,31,2,0.05902260554106807,0.9107000000000001,3.882090534876511,1.1477080583572388,0,continue,10.233127118718008,0
47,32,0,0.43756469708314605,0.9107000000000001,3.8030492076823874,1.049972653388977,0,continue,10.670691815801154,0
47,33,1,0.5757848953558382,0.9107000000000001,3.687650054424607,0.9127082228660583,0,continue,11.246476711156992,0
47,34,1,0.6219052920950827,0.9107000000000001,3.563404499183248,0.8156930208206177,0,continue,11.868382003252075,0
47,35,1,0.6173318165749031,0.9107000000000001,3.439761912480056,0.7984253168106079,0,continue,12.485713819826978,0
47,36,0,0.21417486908844727,0.9107000000000001,3.4039241009264103,0.703193724155426,0,continue,12.699888688915426,0
47,37,1,0.7057227118486351,0.9107000000000001,3.2625662206748944,0.5382363796234131,0,continue,13.40561140076406,0
47,38,2,0.15455536881326631,0.9107000000000001,3.157498788393251,0.393098920583725,0,continue,13.560166769577327,0
47,39,0,-0.07719541849335054,0.9107000000000001,3.149267815171385,0.34878215193748474,0,continue,13.482971351083977,0
47,40,1,-0.1891637074000064,0.9107000000000001,3.14879147031588,0.29069191217422485,0,continue,13.293807643683971,0
47,41,2,-30.646820931520686,0.9107000000000001,3.148852689531321,0.18922875821590424,1,crush,-17.353013287836717,0
48,1,0,-1.036919682118503,0.9088,3.3574484386377788,0.11999999731779099,0,continue,-1.036919682118503,0
48,2,1,-0.46793130867769595,0.9088,3.3574479461488966,0.11999999731779099,0,continue,-1.5048509907961989,0
48,3,1,-0.4685001506953655,0.9088,3.357448638256656,0.11999999731779099,0,continue,-1.9733511414915643,0
48,4,2,-30.76849718000589,0.9088,3.35744896351943,0.11999999731779099,1,crush,-32.74184832149746,0
49,1,2,0.0,0.9069,5.761828158631211,1.189619541168213,0,continue,0.0,0
49,2,0,0.017507907865286044,0.9069,5.760483132290133,1.180892825126648,0,continue,0.017507907865286044,0
49,3,0,0.04648945812585223,0.9069,5.745594791558836,1.1868349313735962,0,continue,0.06399736599113827,0
49,4,2,-0.0018322126225056648,0.9069,5.738879143848088,1.188514232635498,0,continue,0.062165153368632604,0
49,5,2,0.27208750130465165,0.9069,5.680169567180648,1.1842312812805176,0,continue,0.33425265467328424,0
49,6,0,0.21081456278766672,0.9069,5.635549709106012,1.194331169128418,0,continue,0.545067217460951,0
49,7,2,0.05423086369566545,0.9069,5.622935802618093,1.1996780633926392,0,continue,0.5992980811566164,0
49,8,0,0.015200834611848433,0.9069,5.604569088937817,1.1910353899002075,0,continue,0.6144989157684648,0
49,9,0,0.2384321807645861,0.9069,5.5648427888226575,1.2507649660110474,0,continue,0.852931096533051,0
49,10,0,0.252401977830508,0.9069,5.531162830725689,1.3022524118423462,0,continue,1.105333074363559,0
49,11,0,0.05694701781060312,0.9069,5.520676469757655,1.3614636659622192,0,continue,1.162280092174162,0
49,12,0,0.1055619610566567,0.9069,5.490573172592098,1.3718355894088745,0,continue,1.2678420532308188,0
49,13,0,0.16680122537877168,0.9069,5.457098299126111,1.438832402229309,0,continue,1.4346432786095904,0
49,14,1,0.39241915589931914,0.9069,5.429575901995258,1.4874945878982544,0,continue,1.8270624345089095,0
49,15,0,0.25715496263582394,0.9069,5.375555332507501,1.4960777759552002,0,continue,2.0842173971447333,0
49,16,2,0.23819971533184348,0.9069,5.313320547584075,1.5455849170684814,0,continue,2.3224171124765767,0
49,17,0,0.2756608722505157,0.9069,5.242630820281013,1.5826441049575806,0,continue,2.5980779847270923,0
49,18,0,0.09458619397033044,0.9069,5.221150804520809,1.5916996002197266,0,continue,2.692664178697423,0
49,19,1,0.35954452519693825,0.9069,5.178783564094676,1.653023600578308,0,continue,3.052208703894361,0
49,20,0,0.558764410799972,0.9069,5.074433467092117,1.7225499153137207,0,continue,3.6109731146943327,0
49,21,0,0.515183711679826,0.9069,4.9719663761452955,1.7841590642929077,0,continue,4.126156826374158,0
49,22,2,0.12647910445837335,0.9069,4.959647885268018,1.8120824098587036,0,continue,4.252635930832532,0
49,23,1,-0.038057588156820844,0.9069,4.90627739727785,1.836931586265564,0,continue,4.21457834267571,0
49,24,2,0.05133684658469456,0.9069,4.824208714389707,1.9112191200256348,0,continue,4.265915189260405,0
49,25,0,0.20412238335304544,0.9069,4.780383493657447,1.8174294233322144,0,continue,4.4700375726134505,0
49,26,0,0.12720830519370713,0.9069,4.752333716579608,1.796520709991455,0,continue,4.597245877807158,0
49,27,0,0.029277221748807626,0.9069,4.7485185251625355,1.743680477142334,0,continue,4.626523099555965,0
49,28,0,0.17364266679885132,0.9069,4.717831911821528,1.6990540027618408,0,continue,4.800165766354816,0
49,29,0,0.1708681354579818,0.9069,4.681441456331149,1.6505082845687866,0,continue,4.971033901812798,0
49,30,2,0.10980846091197982,0.9069,4.657685166131491,1.625301480293274,0,continue,5.080842362724778,0
49,31,2,0.03196661848986122,0.9069,4.650610319984023,1.608833909034729,0,continue,5.112808981214639,0
49,32,0,0.15620269711133675,0.9069,4.619054727661253,1.6032379865646362,0,continue,5.269011678325976,0
49,33,2,0.14335982172773676,0.9069,4.589858800263865,1.5792912244796753,0,continue,5.4123715000537125,0
49,34,0,0.13094417473824396,0.9069,4.567544756347402,1.5525332689285278,0,continue,5.543315674791956,0
49,35,0,0.049364115814609956,0.9069,4.561395418934081,1.5589028596878052,0,continue,5.592679790606566,0
49,36,2,0.13866625425434992,0.9069,4.533140011329341,1.5382308959960938,0,continue,5.731346044860916,0
49,37,0,0.1132893378063203,0.9069,4.509943696723704,1.5238975286483765,0,continue,5.844635382667237,0
49,38,0,0.04426082585567861,0.9069,4.503728731712326,1.4935698509216309,0,continue,5.888896208522915,0
49,39,0,0.0782258897927318,0.9069,4.485997520245003,1.4965134859085083,0,continue,5.967122098315647,0
49,40,1,0.3397077608786126,0.9069,4.471435127541783,1.4738136529922485,0,continue,6.306829859194259,0
49,41,0,0.05061530251261463,0.9069,4.463785244486855,1.460539698600769,0,continue,6.357445161706874,0
49,42,0,0.055159035205693166,0.9069,4.452402532956063,1.437333106994629,0,continue,6.412604196912567,0
49,43,2,0.026336712809965503,0.9069,4.446730384267503,1.426499843597412,0,continue,6.4389409097225325,0
49,44,0,0.039876726574021415,0.9069,4.440569729830628,1.4058905839920044,0,continue,6.478817636296554,0
49,45,0,0.030638819988449664,0.9069,4.434887563907645,1.3867489099502563,0,continue,6.509456456285004,0
49,46,1,0.3272185777428217,0.9069,4.432586628776879,1.3697781562805176,0,continue,6.8366750340278255,0
49,47,2,-0.29965002415621245,0.9069,4.432444337653158,1.3625221252441406,0,continue,6.537025009871613,0
49,48,0,0.02700447544803932,0.9069,4.418936978820406,1.3325730562210083,0,continue,6.564029485319652,0
49,49,0,0.08719502853277758,0.9069,4.391371561547344,1.299517035484314,0,continue,6.651224513852429,0
49,50,2,0.2829386103332369,0.9069,4.332215147093945,1.2965232133865356,0,continue,6.934163124185666,0
49,51,1,0.4434709338682585,0.9069,4.221795616395712,1.2653084993362427,0,continue,7.377634058053925,0
49,52,0,0.21343205461142856,0.9069,4.184930522678907,1.2313920259475708,0,continue,7.591066112665353,0
49,53,0,0.23886654696395682,0.9069,4.141340547309536,1.1272393465042114,0,continue,7.82993265962931,0
49,54,1,0.03392747648030091,0.9069,4.13559272145998,1.0123038291931152,0,continue,7.8638601361096105,0
49,55,0,-0.006353223116519091,0.9069,4.139074202283492,0.9788616895675659,0,continue,7.857506912993092,0
49,56,0,-0.10298285440484593,0.9069,4.1485815547489935,0.8898240327835083,0,continue,7.754524058588245,0
49,57,0,-0.042255854222598185,0.9069,4.176611492168321,0.8546558618545532,0,continue,7.712268204365647,0
49,58,0,-0.2128798539589736,0.9069,4.200983076990634,0.8314511179924011,0,continue,7.499388350406673,0
49,59,2,-0.1017433389490133,0.9069,4.219673355810702,0.7824797034263611,0,continue,7.3976450114576595,0
49,60,0,-0.1490841291202755,0.9069,4.260503509011651,0.7426860332489014,0,continue,7.248560882337384,0
49,61,0,-0.07950386624148985,0.9069,4.275891112262036,0.7327222228050232,0,continue,7.169057016095894,0
49,62,0,-0.05881671766966678,0.9069,4.276628506948595,0.6782734394073486,0,continue,7.110240298426227,0
49,63,0,0.02481535828759425,0.9069,4.261434741043971,0.6467454433441162,0,continue,7.1350556567138215,0
49,64,0,0.3090676688941026,0.9069,4.19430917370565,0.639113187789917,0,continue,7.444123325607924,0
49,65,2,0.3774941419361552,0.9069,4.117975639234978,0.5816971063613892,0,continue,7.821617467544079,0
49,66,1,-0.02790463200137284,0.9069,4.065214185542661,0.57789546251297,0,continue,7.793712835542706,0
49,67,0,0.3640830770191946,0.9069,4.005606059521297,0.3966452181339264,0,continue,8.157795912561902,0
49,68,0,-0.6193175525837257,0.9069,3.9987442626796255,0.2895626723766327,0,continue,7.538478359978176,0
49,69,0,-0.6030135679674733,0.9069,3.9768615273756884,0.22503475844860077,0,continue,6.935464792010702,0
49,70,0,-31.039694780661662,0.9069,3.974461637215823,0.13900259137153625,1,crush,-24.10422998865096,0
50,1,1,-0.4684954691859163,0.905,6.902713434025581,0.11999999731779099,0,continue,-0.4684954691859163,0
50,2,0,-1.0401706729207933,0.905,6.902711052934235,0.11999999731779099,0,continue,-1.5086661421067096,0
50,3,1,-0.46944501216675855,0.905,6.902795759662771,0.11999999731779099,0,continue,-1.9781111542734682,0
50,4,1,-30.469214102676776,0.905,6.902867364010537,0.11999999731779099,1,crush,-32.44732525695024,0
51,1,0,0.0,0.9031,5.712720139904731,1.2080622911453247,0,continue,0.0,0
51,2,1,0.47843362907899506,0.9031,5.697144083430054,1.2107967138290405,0,continue,0.47843362907899506,0
51,3,2,-0.014068409352584766,0.9031,5.639207719291068,1.1971900463104248,0,continue,0.4643652197264103,0
51,4,0,0.2828119299225285,0.9031,5.581178076495135,1.2109771966934204,0,continue,0.7471771496489388,0
51,5,0,0.24797337752879745,0.9031,5.531487825452207,1.1970503330230713,0,continue,0.9951505271777362,0
51,6,2,0.2230575992577185,0.9031,5.486755906698778,1.229674220085144,0,continue,1.2182081264354547,0
51,7,2,0.04870028634781026,0.9031,5.476538198254238,1.305706262588501,0,continue,1.266908412783265,0
51,8,2,0.10228306051666766,0.9031,5.450937716729654,1.363505244255066,0,continue,1.3691914732999326,0
51,9,0,-0.02032501134097514,0.9031,5.445920876052073,1.435617446899414,0,continue,1.3488664619589574,0
51,10,0,-0.0933486517685065,0.9031,5.462860680782599,1.4600157737731934,0,continue,1.255517810190451,0
51,11,0,0.05820926402217855,0.9031,5.460957864218563,1.5075689554214478,0,continue,1.3137270742126295,0
51,12,0,0.3460415947331159,0.9031,5.443326300779291,1.5275590419769287,0,continue,1.6597686689457454,0
51,13,0,-0.10237779174929047,0.9031,5.417099494359633,1.5419871807098389,0,continue,1.5573908771964549,0
51,14,0,0.39205694111171985,0.9031,5.3610204255307865,1.541683316230774,0,continue,1.9494478183081747,0
51,15,2,0.24341773706617367,0.9031,5.311904495697969,1.5442633628845215,0,continue,2.1928655553743486,0
51,16,0,0.0036179740581646106,0.9031,5.290879068921654,1.5507640838623047,0,continue,2.196483529432513,0
51,17,1,0.308156997260176,0.9031,5.263661366988541,1.6072185039520264,0,continue,2.504640526692689,0
51,18,0,0.2741560429211907,0.9031,5.227157476645704,1.680235505104065,0,continue,2.77879656961388,0
51,19,0,0.1525621989264987,0.9031,5.195989498981087,1.7254908084869385,0,continue,2.9313587685403784,0
51,20,0,0.06502697172011841,0.9031,5.186219204441563,1.761289358139038,0,continue,2.996385740260497,0
51,21,0,0.15014933469536856,0.9031,5.157943301945903,1.8167223930358887,0,continue,3.1465350749558656,0
51,22,0,0.2050015045313571,0.9031,5.112465006686424,1.9025824069976807,0,continue,3.3515365794872225,0
51,23,0,0.11559077091412899,0.9031,5.087745679457794,1.9300435781478882,0,continue,3.4671273504013516,0
51,24,1,0.4091325189952488,0.9031,5.0001279076609455,1.9119430780410767,0,continue,3.8762598693966,0
51,25,0,-0.05286612768766133,0.9031,4.95772991565503,1.8563648462295532,0,continue,3.823393741708939,0
51,26,0,0.19702082188937825,0.9031,4.919094074028909,1.7904759645462036,0,continue,4.020414563598317,0
51,27,0,0.4074750386154131,0.9031,4.835491502469072,1.728712797164917,0,continue,4.42788960221373,0
51,28,2,0.08865594596199587,0.9031,4.799745103698953,1.649814248085022,0,continue,4.516545548175726,0
51,29,0,0.4050017025548067,0.9031,4.706838740305682,1.6448252201080322,0,continue,4.921547250730533,0
51,30,0,0.6612791024336049,0.9031,4.580673817303215,1.5818673372268677,0,continue,5.582826353164138,0
51,31,0,0.577873780459727,0.9031,4.461277506904526,1.5006678104400635,0,continue,6.160700133623865,0
51,32,0,0.3548580208007257,0.9031,4.3925543276887895,1.4705009460449219,0,continue,6.515558154424591,0
51,33,0,0.2437195975304691,0.9031,4.352115882446303,1.4021354913711548,0,continue,6.75927775195506,0
51,34,0,0.5458208962622736,0.9031,4.253440082404873,1.323585033416748,0,continue,7.305098648217333,0
51,35,0,0.2859708992661656,0.9031,4.193563530186607,1.197432518005371,0,continue,7.591069547483499,0
51,36,0,0.40902016629465904,0.9031,4.1186729608754895,1.1807403564453125,0,continue,8.000089713778157,0
51,37,2,0.47271540521087474,0.9031,4.022736752662323,1.1034512519836426,0,continue,8.472805118989033,0
51,38,2,0.5063688724095141,0.9031,3.9212604678791387,1.0361838340759277,0,continue,8.979173991398547,0
51,39,1,0.146311961082483,0.9031,3.855787722720983,1.0108134746551514,0,continue,9.12548595248103,0
51,40,2,0.04812337435975561,0.9031,3.7851730268186086,0.9420809149742126,0,continue,9.173609326840786,0
51,41,0,0.5075636367215439,0.9031,3.687740573696451,0.8780916333198547,0,continue,9.68117296356233,0
51,42,2,0.35937761455807493,0.9031,3.615515526490259,0.7457628846168518,0,continue,10.040550578120406,0
51,43,0,0.6019469555530317,0.9031,3.497398603971054,0.6878465414047241,0,continue,10.642497533673438,0
51,44,0,0.5056962632653323,0.9031,3.4052214307290027,0.6006831526756287,0,continue,11.14819379693877,0
51,45,2,0.22756005369285165,0.9031,3.3593050641688644,0.5470432043075562,0,continue,11.375753850631622,0
51,46,0,0.2892586168079331,0.9031,3.3022696452823306,0.4799692630767822,0,continue,11.665012467439555,0
51,47,0,0.3998443022081228,0.9031,3.2093705767475034,0.381179541349411,0,continue,12.064856769647678,0
51,48,0,0.09463061532177733,0.9031,3.1353797017643488,0.3020618259906769,0,continue,12.159487384969456,0
51,49,0,-0.28955736089915574,0.9031,3.1310457601172876,0.3013678789138794,0,continue,11.8699300240703,0
51,50,0,-30.78297901592279,0.9031,3.1104626579561017,0.18122225999832153,1,crush,-18.91304899185249,0
52,1,1,0.6051575541496277,0.9012,1.1905705469824999,0.6695536375045776,0,continue,0.6051575541496277,0
52,2,0,0.07616705123282311,0.9012,1.1756727654346784,0.670472264289856,0,continue,0.6813246053824508,0
52,3,2,0.3031699142672927,0.9012,1.107681003186424,0.6630918979644775,0,continue,0.9844945196497434,0
52,4,0,0.14820437714046708,0.9012,1.0641277913993974,0.6629126071929932,0,continue,1.1326988967902105,0
52,5,0,0.04335128661997746,0.9012,1.046868367427907,0.6670731902122498,0,continue,1.176050183410188,0
52,6,0,-0.07077127187883324,0.9012,1.0520064433858207,0.6652399897575378,0,continue,1.1052789115313548,0
52,7,0,-0.030456257265788475,0.9012,1.0642384500133806,0.6441168189048767,0,continue,1.0748226542655663,0
52,8,0,0.03574373337809491,0.9012,1.0722019401662835,0.6099379658699036,0,continue,1.1105663876436613,0
52,9,2,-0.32693820612119795,0.9012,1.137270613231959,0.5266366600990295,0,continue,0.7836281815224634,0
52,10,0,-0.3940680914579165,0.9012,1.2173491819267122,0.4773235619068146,0,continue,0.3895600900645469,0
52,11,2,-0.4329229576955514,0.9012,1.2976337105746436,0.4539414644241333,0,continue,-0.0433628676310045,0
52,12,0,-0.09641154936028082,0.9012,1.3079748127154895,0.42685192823410034,0,continue,-0.13977441699128532,0
52,13,0,-0.17213626072224655,0.9012,1.3079990177403336,0.32616496086120605,0,continue,-0.31191067771353187,0
52,14,0,-31.009802605748856,0.9012,1.3088898464965668,0.19621680676937103,1,crush,-31.321713283462387,0
53,1,0,0.0,0.8993,3.8377699430795458,0.5560405850410461,0,continue,0.0,0
53,2,0,-0.00977524417646296,0.8993,3.837768204868494,0.5654234886169434,0,continue,-0.00977524417646296,0
53,3,0,0.05559547238279903,0.8993,3.8254231590336993,0.5582118034362793,0,continue,0.04582022820633607,0
53,4,1,0.17653533577176686,0.8993,3.8174178446694516,0.5652498602867126,0,continue,0.22235556397810294,0
53,5,0,0.05255399178355202,0.8993,3.8048004659186083,0.5536787509918213,0,continue,0.274909555761655,0
53,6,1,0.1984828083647206,0.8993,3.793664070223846,0.5555520057678223,0,continue,0.4733923641263756,0
53,7,0,0.04750230575164665,0.8993,3.7886144899355023,0.5016907453536987,0,continue,0.5208946698780222,0
53,8,2,0.007154296049090448,0.8993,3.786616171853215,0.495469331741333,0,continue,0.5280489659271127,0
53,9,1,-0.19376339125107517,0.8993,3.7843540950337586,0.45791420340538025,0,continue,0.33428557467603753,0
53,10,1,0.048285728962838455,0.8993,3.7842191923872273,0.41243499517440796,0,continue,0.382571303638876,0
53,11,1,-0.13063070443035382,0.8993,3.784908605289188,0.3423316180706024,0,continue,0.2519405992085222,0
53,12,2,-0.4499344142372341,0.8993,3.7860298006019115,0.32711711525917053,0,continue,-0.19799381502871194,0
53,13,0,-0.42925407198579624,0.8993,3.770498305255039,0.25043463706970215,0,continue,-0.6272478870145082,0
53,14,0,-0.5969278619803349,0.8993,3.7531845490134947,0.2086210697889328,0,continue,-1.224175748994843,0
53,15,0,-30.68078015528987,0.8993,3.739712022551199,0.1961851418018341,1,crush,-31.904955904284712,0
54,1,1,0.04488402605056763,0.8974,6.365017903874149,0.7587164044380188,0,continue,0.04488402605056763,0
54,2,0,-0.17415900918294322,0.8974,6.400216752285192,0.7676202058792114,0,continue,-0.1292749831323756,0
54,3,0,-0.3438615835625013,0.8974,6.4624866494151485,0.7764370441436768,0,continue,-0.4731365666948769,0
54,4,1,-1.2328745752273012,0.8974,6.5316263193926405,0.7755197882652283,0,continue,-1.7060111419221782,0
54,5,2,-0.5596755404299045,0.8974,6.576738175226312,0.7744093537330627,0,continue,-2.265686682352083,0
54,6,0,-0.19421232210104467,0.8974,6.615629484213551,0.7492630481719971,0,continue,-2.4598990044531277,0
54,7,0,-0.4867778986766762,0.8974,6.703765004322825,0.6961937546730042,0,continue,-2.946676903129804,0
54,8,0,-0.749900776045224,0.8974,6.802792084898912,0.6290599703788757,0,continue,-3.6965776791750278,0
54,9,0,-0.6422236720972332,0.8974,6.901758896329166,0.5750309228897095,0,continue,-4.338801351272261,0
54,10,0,-0.43124320543320005,0.8974,6.976303038538969,0.5484094023704529,0,continue,-4.770044556705461,0
54,11,1,-0.021397628412893364,0.8974,6.9762321801916105,0.4563789963722229,0,continue,-4.791442185118354,0
54,12,0,-0.2810969165099697,0.8974,7.017446974721251,0.3647572100162506,0,continue,-5.072539101628324,0
54,13,0,-0.3476526397392368,0.8974,7.050885216855195,0.32116636633872986,0,continue,-5.420191741367561,0
54,14,0,-0.6701109090550235,0.8974,7.051692706851978,0.22075456380844116,0,continue,-6.090302650422585,0
54,15,0,-31.05537911443985,0.8974,7.054591400936993,0.14023487269878387,1,crush,-37.14568176486244,0
55,1,2,-0.45096068607589374,0.8955,3.1037590722461377,0.11999999731779099,0,continue,-0.45096068607589374,0
55,2,0,-1.1128790570957172,0.8955,3.1037163490602393,0.11999999731779099,0,continue,-1.563839743171611,0
55,3,0,-1.0537696270363046,0.8955,3.0973952789897927,0.11999999731779099,0,continue,-2.6176093702079157,0
55,4,0,-31.126944631741154,0.8955,3.0956894928401124,0.11999999731779099,1,crush,-33.74455400194907,0
56,1,0,0.0,0.8936,6.000285854571126,0.9010533690452576,0,continue,0.0,0
56,2,0,-0.005010972225631294,0.8936,6.000289427746418,0.9025227427482605,0,continue,-0.005010972225631294,0
56,3,1,0.2769585953201273,0.8936,5.94485371899463,0.8958329558372498,0,continue,0.271947623094496,0
56,4,0,0.7607288241653078,0.8936,5.792516148123569,0.9012183547019958,0,continue,1.0326764472598038,0
56,5,0,0.3538743058772744,0.8936,5.719284975097263,0.8917673230171204,0,continue,1.3865507531370782,0
56,6,1,0.4925743223319492,0.8936,5.621175507422326,0.9331414103507996,0,continue,1.8791250754690274,0
56,7,0,0.6190114739652477,0.8936,5.504379655708477,1.0188636779785156,0,continue,2.498136549434275,0
56,8,2,0.20830582559487162,0.8936,5.464166546836552,1.1136811971664429,0,continue,2.706442375029147,0
56,9,0,0.34582441306077943,0.8936,5.396871132583237,1.1922274827957153,0,continue,3.052266788089926,0
56,10,1,0.3045406733701628,0.8936,5.324402876764103,1.277462363243103,0,continue,3.3568074614600887,0
56,11,1,0.03559300117851099,0.8936,5.310666624227848,1.4246487617492676,0,continue,3.3924004626385997,0
56,12,1,0.3978685801372533,0.8936,5.227612736075569,1.434004545211792,0,continue,3.790269042775853,0
56,13,2,0.2018519767491751,0.8936,5.124749147542152,1.5073961019515991,0,continue,3.992121019525028,0
56,14,0,0.22091572802990506,0.8936,5.081301304974565,1.582935094833374,0,continue,4.213036747554933,0
56,15,1,0.6177375443651154,0.8936,4.986017363444559,1.5999664068222046,0,continue,4.830774291920049,0
56,16,0,0.5240028744856274,0.8936,4.884702143496691,1.6845738887786865,0,continue,5.354777166405676,0
56,17,1,0.2664499432994509,0.8936,4.845129983844003,1.7958232164382935,0,continue,5.621227109705127,0
56,18,0,0.15381848524066716,0.8936,4.816822120796148,1.826245903968811,0,continue,5.775045594945794,0
56,19,0,0.28276816998388876,0.8936,4.7602999125317185,1.9151283502578735,0,continue,6.0578137649296835,0
56,20,0,0.10413587180909037,0.8936,4.734049797817849,1.8747928142547607,0,continue,6.161949636738774,0
56,21,2,0.15860815712205625,0.8936,4.710232956355139,1.7993049621582031,0,continue,6.3205577938608295,0
56,22,0,0.29787743464199645,0.8936,4.648472434286386,1.7727441787719727,0,continue,6.618435228502826,0
56,23,0,0.3393210145792104,0.8936,4.6041698711094305,1.700340986251831,0,continue,6.957756243082037,0
56,24,0,0.29892443550570585,0.8936,4.588253634259649,1.6764005422592163,0,continue,7.256680678587743,0
56,25,0,0.05555398099310559,0.8936,4.54590473082632,1.6195671558380127,0,continue,7.312234659580848,0
56,26,0,0.1873358974903996,0.8936,4.4840498637997905,1.5636802911758423,0,continue,7.499570557071247,0
56,27,0,0.40350280602230626,0.8936,4.419796235221413,1.5084657669067383,0,continue,7.9030733630935535,0
56,28,2,0.19505071771459928,0.8936,4.417601024136845,1.4976449012756348,0,continue,8.098124080808153,0
56,29,0,0.146832535324961,0.8936,4.338267078826338,1.4297574758529663,0,continue,8.244956616133114,0
56,30,2,0.5211856785355448,0.8936,4.2325834346269335,1.3814067840576172,0,continue,8.76614229466866,0
56,31,0,0.48436737280797715,0.8936,4.144669764083568,1.323903203010559,0,continue,9.250509667476637,0
56,32,0,0.401934937760223,0.8936,4.064340596262987,1.319496750831604,0,continue,9.652444605236859,0
56,33,0,0.36692360481661596,0.8936,4.004754174651626,1.1882082223892212,0,continue,10.019368210053475,0
56,34,1,0.29755414323714197,0.8936,3.9356620286320543,1.0975358486175537,0,continue,10.316922353290616,0
56,35,2,-0.2403372357204394,0.8936,3.915289653407154,0.9619401097297668,0,continue,10.076585117570177,0
56,36,0,0.16228573731397145,0.8936,3.8847044446235555,0.965807318687439,0,continue,10.238870854884148,0
56,37,2,0.18359126952604912,0.8936,3.8450817588554598,0.9031039476394653,0,continue,10.422462124410197,0
56,38,2,0.007626807994794961,0.8936,3.8330721794442346,0.8489076495170593,0,continue,10.430088932404992,0
56,39,0,0.07947446110916649,0.8936,3.8235671921155214,0.8014031648635864,0,continue,10.509563393514158,0
56,40,2,-0.05056395446756401,0.8936,3.8260461034083835,0.7601664066314697,0,continue,10.458999439046593,0
56,41,0,-0.13690983068388662,0.8936,3.837346449272288,0.7147573828697205,0,continue,10.322089608362706,0
56,42,1,-0.008679620539526933,0.8936,3.8387991522603895,0.6708973050117493,0,continue,10.31340998782318,0
56,43,1,-0.17997296072849417,0.8936,3.8682168679851183,0.6523716449737549,0,continue,10.133437027094686,0
56,44,2,-0.354327314610505,0.8936,3.8790823309072193,0.6218955516815186,0,continue,9.779109712484182,0
56,45,0,-0.3004916631621496,0.8936,3.8764193615453255,0.6186363101005554,0,continue,9.478618049322032,0
56,46,0,-0.14311224863677277,0.8936,3.8601329825373285,0.6245470643043518,0,continue,9.33550580068526,0
56,47,0,0.017006560411068253,0.8936,3.862010994509833,0.6359376311302185,0,continue,9.352512361096329,0
56,48,0,0.12596308759772049,0.8936,3.863007361602544,0.6363496780395508,0,continue,9.478475448694049,0
56,49,0,0.020436555414258928,0.8936,3.868576004322982,0.6211890578269958,0,continue,9.498912004108307,0
56,50,2,-0.23349043134421033,0.8936,3.901847678054447,0.5507779717445374,0,continue,9.265421572764097,0
56,51,0,-0.09285061139839637,0.8936,3.911669292618549,0.5222464799880981,0,continue,9.1725709613657,0
56,52,0,-0.3020160816379135,0.8936,3.969163948468203,0.4966540038585663,0,continue,8.870554879727786,0
56,53,1,-0.4781583928613667,0.8936,4.062896805753455,0.4717544913291931,0,continue,8.392396486866419,0
56,54,0,-2.0066162870332023,0.8936,4.153076425734888,0.4748185873031616,0,continue,6.385780199833217,0
56,55,0,-1.6742127963623312,0.8936,4.1876092612743,0.4693329930305481,0,continue,4.711567403470886,0
56,56,2,-0.4824307422318695,0.8936,4.244095409720674,0.5096889138221741,0,continue,4.229136661239016,0
56,57,0,-0.9864329148985191,0.8936,4.299492215516845,0.5548116564750671,0,continue,3.2427037463404966,0
56,58,0,-0.8087235512837099,0.8936,4.325354667358365,0.5733012557029724,0,continue,2.4339801950567868,0
56,59,2,-0.463902404762284,0.8936,4.378135148310822,0.5912527441978455,0,continue,1.9700777902945028,0
56,60,0,-1.0805591481798018,0.8936,4.485612315318608,0.6135746240615845,0,continue,0.889518642114701,0
56,61,0,-0.7808652434329264,0.8936,4.5677880071135615,0.6864089369773865,0,continue,0.1086533986817746,0
56,62,0,-0.603846782830683,0.8936,4.675693895777886,0.7007972002029419,0,continue,-0.49519338414890846,0
56,63,1,-0.7266700663982122,0.8936,4.780291894262934,0.7996995449066162,0,continue,-1.2218634505471206,0
56,64,2,-1.147831843643507,0.8936,4.909213622010599,0.8931809663772583,0,continue,-2.3696952941906275,0
56,65,0,-0.78713933190802,0.8936,5.034871213579217,0.9705669283866882,0,continue,-3.1568346260986475,0
56,66,1,-0.47633790696199013,0.8936,5.090101247432967,1.1354972124099731,0,continue,-3.6331725330606375,0
56,67,1,-0.5900018155974225,0.8936,5.165129830657982,1.2433712482452393,0,continue,-4.22317434865806,0
56,68,0,-0.5468549204516107,0.8936,5.236013432192445,1.3466463088989258,0,continue,-4.770029269109671,0
56,69,0,-0.4615942422038119,0.8936,5.293848970846954,1.4115294218063354,0,continue,-5.231623511313482,0
56,70,0,-0.29089543907128673,0.8936,5.306315148157838,1.3989249467849731,0,continue,-5.522518950384769,0
56,71,0,-1.0079551042978379,0.8936,5.3817291168599475,1.361530065536499,0,continue,-6.530474054682607,0
56,72,0,-0.403080054395207,0.8936,5.458261081488457,1.304052472114563,0,continue,-6.933554109077813,0
56,73,0,0.0725576486675657,0.8936,5.490981645072432,1.236588716506958,0,continue,-6.860996460410248,0
56,74,0,-1.5709457238957736,0.8936,5.588861073531356,1.1630125045776367,0,continue,-8.43194218430602,0
56,75,0,-0.14095695825230053,0.8936,5.694102444216065,1.0311716794967651,0,continue,-8.57289914255832,0
56,76,0,-0.2813767108283478,0.8936,5.7380360009611895,0.9186765551567078,0,continue,-8.854275853386667,0
56,77,0,-0.6231728579789076,0.8936,5.800799761434691,0.7545456290245056,0,continue,-9.477448711365575,0
56,78,0,-0.698026529261628,0.8936,5.909884341301208,0.6174578666687012,0,continue,-10.175475240627204,0
56,79,0,-0.4438335422990788,0.8936,5.958492921550113,0.564252495765686,0,continue,-10.619308782926282,0
56,80,0,-1.0172215445708237,0.8936,6.107223238992483,0.39168351888656616,0,continue,-11.636530327497105,0
56,81,1,-0.4414547738104744,0.8936,6.114585132121713,0.3063525855541229,0,continue,-12.07798510130758,0
56,82,2,-0.7872458208304236,0.8936,6.117455234888258,0.24484488368034363,0,continue,-12.865230922138004,0
56,83,2,-30.67239878160684,0.8936,6.1180790203788264,0.11999999731779099,1,crush,-43.53762970374484,0
57,1,0,-3.586960463616458,0.8917,7.915644810150348,0.11999999731779099,0,continue,-3.586960463616458,0
57,2,2,-0.46872671884390776,0.8917,7.915691060081946,0.11999999731779099,0,continue,-4.055687182460366,0
57,3,2,-0.46916886238950145,0.8917,7.915825738722663,0.11999999731779099,0,continue,-4.524856044849868,0
57,4,0,-33.49346428486365,0.8917,7.915703537445521,0.11999999731779099,1,crush,-38.01832032971352,0
58,1,0,0.0,0.8898,5.728067731181854,1.200085163116455,0,continue,0.0,0
58,2,1,0.00031960734898519585,0.8898,5.728002341335151,1.2014237642288208,0,continue,0.00031960734898519585,0
58,3,0,0.03450026481487369,0.8898,5.7209734136808255,1.204121470451355,0,continue,0.034819872163858887,0
58,4,2,0.5653762971404936,0.8898,5.679579768533303,1.1966511011123657,0,continue,0.6001961693043525,0
58,5,2,0.5353535976597324,0.8898,5.64475059076057,1.2015058994293213,0,continue,1.1355497669640848,0
58,6,1,-0.22899130389159147,0.8898,5.630134699835802,1.2117654085159302,0,continue,0.9065584630724933,0
58,7,1,0.11019117405065745,0.8898,5.6019393974413445,1.2659636735916138,0,continue,1.0167496371231508,0
58,8,0,0.2397488398602718,0.8898,5.543076945201259,1.3117653131484985,0,continue,1.2564984769834227,0
58,9,0,0.24911694005650745,0.8898,5.484755378802273,1.3249998092651367,0,continue,1.50561541703993,0
58,10,0,0.8079204819069684,0.8898,5.326745460714893,1.3718312978744507,0,continue,2.3135358989468986,0
58,11,0,0.5480881822838768,0.8898,5.220071501785037,1.462813138961792,0,continue,2.8616240812307754,0
58,12,1,0.3418218875081939,0.8898,5.146602364860402,1.4900213479995728,0,continue,3.2034459687389694,0
58,13,0,0.32144595572624823,0.8898,5.079824610731116,1.6839702129364014,0,continue,3.5248919244652175,0
58,14,0,0.12441034699511454,0.8898,5.0630277174118055,1.7832688093185425,0,continue,3.649302271460332,0
58,15,1,0.07776285232971097,0.8898,5.038980611367417,1.8263906240463257,0,continue,3.727065123790043,0
58,16,0,-0.08577040047448996,0.8898,5.048918390956827,1.9102703332901,0,continue,3.641294723315553,0
58,17,0,-0.27592262679048063,0.8898,5.095891325567737,1.9294369220733643,0,continue,3.365372096525072,0
58,18,0,-0.0630098356652105,0.8898,5.112403181628114,1.8864901065826416,0,continue,3.3023622608598617,0
58,19,0,-0.04891767398279301,0.8898,5.162300980693844,1.8593765497207642,0,continue,3.2534445868770687,0
58,20,0,-0.0261750832823432,0.8898,5.183104500103035,1.8774323463439941,0,continue,3.2272695035947256,0
58,21,0,-0.4777529679630659,0.8898,5.186576462816467,1.883514642715454,0,continue,2.7495165356316598,0
58,22,0,0.2058979917204999,0.8898,5.179607229032677,1.933793544769287,0,continue,2.9554145273521595,0
58,23,0,-0.29852090230094297,0.8898,5.163603813801427,1.9144222736358643,0,continue,2.6568936250512163,0
58,24,1,0.11438599112057939,0.8898,5.125888604361194,1.9203490018844604,0,continue,2.7712796161717956,0
58,25,0,0.36491083573130817,0.8898,5.049826385932997,1.9333579540252686,0,continue,3.136190451903104,0
58,26,0,0.4672618280276821,0.8898,4.963781804187106,1.893913984298706,0,continue,3.603452279930786,0
58,27,0,0.42442086186516836,0.8898,4.876659576831506,1.8497339487075806,0,continue,4.027873141795954,0
58,28,1,0.3017316705263987,0.8898,4.823775566349041,1.8156660795211792,0,continue,4.329604812322353,0
58,29,0,0.36363933082162214,0.8898,4.7629644678683825,1.698222279548645,0,continue,4.693244143143975,0
58,30,0,0.5042113170459638,0.8898,4.671564238801639,1.5587866306304932,0,continue,5.197455460189938,0
58,31,2,0.3871098159768707,0.8898,4.593375942944085,1.4793009757995605,0,continue,5.584565276166809,0
58,32,0,0.3677712967546166,0.8898,4.527311909089639,1.3759604692459106,0,continue,5.952336572921426,0
58,33,0,0.20904094120416902,0.8898,4.493301937633103,1.2860724925994873,0,continue,6.161377514125594,0
58,34,0,0.5376128173910947,0.8898,4.3983959809094495,1.1145243644714355,0,continue,6.698990331516689,0
58,35,1,0.28203554094219,0.8898,4.34757347686107,1.0220394134521484,0,continue,6.981025872458879,0
58,36,0,0.39952414656657786,0.8898,4.273835321924049,0.9140449166297913,0,continue,7.380550019025457,0
58,37,1,0.364682869041133,0.8898,4.205748172361112,0.8169813752174377,0,continue,7.745232888066591,0
58,38,2,-0.26292246162670985,0.8898,4.1982275877299235,0.7213276028633118,0,continue,7.482310426439881,0
58,39,0,0.2782058444121553,0.8898,4.149094207012577,0.5494070649147034,0,continue,7.760516270852036,0
58,40,0,0.19667055397584138,0.8898,4.088180581729163,0.4705105721950531,0,continue,7.957186824827877,0
58,41,0,0.06986611473209103,0.8898,4.065055354660598,0.4555101692676544,0,continue,8.027052939559969,0
58,42,0,-0.1498501807257473,0.8898,4.00734082647179,0.3830878734588623,0,continue,7.877202758834222,0
58,43,1,0.39291085558533334,0.8898,3.891745825186905,0.29683592915534973,0,continue,8.270113614419556,0
58,44,2,-0.5211258098489662,0.8898,3.877647448552187,0.24902421236038208,0,continue,7.748987804570589,0
58,45,0,-0.5339771100235824,0.8898,3.877553440312013,0.25326985120773315,0,continue,7.215010694547007,0
58,46,1,-30.480605679330452,0.8898,3.878043446362666,0.11999999731779099,1,crush,-23.265594984783444,0
59,1,0,-1.0185927290650285,0.8879,5.754457896136757,0.11999999731779099,0,continue,-1.0185927290650285,0
59,2,0,-0.9893965096056416,0.8879,5.7544572975167325,0.11999999731779099,0,continue,-2.00798923867067,0
59,3,1,-0.46849661164032913,0.8879,5.754457326869487,0.11999999731779099,0,continue,-2.476485850310999,0
59,4,0,-31.000959188003467,0.8879,5.754456841316968,0.11999999731779099,1,crush,-33.477445038314464,0
60,1,0,0.0,0.886,5.809452219913973,1.113406777381897,0,continue,0.0,0
60,2,0,0.005311966628185561,0.886,5.809358845121725,1.1032977104187012,0,continue,0.005311966628185561,0
60,3,0,-0.008741450176162902,0.886,5.809134673198824,1.1035763025283813,0,continue,-0.0034294835479773403,0
60,4,0,0.2240647053433769,0.886,5.762614645647284,1.100909948348999,0,continue,0.22063522179539957,0
60,5,0,0.6064695044471067,0.886,5.641471047302803,1.0946940183639526,0,continue,0.8271047262425062,0
60,6,2,0.4128425707055783,0.886,5.558519673961451,1.1064069271087646,0,continue,1.2399472969480845,0
60,7,0,0.243810748065346,0.886,5.515430087969315,1.1653201580047607,0,continue,1.4837580450134304,0
60,8,2,0.4602677301816078,0.886,5.42281810599083,1.2846096754074097,0,continue,1.9440257751950383,0
60,9,1,0.24727835131245754,0.886,5.367941334228112,1.36078679561615,0,continue,2.1913041265074957,0
60,10,0,0.29817209410391454,0.886,5.3085162639070855,1.3574544191360474,0,continue,2.4894762206114103,0
60,11,2,0.4082221167498366,0.886,5.226306366610787,1.4602354764938354,0,continue,2.897698337361247,0
60,12,2,0.41767033122726666,0.886,5.142204224844419,1.5312100648880005,0,continue,3.3153686685885138,0
60,13,0,0.07489185636409545,0.886,5.131341419207348,1.5743730068206787,0,continue,3.390260524952609,0
60,14,0,0.7153826377034237,0.886,5.000859802223474,1.7603408098220825,0,continue,4.105643162656032,0
60,15,1,0.3884114716753538,0.886,4.9300927465621065,1.8230807781219482,0,continue,4.494054634331386,0
60,16,1,0.09484621202111505,0.886,4.912318345043713,1.8680585622787476,0,continue,4.588900846352501,0
60,17,1,0.2242578286719638,0.886,4.860930036432119,1.8906567096710205,0,continue,4.813158675024464,0
60,18,2,0.05379759901732017,0.886,4.795876229681115,1.8113129138946533,0,continue,4.866956274041785,0
60,19,1,-0.13329722744590355,0.886,4.756828956065702,1.8038662672042847,0,continue,4.733659046595881,0
60,20,2,0.6785963509695657,0.886,4.567709957730126,1.7216742038726807,0,continue,5.412255397565447,0
60,21,0,0.5565999444706561,0.886,4.469653216805334,1.639577031135559,0,continue,5.968855342036103,0
60,22,0,0.5013447151371924,0.886,4.3707585545853975,1.5411224365234375,0,continue,6.470200057173296,0
60,23,0,0.28656967362002805,0.886,4.311727603896038,1.3418835401535034,0,continue,6.756769730793324,0
60,24,1,0.13324058370122832,0.886,4.280219825930998,1.302457571029663,0,continue,6.890010314494552,0
60,25,0,0.26015141402841935,0.886,4.221641318345232,1.2494157552719116,0,continue,7.1501617285229715,0
60,26,1,0.21607593473811854,0.886,4.174104160560911,1.1773810386657715,0,continue,7.36623766326109,0
60,27,2,-0.051237198802737347,0.886,4.118545756377366,1.148850917816162,0,continue,7.315000464458353,0
60,28,0,0.10624947158888481,0.886,4.091761042636695,1.149088740348816,0,continue,7.4212499360472375,0
60,29,0,0.5242130743702127,0.886,3.9763566162362034,1.0691049098968506,0,continue,7.94546301041745,0
60,30,0,1.0080306890487014,0.886,3.787004837390828,0.9650882482528687,0,continue,8.95349369946615,0
60,31,0,0.40653784014700795,0.886,3.707476845188177,0.8721386194229126,0,continue,9.360031539613159,0
60,32,1,0.4022200528815643,0.886,3.6233048553465497,0.68828946352005,0,continue,9.762251592494723,0
60,33,0,0.287502134851886,0.886,3.5601830987923,0.5811933875083923,0,continue,10.049753727346609,0
60,34,0,0.24202911384464026,0.886,3.5151886945773723,0.5032280683517456,0,continue,10.29178284119125,0
60,35,0,0.46193935516846374,0.886,3.4193607344708914,0.44542524218559265,0,continue,10.753722196359714,0
60,36,0,0.006856698065722616,0.886,3.385962945923111,0.3580308258533478,0,continue,10.760578894425437,0
60,37,0,0.18726763017835799,0.886,3.317518885161154,0.3309180736541748,0,continue,10.947846524603795,0
60,38,0,-0.11584684745008995,0.886,3.2525174856957295,0.2564391791820526,0,continue,10.831999677153705,0
60,39,0,-30.952962477520824,0.886,3.245510530519394,0.1978686898946762,1,crush,-20.120962800367117,0
61,1,1,-0.4650043580861963,0.8841,7.206644222865774,0.11999999731779099,0,continue,-0.4650043580861963,0
61,2,0,-0.9939593552744177,0.8841,7.2067149881810675,0.11999999731779099,0,continue,-1.458963713360614,0
61,3,0,-1.0465091246936862,0.8841,7.206940571142384,0.11999999731779099,0,continue,-2.5054728380543,0
61,4,2,-30.46401558875415,0.8841,7.206796130069113,0.11999999731779099,1,crush,-32.969488426808454,0
62,1,1,0.0,0.8822,5.8019510751261665,1.0955634117126465,0,continue,0.0,0
62,2,2,-0.13544766490832777,0.8822,5.799263766018365,1.0963712930679321,0,continue,-0.13544766490832777,0
62,3,0,0.2560377180567937,0.8822,5.744757690999985,1.1058186292648315,0,continue,0.12059005314846594,0
62,4,0,0.24514377713536417,0.8822,5.687494555321003,1.1053091287612915,0,continue,0.3657338302838301,0
62,5,0,0.2721319574146218,0.8822,5.623370674712105,1.0957673788070679,0,continue,0.6378657876984519,0
62,6,1,0.35087997783025326,0.8822,5.545793584556393,1.102440595626831,0,continue,0.9887457655287052,0
62,7,0,0.1017949602890352,0.8822,5.5215712728628485,1.1628574132919312,0,continue,1.0905407258177404,0
62,8,0,0.25832332963212884,0.8822,5.47463130634611,1.2177484035491943,0,continue,1.3488640554498692,0
62,9,0,0.24576280751764595,0.8822,5.415715911001992,1.2850532531738281,0,continue,1.594626862967515,0
62,10,0,0.3162247776351419,0.8822,5.350417951240442,1.3811166286468506,0,continue,1.910851640602657,0
62,11,2,0.2957350830138769,0.8822,5.2895614674295945,1.4058539867401123,0,continue,2.206586723616534,0
62,12,2,0.6055081968474867,0.8822,5.166346665932908,1.4556695222854614,0,continue,2.8120949204640207,0
62,13,0,0.36430108436536146,0.8822,5.102848042635158,1.535656213760376,0,continue,3.1763960048293822,0
62,14,1,0.44281730041693923,0.8822,5.01399724380531,1.54932701587677,0,continue,3.6192133052463213,0
62,15,0,0.7945798943171853,0.8822,4.863781058520655,1.6631838083267212,0,continue,4.413793199563507,0
62,16,0,0.8427750122078126,0.8822,4.708111192747364,1.8046555519104004,0,continue,5.25656821177132,0
62,17,0,0.12416449332269602,0.8822,4.691338436929858,1.8998724222183228,0,continue,5.380732705094016,0
62,18,0,0.5447193342572473,0.8822,4.589533516724115,1.8662230968475342,0,continue,5.9254520393512635,0
62,19,2,0.6190864111724292,0.8822,4.465515209062959,1.7329719066619873,0,continue,6.544538450523692,0
62,20,1,0.14962523803566027,0.8822,4.376685462247339,1.6659342050552368,0,continue,6.694163688559352,0
62,21,0,0.46241338133259746,0.8822,4.284870561950836,1.5925289392471313,0,continue,7.1565770698919495,0
62,22,0,0.3869278479306965,0.8822,4.206876730250505,1.440861463546753,0,continue,7.543504917822646,0
62,23,1,0.23238659038211507,0.8822,4.152930954875021,1.3494970798492432,0,continue,7.775891508204761,0
62,24,0,0.20022998029240718,0.8822,4.115317230196651,1.2870701551437378,0,continue,7.976121488497168,0
62,25,0,0.47970619194236874,0.8822,4.020578976999638,1.2171815633773804,0,continue,8.455827680439537,0
62,26,1,0.41512017506623583,0.8822,3.9371182835167033,1.1530802249908447,0,continue,8.870947855505772,0
62,27,0,0.3509230736176398,0.8822,3.886832612098396,1.111847162246704,0,continue,9.221870929123412,0
62,28,0,0.12781142777526386,0.8822,3.8684239405579715,1.070218801498413,0,continue,9.349682356898676,0
62,29,1,0.6340757830684217,0.8822,3.7404120014440627,0.9159877896308899,0,continue,9.983758139967097,0
62,30,0,0.4832063248731966,0.8822,3.6525422392142293,0.8315960764884949,0,continue,10.466964464840293,0
62,31,0,0.338735806951909,0.8822,3.583419898915582,0.8049230575561523,0,continue,10.805700271792203,0
62,32,0,0.03400221660457193,0.8822,3.5815210337895436,0.7409504652023315,0,continue,10.839702488396775,0
62,33,2,0.4105125424715804,0.8822,3.512027040957209,0.6341187953948975,0,continue,11.250215030868356,0
62,34,0,0.18712687112960172,0.8822,3.4378166333523583,0.5774090886116028,0,continue,11.437341901997957,0
62,35,0,0.2331698991447926,0.8822,3.366514725783991,0.5118505358695984,0,continue,11.67051180114275,0
62,36,1,0.10375384775644966,0.8822,3.3454723654222343,0.4992184042930603,0,continue,11.774265648899199,0
62,37,0,-0.11524906491941991,0.8822,3.2982538107285793,0.39109304547309875,0,continue,11.65901658397978,0
62,38,0,-0.1283249285470701,0.8822,3.255404470707656,0.3158298432826996,0,continue,11.53069165543271,0
62,39,0,-0.8384335293503355,0.8822,3.249739152042893,0.22410380840301514,0,continue,10.692258126082374,0
62,40,0,-30.776264213223374,0.8822,3.22455985408664,0.1865742802619934,1,crush,-20.084006087141,0
63,1,0,-1.0043351788254655,0.8803,3.116527474751229,0.11999999731779099,0,continue,-1.0043351788254655,0
63,2,0,-1.0458093585306227,0.8803,3.1165325970264215,0.11999999731779099,0,continue,-2.050144537356088,0
63,3,0,-1.0240604924695031,0.8803,3.1165381177660145,0.11999999731779099,0,continue,-3.074205029825591,0
63,4,0,-31.013124391604975,0.8803,3.116539284820262,0.11999999731779099,1,crush,-34.08732942143057,0
64,1,0,0.0,0.8784,6.000284700062468,0.8976203799247742,0,continue,0.0,0
64,2,2,-2.83401738667699e-06,0.8784,6.000284970572025,0.8976326584815979,0,continue,-2.83401738667699e-06,0
64,3,0,0.04127982567191797,0.8784,5.992341327136703,0.9092392325401306,0,continue,0.041276991654531296,0
64,4,0,0.6849479197300822,0.8784,5.855653023271501,0.9000028967857361,0,continue,0.7262249113846134,0
64,5,2,0.675723386862838,0.8784,5.721000455694822,0.897080659866333,0,continue,1.4019482982474514,0
64,6,1,0.07088770529053748,0.8784,5.646811590365679,0.9219075441360474,0,continue,1.4728360035379888,0
64,7,0,0.42536395592308684,0.8784,5.571558729496537,1.0711191892623901,0,continue,1.8981999594610757,0
64,8,1,0.3207965678875728,0.8784,5.4954932986983085,1.2241758108139038,0,continue,2.2189965273486485,0
64,9,0,0.14419094723415102,0.8784,5.460424953442399,1.2498139142990112,0,continue,2.3631874745827997,0
64,10,0,0.4146744681073676,0.8784,5.378173404438123,1.312903642654419,0,continue,2.7778619426901674,0
64,11,0,0.4905737137588388,0.8784,5.281143466784054,1.3812799453735352,0,continue,3.268435656449006,0
64,12,0,0.2243247126316312,0.8784,5.246045408696175,1.4504144191741943,0,continue,3.4927603690806373,0
64,13,0,0.42299237597797823,0.8784,5.1594630713917695,1.466710090637207,0,continue,3.9157527450586156,0
64,14,0,0.5314632131835983,0.8784,5.064680703570413,1.561271071434021,0,continue,4.447215958242214,0
64,15,2,0.4648740480393724,0.8784,4.992529637037226,1.6699551343917847,0,continue,4.912090006281587,0
64,16,0,0.11310114354120526,0.8784,4.9714771849177986,1.6947942972183228,0,continue,5.025191149822792,0
64,17,0,0.24441189215334477,0.8784,4.921845476148106,1.7592670917510986,0,continue,5.269603041976136,0
64,18,0,0.13728799185708757,0.8784,4.891943899005027,1.9232088327407837,0,continue,5.406891033833224,0
64,19,2,-0.0680063462790939,0.8784,4.8985303460023015,1.9192792177200317,0,continue,5.33888468755413,0
64,20,0,-0.08035845220134394,0.8784,4.907076035790548,1.8429800271987915,0,continue,5.258526235352786,0
64,21,0,-0.10708112361141911,0.8784,4.930518837515779,1.799160122871399,0,continue,5.151445111741367,0
64,22,0,0.19129549488656494,0.8784,4.915644148943266,1.772539734840393,0,continue,5.342740606627932,0
64,23,0,0.2014250519975817,0.8784,4.900746475241076,1.7828843593597412,0,continue,5.544165658625514,0
64,24,2,0.23130622244675147,0.8784,4.852322410878234,1.8057307004928589,0,continue,5.775471881072265,0
64,25,0,0.2265592228459937,0.8784,4.796183873780596,1.788486123085022,0,continue,6.0020311039182594,0
64,26,1,0.1730775977273816,0.8784,4.775586250523671,1.7560005187988281,0,continue,6.175108701645641,0
64,27,0,0.15963947025392697,0.8784,4.73738010084806,1.703211784362793,0,continue,6.334748171899568,0
64,28,0,0.27656910735986656,0.8784,4.67907753796941,1.6140271425247192,0,continue,6.611317279259434,0
64,29,0,0.16474497115292294,0.8784,4.641307123552438,1.6115715503692627,0,continue,6.776062250412357,0
64,30,2,0.0017470196955390541,0.8784,4.638991497382497,1.5638666152954102,0,continue,6.7778092701078965,0
64,31,0,0.5012683269616109,0.8784,4.536997673600585,1.5153719186782837,0,continue,7.279077597069508,0
64,32,1,0.5963595408308107,0.8784,4.417698958788058,1.4448827505111694,0,continue,7.8754371379003185,0
64,33,0,1.2053840282473816,0.8784,4.189321320302334,1.4000126123428345,0,continue,9.0808211661477,0
64,34,2,0.1521889155107642,0.8784,4.158810598618784,1.2523962259292603,0,continue,9.233010081658465,0
64,35,1,0.373509813030282,0.8784,4.024021461873743,1.1569429636001587,0,continue,9.606519894688747,0
64,36,0,0.8673800648458271,0.8784,3.862984991814572,0.946384072303772,0,continue,10.473899959534574,0
64,37,0,0.5163407526731997,0.8784,3.760098646297182,0.9047881960868835,0,continue,10.990240712207774,0
64,38,1,0.7894130960361613,0.8784,3.602046891584988,0.7147157788276672,0,continue,11.779653808243935,0
64,39,0,0.4250497350838217,0.8784,3.5170298786073193,0.5655418038368225,0,continue,12.204703543327756,0
64,40,2,0.705539710331433,0.8784,3.3688764297497036,0.43585681915283203,0,continue,12.91024325365919,0
64,41,2,-0.10529718722376981,0.8784,3.352952687520211,0.2947506308555603,0,continue,12.80494606643542,0
64,42,2,-0.2902968621533727,0.8784,3.3529779010026695,0.22392155230045319,0,continue,12.514649204282048,0
64,43,1,-30.739696671002662,0.8784,3.35310095332919,0.13612180948257446,1,crush,-18.225047466720614,0
65,1,0,-1.0401008714171327,0.8765000000000001,7.037551244387437,0.11999999731779099,0,continue,-1.0401008714171327,0
65,2,0,-1.0149563516953548,0.8765000000000001,7.037554836150696,0.11999999731779099,0,continue,-2.0550572231124873,0
65,3,1,-0.4684893184386045,0.8765000000000001,7.037553554278894,0.11999999731779099,0,continue,-2.5235465415510916,0
65,4,0,-30.986113176835147,0.8765000000000001,7.037549871161985,0.11999999731779099,1,crush,-33.50965971838624,0
66,1,1,0.4095047116279602,0.8746,5.752935943361377,1.1687854528427124,0,continue,0.4095047116279602,0
66,2,0,0.08025002480478335,0.8746,5.737181074136544,1.1596986055374146,0,continue,0.4897547364327436,0
66,3,0,0.05247413387005812,0.8746,5.713202580597324,1.1688398122787476,0,continue,0.5422288703028018,0
66,4,0,-0.13326072489152005,0.8746,5.726204699855899,1.1661019325256348,0,continue,0.4089681454112817,0
66,5,0,-0.2891942548946011,0.8746,5.776227717023108,1.1762700080871582,0,continue,0.11977389051668058,0
66,6,0,0.11967504390611194,0.8746,5.858864172959263,1.2184898853302002,0,continue,0.23944893442279253,0
66,7,0,-0.5632356332257139,0.8746,5.914213261441246,1.2285829782485962,0,continue,-0.3237866988029214,0
66,8,2,-0.18413492850714594,0.8746,5.949660679597843,1.1934164762496948,0,continue,-0.5079216273100673,0
66,9,1,-1.0698885912801839,0.8746,6.102167102556507,1.1309984922409058,0,continue,-1.5778102185902512,0
66,10,2,-1.1575661685867344,0.8746,6.272346735153602,1.0920333862304688,0,continue,-2.7353763871769856,0
66,11,2,-0.5806504916888839,0.8746,6.387977712235824,1.0459843873977661,0,continue,-3.3160268788658698,0
66,12,0,0.014744657736631809,0.8746,6.390418574761456,0.931999146938324,0,continue,-3.301282221129238,0
66,13,1,-0.6621343155099706,0.8746,6.522475001679716,0.7897781729698181,0,continue,-3.9634165366392087,0
66,14,2,-1.5082108061805204,0.8746,6.764040027354101,0.6100602746009827,0,continue,-5.471627342819729,0
66,15,2,-0.3187875770738583,0.8746,6.827642622724407,0.5183250904083252,0,continue,-5.790414919893587,0
66,16,1,-0.932894105214687,0.8746,6.936188575679707,0.37377825379371643,0,continue,-6.723309025108274,0
66,17,0,-1.4636743991335364,0.8746,6.940438464714855,0.24149934947490692,0,continue,-8.186983424241811,0
66,18,2,-30.40842309398968,0.8746,6.949285440793567,0.1920766830444336,1,crush,-38.59540651823149,0
67,1,1,0.30148619413375854,0.8727,4.475770576457651,1.0975804328918457,0,continue,0.30148619413375854,0
67,2,0,-0.08591635631683663,0.8727,4.493283073457874,1.0957927703857422,0,continue,0.2155698378169219,0
67,3,2,-0.19920401452504305,0.8727,4.5213525591146775,1.1095671653747559,0,continue,0.016365823291878856,0
67,4,0,0.0025853438832361686,0.8727,4.510334613278833,1.0982451438903809,0,continue,0.018951167175115025,0
67,5,1,0.3629332062529554,0.8727,4.488017893670823,1.0943281650543213,0,continue,0.3818843734280704,0
67,6,2,-0.22955257535041412,0.8727,4.472009745442336,1.1107182502746582,0,continue,0.1523317980776563,0
67,7,2,0.4121494515677237,0.8727,4.385550091317708,1.0680618286132812,0,continue,0.5644812496453799,0
67,8,0,0.3320925228178903,0.8727,4.3309498002881766,1.0356476306915283,0,continue,0.8965737724632703,0
67,9,0,0.014844816098724367,0.8727,4.309864435309728,1.0446782112121582,0,continue,0.9114185885619946,0
67,10,1,0.13133893694391302,0.8727,4.2810471977055125,0.9678179025650024,0,continue,1.0427575255059076,0
67,11,0,0.004610802317569537,0.8727,4.2804465232167,0.8300078511238098,0,continue,1.047368327823477,0
67,12,0,-0.08473902814249903,0.8727,4.292729506454237,0.7798115015029907,0,continue,0.9626292996809781,0
67,13,2,-0.1918641564157205,0.8727,4.329195044766089,0.7386181950569153,0,continue,0.7707651432652576,0
67,14,0,-0.2872069047283218,0.8727,4.380513923774156,0.6529273986816406,0,continue,0.4835582385369358,0
67,15,0,-0.1883868797243006,0.8727,4.426891104025107,0.6270721554756165,0,continue,0.29517135881263523,0
67,16,0,-0.7244488082336145,0.8727,4.4517527182732195,0.6035345792770386,0,continue,-0.42927744942097923,0
67,17,2,-0.19114567073764138,0.8727,4.485109441400024,0.5937732458114624,0,continue,-0.6204231201586206,0
67,18,0,0.03885664867907433,0.8727,4.496120229393743,0.5696131587028503,0,continue,-0.5815664714795462,0
67,19,2,0.0164118365672822,0.8727,4.485003745639269,0.5486789345741272,0,continue,-0.565154634912264,0
67,20,0,0.2762619461202317,0.8727,4.481576270664061,0.5472803711891174,0,continue,-0.28889268879203234,0
67,21,0,-0.07393223687901812,0.8727,4.45508963828893,0.5185104608535767,0,continue,-0.36282492567105046,0
67,22,1,-0.16597301287041344,0.8727,4.476290662440178,0.4723767638206482,0,continue,-0.5287979385414638,0
67,23,2,-0.722197995701706,0.8727,4.51101056148799,0.46495959162712097,0,continue,-1.2509959342431698,0
67,24,0,-0.1336853350216857,0.8727,4.532304505360277,0.40405741333961487,0,continue,-1.3846812692648556,0
67,25,0,-0.10784172786588479,0.8727,4.541883392365135,0.34426555037498474,0,continue,-1.4925229971307403,0
67,26,0,-0.7082820213166192,0.8727,4.600683576861145,0.31649893522262573,0,continue,-2.2008050184473595,0
67,27,2,-0.8297438334536769,0.8727,4.671242211878482,0.28903868794441223,0,continue,-3.0305488519010364,0
67,28,2,-0.759300861519675,0.8727,4.740750776260691,0.27619320154190063,0,continue,-3.789849713420711,0
67,29,1,-0.9728502934085572,0.8727,4.798458601380779,0.29597607254981995,0,continue,-4.762700006829268,0
67,30,0,-2.70160018181586,0.8727,4.851877539187606,0.29244858026504517,0,continue,-7.464300188645129,0
67,31,0,-2.865996103254793,0.8727,4.981475887766599,0.35016486048698425,0,continue,-10.330296291899922,0
67,32,0,-2.627709954001517,0.8727,5.137395386975772,0.4151569604873657,0,continue,-12.958006245901439,0
67,33,0,-1.3922513949416333,0.8727,5.150025990041705,0.5010470151901245,0,continue,-14.350257640843072,0
67,34,2,-0.8594247078473847,0.8727,5.281910931611182,0.6225900053977966,0,continue,-15.209682348690457,0
67,35,0,-0.9376163040797127,0.8727,5.441415280053786,0.5574530959129333,0,continue,-16.147298652770168,0
67,36,0,-0.8332011650115787,0.8727,5.568869549158633,0.5560351610183716,0,continue,-16.980499817781748,0
67,37,0,-0.5841746155745486,0.8727,5.651940617861667,0.5081332921981812,0,continue,-17.564674433356295,0
67,38,0,-1.3657480696617956,0.8727,5.721463573176022,0.4422509968280792,0,continue,-18.93042250301809,0
67,39,2,-0.906214020169845,0.8727,5.850284321589165,0.4153107702732086,0,continue,-19.836636523187934,0
67,40,0,-0.9209030499141027,0.8727,5.992991549355207,0.3776445984840393,0,continue,-20.757539573102036,0
67,41,2,-0.49247552354268875,0.8727,6.02814152034993,0.35046207904815674,0,continue,-21.250015096644724,0
67,42,0,-1.173767903599672,0.8727,6.067246082632552,0.21011531352996826,0,continue,-22.423783000244395,0
67,43,0,-30.982542423198442,0.8727,6.007960726024056,0.13679002225399017,1,crush,-53.40632542344284,0
68,1,0,-3.295783786866275,0.8708,7.910084208572366,0.11999999731779099,0,continue,-3.295783786866275,0
68,2,0,-3.314561235264935,0.8708,7.910081558641807,0.11999999731779099,0,continue,-6.6103450221312094,0
68,3,0,-3.3023796842398006,0.8708,7.910081699248562,0.11999999731779099,0,continue,-9.91272470637101,0
68,4,0,-33.29369729103549,0.8708,7.910082400303658,0.11999999731779099,1,crush,-43.2064219974065,0
69,1,1,0.002768203616142273,0.8689,6.000294724653821,0.9030106663703918,0,continue,0.002768203616142273,0
69,2,1,0.29975889821903945,0.8689,5.9398131843310695,0.8944090604782104,0,continue,0.3025271018351817,0
69,3,0,0.358104307023704,0.8689,5.856149095456331,0.8906265497207642,0,continue,0.6606314088588857,0
69,4,0,0.3307580417655679,0.8689,5.778865763579164,0.905049204826355,0,continue,0.9913894506244536,0
69,5,0,0.2218707289882645,0.8689,5.72929716839171,0.9762701988220215,0,continue,1.213260179612718,0
69,6,0,0.018837928410052086,0.8689,5.718102454042304,1.032114863395691,0,continue,1.2320981080227702,0
69,7,2,-0.014162903848777941,0.8689,5.718029898226663,1.1065547466278076,0,continue,1.2179352041739921,0
69,8,0,0.0013946426183011895,0.8689,5.725570940860826,1.1478886604309082,0,continue,1.2193298467922933,0
69,9,1,-0.22340190742810823,0.8689,5.75802921883327,1.2061891555786133,0,continue,0.9959279393641851,0
69,10,0,0.07484586924926553,0.8689,5.810920087847377,1.2192342281341553,0,continue,1.0707738086134506,0
69,11,2,-0.1800721572027818,0.8689,5.839813017320433,1.2251362800598145,0,continue,0.8907016514106688,0
69,12,1,-0.945477167346235,0.8689,5.967622508829147,1.2284259796142578,0,continue,-0.05477551593556618,0
69,13,0,-0.543197509524073,0.8689,6.084076644184576,1.1787699460983276,0,continue,-0.5979730254596392,0
69,14,2,-0.09825983789222523,0.8689,6.101716556143315,1.1451107263565063,0,continue,-0.6962328633518644,0
69,15,2,-0.4429622865177475,0.8689,6.189696194942197,1.084285020828247,0,continue,-1.1391951498696118,0
69,16,0,-0.5448419901052327,0.8689,6.316632065524811,0.9584711790084839,0,continue,-1.6840371399748446,0
69,17,0,-0.2899217278756043,0.8689,6.374634098715715,0.8931950330734253,0,continue,-1.973958867850449,0
69,18,0,-0.6779389284814316,0.8689,6.520214703495825,0.7929114699363708,0,continue,-2.6518977963318804,0
69,19,0,-0.2500654180484868,0.8689,6.577784457984467,0.7158747315406799,0,continue,-2.901963214380367,0
69,20,2,-0.40482775041648805,0.8689,6.658511350445358,0.6748597025871277,0,continue,-3.306790964796855,0
69,21,0,-0.8905680975339041,0.8689,6.805621475236886,0.5433849096298218,0,continue,-4.19735906233076,0
69,22,1,-0.3976223858521468,0.8689,6.8419670336372,0.46081265807151794,0,continue,-4.5949814481829065,0
69,23,1,-0.7977745066389783,0.8689,6.9340202655503465,0.3725505769252777,0,continue,-5.392755954821885,0
69,24,2,-0.9582925986520818,0.8689,6.962917446769727,0.24814994633197784,0,continue,-6.351048553473967,0
69,25,2,-0.5392187567544393,0.8689,6.9641622534153065,0.203199565410614,0,continue,-6.890267310228406,0
69,26,2,-30.734730893884013,0.8689,6.978364126886663,0.1264588087797165,1,crush,-37.624998204112416,0
70,1,0,0.0,0.867,4.9459956911126985,1.2938652038574219,0,continue,0.0,0
70,2,0,-0.08781049288618488,0.867,4.964266582164801,1.2851094007492065,0,continue,-0.08781049288618488,0
70,3,0,-0.44914432835155876,0.867,5.051747093974874,1.2963980436325073,0,continue,-0.5369548212377436,0
70,4,0,-0.5308544563249198,0.867,5.157797641970336,1.2921749353408813,0,continue,-1.0678092775626635,0
70,5,0,-0.48868421644566173,0.867,5.255332066267945,1.2840397357940674,0,continue,-1.5564934940083253,0
70,6,2,-0.44185187995308894,0.867,5.343393214534945,1.2905616760253906,0,continue,-1.9983453739614143,0
70,7,0,-0.13712531699390706,0.867,5.374580248696106,1.3553694486618042,0,continue,-2.135470690955321,0
70,8,0,-0.3847099240485326,0.867,5.458968005254416,1.452522873878479,0,continue,-2.520180615003854,0
70,9,0,-0.4247250270271007,0.867,5.547358002634756,1.4991695880889893,0,continue,-2.9449056420309545,0
70,10,0,-0.4535664291295761,0.867,5.644928136374228,1.568698763847351,0,continue,-3.3984720711605307,0
70,11,0,-0.19307232126994286,0.867,5.690931307901463,1.5412157773971558,0,continue,-3.5915443924304737,0
70,12,2,-0.39203820035572706,0.867,5.769106292286426,1.5380403995513916,0,continue,-3.9835825927862007,0
70,13,0,-0.43023580571430253,0.867,5.8633344973025725,1.5042190551757812,0,continue,-4.413818398500503,0
70,14,0,-0.16492423260881914,0.867,5.902370111212784,1.4763678312301636,0,continue,-4.578742631109322,0
70,15,0,-0.6156193540300567,0.867,6.0355294906714665,1.446207880973816,0,continue,-5.194361985139379,0
70,16,0,-0.6252258973444489,0.867,6.165854411893535,1.43019700050354,0,continue,-5.819587882483828,0
70,17,0,-0.006499384190599408,0.867,6.176945267960783,1.381197452545166,0,continue,-5.826087266674427,0
70,18,0,-0.702910401662556,0.867,6.328880812331656,1.3458880186080933,0,continue,-6.528997668336983,0
70,19,0,-0.7547623644102709,0.867,6.489070296379708,1.3047090768814087,0,continue,-7.283760032747254,0
70,20,0,-0.7508934531740026,0.867,6.640558917627112,1.3056442737579346,0,continue,-8.034653485921256,0
70,21,0,-0.4341671944421422,0.867,6.702790287645121,1.2005352973937988,0,continue,-8.468820680363399,0
70,22,1,-0.5677379753144045,0.867,6.771788548010992,1.1181849241256714,0,continue,-9.036558655677803,0
70,23,0,-0.6181114092035755,0.867,6.8545494672384235,0.9250345826148987,0,continue,-9.654670064881378,0
70,24,0,-0.45909440648906935,0.867,6.904975550773111,0.8863144516944885,0,continue,-10.113764471370446,0
70,25,0,-0.628463893994356,0.867,6.996003252945392,0.8223287463188171,0,continue,-10.742228365364802,0
70,26,0,-1.1093501896468216,0.867,7.031250280599382,0.7314202785491943,0,continue,-11.851578555011624,0
70,27,2,-0.5572233323917383,0.867,7.1024648085501045,0.6938969492912292,0,continue,-12.408801887403362,0
70,28,0,-0.572711008353515,0.867,7.197350451799863,0.6129913330078125,0,continue,-12.981512895756877,0
70,29,0,-0.5750069227271768,0.867,7.286491644925754,0.5153970718383789,0,continue,-13.556519818484054,0
70,30,0,-0.516813251329244,0.867,7.3281623429036955,0.44550809264183044,0,continue,-14.073333069813298,0
70,31,2,-0.5688492374933405,0.867,7.363799416199766,0.3279450535774231,0,continue,-14.642182307306639,0
70,32,0,-0.7140172107029847,0.867,7.342857728957581,0.2218330055475235,0,continue,-15.356199518009623,0
70,33,0,-31.28160832853,0.867,7.35895822201973,0.15550418198108673,1,crush,-46.63780784653962,0
71,1,0,-0.9663749922247804,0.8651,3.3714684856338266,0.11999999731779099,0,continue,-0.9663749922247804,0
71,2,0,-0.9913988236767475,0.8651,3.371468104430504,0.11999999731779099,0,continue,-1.9577738159015279,0
71,3,0,-1.0174583263373862,0.8651,3.371465349681072,0.11999999731779099,0,continue,-2.975232142238914,0
71,4,0,-31.000316513751205,0.8651,3.3714628520197794,0.11999999731779099,1,crush,-33.97554865599012,0
72,1,0,0.0,0.8632,6.00028627056783,0.9051794409751892,0,continue,0.0,0
72,2,2,-1.8531070386362814e-05,0.8632,6.000289618136126,0.9011378884315491,0,continue,-1.8531070386362814e-05,0
72,3,1,-0.15867683014491926,0.8632,5.972804001944173,0.8876699209213257,0,continue,-0.1586953612153056,0
72,4,2,0.5097615238124779,0.8632,5.8111215287792986,0.8993951082229614,0,continue,0.35106616259717227,0
72,5,0,0.4060066602104653,0.8632,5.728047940863611,0.9026697278022766,0,continue,0.7570728228076375,0
72,6,0,0.26644733937930976,0.8632,5.674519498985082,0.9031237363815308,0,continue,1.0235201621869474,0
72,7,0,0.2745551307424537,0.8632,5.621068956993368,1.0066688060760498,0,continue,1.298075292929401,0
72,8,0,0.1308507218538793,0.8632,5.5906580430967185,1.0466070175170898,0,continue,1.4289260147832803,0
72,9,0,0.18135592217923133,0.8632,5.560394388233858,1.1520171165466309,0,continue,1.6102819369625117,0
72,10,1,0.21656279430505493,0.8632,5.505113971435679,1.1667083501815796,0,continue,1.8268447312675666,0
72,11,2,-0.190299381482454,0.8632,5.475137275708685,1.2353134155273438,0,continue,1.6365453497851126,0
72,12,0,0.2064658804406442,0.8632,5.433313329192864,1.2889642715454102,0,continue,1.8430112302257569,0
72,13,0,0.36242658207574774,0.8632,5.343864012029775,1.3806260824203491,0,continue,2.2054378123015046,0
72,14,0,0.3789443075824389,0.8632,5.274525086800032,1.4272633790969849,0,continue,2.5843821198839434,0
72,15,1,0.4867756030379655,0.8632,5.182253927868921,1.4610974788665771,0,continue,3.071157722921909,0
72,16,0,0.11376644842916057,0.8632,5.161632253239366,1.510819435119629,0,continue,3.1849241713510694,0
72,17,1,0.5023324378172719,0.8632,5.060143281070643,1.5717136859893799,0,continue,3.687256609168341,0
72,18,0,0.4120896741311128,0.8632,4.979864743665793,1.622441291809082,0,continue,4.099346283299454,0
72,19,0,0.0886460711198861,0.8632,4.965723686039953,1.7208212614059448,0,continue,4.18799235441934,0
72,20,0,0.4941129579732797,0.8632,4.871463195667327,1.7730025053024292,0,continue,4.682105312392619,0
72,21,0,0.5553212873607098,0.8632,4.767331282139177,1.8539057970046997,0,continue,5.237426599753329,0
72,22,0,0.5099090346370472,0.8632,4.670898291897143,1.9317481517791748,0,continue,5.747335634390376,0
72,23,0,0.19956632575395652,0.8632,4.633499186609744,1.9057459831237793,0,continue,5.9469019601443325,0
72,24,1,0.3816750670539267,0.8632,4.568334093638892,1.8126945495605469,0,continue,6.328577027198259,0
72,25,0,0.7507245098729329,0.8632,4.431295767325583,1.6418036222457886,0,continue,7.079301537071192,0
72,26,0,0.41389843587936687,0.8632,4.352434324356269,1.5745906829833984,0,continue,7.493199972950559,0
72,27,0,0.4045366285312885,0.8632,4.275636641178807,1.5181584358215332,0,continue,7.8977366014818475,0
72,28,1,0.4637918588552077,0.8632,4.192110423433752,1.3967103958129883,0,continue,8.361528460337055,0
72,29,0,0.48312043663440296,0.8632,4.102992664519326,1.3044276237487793,0,continue,8.844648896971458,0
72,30,0,0.47970378832767424,0.8632,4.009301283562788,1.258241057395935,0,continue,9.324352685299132,0
72,31,2,0.09881532749100799,0.8632,3.9894314307205345,1.164366602897644,0,continue,9.423168012790141,0
72,32,1,0.05458362158046602,0.8632,3.9192880487026778,1.0346003770828247,0,continue,9.477751634370607,0
72,33,0,0.306994881947728,0.8632,3.8540559136904737,0.950104296207428,0,continue,9.784746516318336,0
72,34,1,0.17422453586935838,0.8632,3.8173081777913684,0.8553025722503662,0,continue,9.958971052187694,0
72,35,1,0.3140287318291223,0.8632,3.7566020435213123,0.819019079208374,0,continue,10.272999784016816,0
72,36,0,0.43681754580825016,0.8632,3.6601285725959376,0.7463933825492859,0,continue,10.709817329825066,0
72,37,0,0.03855222161801501,0.8632,3.632058748517386,0.672881543636322,0,continue,10.748369551443082,0
72,38,1,0.4947919606233405,0.8632,3.5302972669844106,0.6174443364143372,0,continue,11.243161512066422,0
72,39,1,0.6927807168226603,0.8632,3.3891180101970195,0.5047557950019836,0,continue,11.935942228889083,0
72,40,0,0.15055537825348364,0.8632,3.3593305333241585,0.45187288522720337,0,continue,12.086497607142567,0
72,41,0,0.17734766291195164,0.8632,3.2980930423076673,0.34913793206214905,0,continue,12.263845270054519,0
72,42,0,-30.829257715682814,0.8632,3.3115151448851363,0.19958820939064026,1,crush,-18.565412445628297,0
73,1,2,-0.4657566171320356,0.8613,6.98037328308444,0.11999999731779099,0,continue,-0.4657566171320356,0
73,2,1,-0.7708690624545713,0.8613,6.9807802375652095,0.11999999731779099,0,continue,-1.2366256795866069,0
73,3,0,-0.9822881189506096,0.8613,6.980714417030129,0.11999999731779099,0,continue,-2.2189137985372165,0
73,4,1,-30.46855248216312,0.8613,6.980683160361553,0.11999999731779099,1,crush,-32.687466280700335,0
74,1,1,0.16731661558151245,0.8594,5.851850287088352,1.0562654733657837,0,continue,0.16731661558151245,0
74,2,0,0.3678332470487254,0.8594,5.7701815618141845,1.053832769393921,0,continue,0.5351498626302378,0
74,3,1,0.3166801524404592,0.8594,5.726359132613791,1.0445812940597534,0,continue,0.851830015070697,0
74,4,1,0.17236355134638126,0.8594,5.715360451591064,1.0634877681732178,0,continue,1.0241935664170783,0
74,5,0,-0.05062495703038956,0.8594,5.724337912490291,1.1039700508117676,0,continue,0.9735686093866887,0
74,6,0,0.06722447085097129,0.8594,5.746189325699398,1.1811225414276123,0,continue,1.04079308023766,0
74,7,0,0.35514058353397465,0.8594,5.756263262788368,1.2140411138534546,0,continue,1.3959336637716346,0
74,8,0,0.06659294889100041,0.8594,5.764383395046159,1.2244395017623901,0,continue,1.462526612662635,0
74,9,0,-0.17733372048995033,0.8594,5.785984823612886,1.214751958847046,0,continue,1.2851928921726847,0
74,10,0,-0.10084056602785017,0.8594,5.809305628477279,1.2031399011611938,0,continue,1.1843523261448345,0
74,11,0,-0.306398156824125,0.8594,5.856476083459874,1.209215760231018,0,continue,0.8779541693207096,0
74,12,0,-0.5450799330837859,0.8594,5.920992996777359,1.1869794130325317,0,continue,0.3328742362369237,0
74,13,2,-0.4018901030823151,0.8594,5.990229992242295,1.1840946674346924,0,continue,-0.0690158668453914,0
74,14,2,-1.259079676430418,0.8594,6.056341748272965,1.1669689416885376,0,continue,-1.3280955432758095,0
74,15,2,-0.951730828881386,0.8594,6.2449798859164485,1.0874061584472656,0,continue,-2.2798263721571956,0
74,16,0,-0.23299918913625134,0.8594,6.297998799590998,1.0423269271850586,0,continue,-2.512825561293447,0
74,17,0,-1.724430274664699,0.8594,6.470293657517905,0.9408273696899414,0,continue,-4.2372558359581465,0
74,18,1,-1.5666306056695933,0.8594,6.595851386332186,0.8272441029548645,0,continue,-5.80388644162774,0
74,19,0,-0.22319949436617348,0.8594,6.650652348339323,0.7227757573127747,0,continue,-6.027085935993913,0
74,20,2,-0.17834283789367933,0.8594,6.685732268341941,0.6664422154426575,0,continue,-6.205428773887593,0
74,21,1,-0.9954558968001528,0.8594,6.784672872821518,0.5643979907035828,0,continue,-7.200884670687746,0
74,22,0,-0.7015522032998731,0.8594,6.892793159140256,0.4805590808391571,0,continue,-7.902436873987619,0
74,23,0,-0.6376890216010198,0.8594,6.965040021651373,0.38556787371635437,0,continue,-8.54012589558864,0
74,24,1,-0.34171086472739853,0.8594,6.973110107914485,0.37896332144737244,0,continue,-8.881836760316038,0
74,25,1,-0.38098817068814606,0.8594,6.972935232644811,0.29397547245025635,0,continue,-9.262824931004184,0
74,26,2,-30.832236404850683,0.8594,6.97219057646564,0.1962648630142212,1,crush,-40.095061335854865,0
75,1,0,-0.9954997141095079,0.8575,3.7840855123147037,0.11999999731779099,0,continue,-0.9954997141095079,0
75,2,0,-0.9375445403676219,0.8575,3.783937125954847,0.11999999731779099,0,continue,-1.9330442544771298,0
75,3,2,-0.4689304882631719,0.8575,3.7840237882312455,0.11999999731779099,0,continue,-2.4019747427403018,0
75,4,0,-31.006387747644403,0.8575,3.7842332758465087,0.11999999731779099,1,crush,-33.408362490384704,0
76,1,1,0.0,0.8556,5.8326853157377245,1.069191813468933,0,continue,0.0,0
76,2,0,-0.002521548681083741,0.8556,5.832585253873065,1.0682194232940674,0,continue,-0.002521548681083741,0
76,3,0,0.18984762214167894,0.8556,5.792519460034956,1.0692161321640015,0,continue,0.1873260734605952,0
76,4,0,0.5187008646815908,0.8556,5.683857871800713,1.078591227531433,0,continue,0.706026938142186,0
76,5,2,0.8778682295306147,0.8556,5.543204277031795,1.078758955001831,0,continue,1.5838951676728006,0
76,6,0,0.2196132667653572,0.8556,5.499587198884587,1.1129361391067505,0,continue,1.8035084344381578,0
76,7,0,0.7633034163610083,0.8556,5.351949199511172,1.2083475589752197,0,continue,2.566811850799166,0
76,8,2,0.9014134061959727,0.8556,5.198796281469547,1.3418422937393188,0,continue,3.468225256995139,0
76,9,0,0.6891459374045228,0.8556,5.069027850981676,1.4519485235214233,0,continue,4.157371194399662,0
76,10,0,0.4458937426455119,0.8556,4.9901654564155375,1.5931051969528198,0,continue,4.603264937045174,0
76,11,1,0.6761434888474129,0.8556,4.85483814210603,1.7331838607788086,0,continue,5.279408425892587,0
76,12,0,0.3662406148668539,0.8556,4.790737576724709,1.8357261419296265,0,continue,5.645649040759441,0
76,13,0,0.19169140347643623,0.8556,4.7567606196061245,1.9135245084762573,0,continue,5.837340444235877,0
76,14,0,0.43655100747893844,0.8556,4.665524795937954,1.7781842947006226,0,continue,6.273891451714815,0
76,15,0,0.05711333865784405,0.8556,4.652915232956295,1.7391599416732788,0,continue,6.331004790372659,0
76,16,0,0.06530813718847574,0.8556,4.639270877743902,1.7000486850738525,0,continue,6.396312927561135,0
76,17,0,0.32295077692495777,0.8556,4.5869076088064205,1.613160252571106,0,continue,6.719263704486092,0
76,18,0,0.1033156883161698,0.8556,4.560350939218615,1.5670111179351807,0,continue,6.822579392802262,0
76,19,0,0.18928253048652155,0.8556,4.523494738493179,1.533037543296814,0,continue,7.011861923288784,0
76,20,0,0.17148812680592793,0.8556,4.492596638400004,1.467471957206726,0,continue,7.183350050094711,0
76,21,0,0.0623156629768864,0.8556,4.480817664415411,1.4219087362289429,0,continue,7.245665713071598,0
76,22,1,-0.137276641780123,0.8556,4.492555923373088,1.3529858589172363,0,continue,7.108389071291475,0
76,23,2,-0.47813312924185253,0.8556,4.521997904652236,1.2950336933135986,0,continue,6.630255942049622,0
76,24,0,-0.32170449419168035,0.8556,4.584519939192572,1.2680901288986206,0,continue,6.308551447857942,0
76,25,0,-0.15898199731273543,0.8556,4.635573789098954,1.2449928522109985,0,continue,6.149569450545207,0
76,26,0,-0.8055849748017503,0.8556,4.697668017318271,1.2275906801223755,0,continue,5.343984475743457,0
76,27,1,-0.2621706199571919,0.8556,4.7488205409602005,1.247566819190979,0,continue,5.081813855786265,0
76,28,0,0.22938248907032036,0.8556,4.750712906234143,1.2799524068832397,0,continue,5.311196344856586,0
76,29,0,-0.39616390826668646,0.8556,4.804682746954679,1.2974047660827637,0,continue,4.915032436589899,0
76,30,0,-0.4334762956881251,0.8556,4.868954117060385,1.3173694610595703,0,continue,4.481556140901774,0
76,31,0,-0.17510303934160842,0.8556,4.933916179491684,1.341514229774475,0,continue,4.306453101560166,0
76,32,0,-0.44779369213883224,0.8556,4.9910207731042835,1.3288077116012573,0,continue,3.8586594094213336,0
76,33,1,-0.24580620577282222,0.8556,4.99989379012713,1.3453190326690674,0,continue,3.6128532036485113,0
76,34,0,-0.39318791671176745,0.8556,5.038440113400998,1.3764163255691528,0,continue,3.2196652869367437,0
76,35,0,-0.35239837178805544,0.8556,5.0645240876080635,1.3841044902801514,0,continue,2.8672669151486883,0
76,36,0,-0.23663153980356877,0.8556,5.0629436656941325,1.4067291021347046,0,continue,2.6306353753451193,0
76,37,0,-0.20054073707568798,0.8556,5.054329189572193,1.413366675376892,0,continue,2.4300946382694315,0
76,38,0,-0.24757006128372902,0.8556,5.0435745507825915,1.4283744096755981,0,continue,2.1825245769857027,0
76,39,2,-0.022592429325226426,0.8556,5.004135243439203,1.4207314252853394,0,continue,2.1599321476604763,0
76,40,0,0.01006641791534546,0.8556,4.9672742457153,1.3802783489227295,0,continue,2.169998565575822,0
76,41,0,0.004631997271124316,0.8556,4.9325959994801885,1.3676141500473022,0,continue,2.174630562846946,0
76,42,0,-0.02345541257880096,0.8556,4.903541532573197,1.2921719551086426,0,continue,2.151175150268145,0
76,43,0,-0.014034278657241717,0.8556,4.876123701339424,1.1751477718353271,0,continue,2.137140871610903,0
76,44,0,-0.026048786828323817,0.8556,4.847143000431905,1.1094162464141846,0,continue,2.1110920847825794,0
76,45,0,-0.11858659323020194,0.8556,4.835742532412694,1.0557974576950073,0,continue,1.9925054915523774,0
76,46,0,-0.15595996002065618,0.8556,4.830624389541705,0.9822095632553101,0,continue,1.8365455315317212,0
76,47,0,-0.011308007702558437,0.8556,4.804569859070616,0.8637180328369141,0,continue,1.8252375238291627,0
76,48,0,-0.22463737386699,0.8556,4.786472008627871,0.7697423696517944,0,continue,1.6006001499621727,0
76,49,0,-0.12833627231587533,0.8556,4.772627719710985,0.7529706954956055,0,continue,1.4722638776462973,0
76,50,2,0.07150289738459122,0.8556,4.757410131674862,0.6540780663490295,0,continue,1.5437667750308885,0
76,51,2,0.03849759664525001,0.8556,4.748975155367754,0.5478940010070801,0,continue,1.5822643716761386,0
76,52,2,0.01631546621942715,0.8556,4.745153415464748,0.49257996678352356,0,continue,1.5985798378955658,0
76,53,0,-0.246285037956191,0.8556,4.7401783299560165,0.3673945963382721,0,continue,1.3522947999393748,0
76,54,0,-0.433130424961387,0.8556,4.748544946400853,0.29129457473754883,0,continue,0.9191643749779879,0
76,55,1,-0.22214034276631525,0.8556,4.742061063406989,0.2613700032234192,0,continue,0.6970240322116726,0
76,56,2,-30.51631196156752,0.8556,4.710082031565607,0.1998347043991089,1,crush,-29.81928792935585,0
77,1,1,-0.46767690369805465,0.8537,3.0913726925870084,0.11999999731779099,0,continue,-0.46767690369805465,0
77,2,1,-0.46137863333191464,0.8537,3.091130168715539,0.11999999731779099,0,continue,-0.9290555370299693,0
77,3,0,-1.0123174906106083,0.8537,3.091074585365514,0.11999999731779099,0,continue,-1.9413730276405776,0
77,4,0,-31.00624023520771,0.8537,3.090920312725208,0.11999999731779099,1,crush,-32.947613262848286,0
78,1,0,0.0,0.8518,6.0002860545256205,0.9048545956611633,0,continue,0.0,0
78,2,2,0.004135467799080117,0.8518,6.000284971817645,0.8974030613899231,0,continue,0.004135467799080117,0
78,3,0,0.09865007520195428,0.8518,5.980723572205429,0.9065024852752686,0,continue,0.10278554300103439,0
78,4,0,0.8553047032100443,0.8518,5.811096655781367,0.9015632271766663,0,continue,0.9580902462110786,0
78,5,0,0.8333016126431244,0.8518,5.643617599762406,0.9054189920425415,0,continue,1.791391858854203,0
78,6,0,0.12930393530812917,0.8518,5.622752114650287,0.9679404497146606,0,continue,1.9206957941623322,0
78,7,0,0.5269056996942515,0.8518,5.522536773631031,1.1121246814727783,0,continue,2.4476014938565838,0
78,8,0,0.34608929257286897,0.8518,5.450906498357708,1.2658392190933228,0,continue,2.793690786429453,0
78,9,0,0.17062134373385598,0.8518,5.417726761505588,1.3326963186264038,0,continue,2.964312130163309,0
78,10,2,0.5881430348773768,0.8518,5.319664862882175,1.3946144580841064,0,continue,3.552455165040686,0
78,11,0,0.44950489761118945,0.8518,5.2367098028440555,1.4382394552230835,0,continue,4.001960062651875,0
78,12,2,0.3029699300770374,0.8518,5.2213675122045125,1.4501222372055054,0,continue,4.304929992728913,0
78,13,2,0.7008956199763313,0.8518,5.116855147386046,1.528275489807129,0,continue,5.0058256127052445,0
78,14,0,0.47214613125684585,0.8518,5.032086959729785,1.6581186056137085,0,continue,5.47797174396209,0
78,15,0,0.38809340009931864,0.8518,4.955608285213758,1.6898468732833862,0,continue,5.866065144061409,0
78,16,0,0.3190711032339891,0.8518,4.894245345866004,1.6956605911254883,0,continue,6.185136247295398,0
78,17,1,0.4446069201550489,0.8518,4.805056227340689,1.8945907354354858,0,continue,6.629743167450448,0
78,18,0,0.5038117201534358,0.8518,4.713722824612853,1.876315951347351,0,continue,7.133554887603884,0
78,19,0,0.4621907250478593,0.8518,4.624305301250994,1.8313138484954834,0,continue,7.5957456126517435,0
78,20,0,0.32880709732733576,0.8518,4.559794176934546,1.7760745286941528,0,continue,7.924552709979079,0
78,21,0,0.5511791151808565,0.8518,4.463747034830468,1.6255048513412476,0,continue,8.475731825159937,0
78,22,1,0.6067163482595003,0.8518,4.364991164308648,1.511844515800476,0,continue,9.082448173419436,0
78,23,0,0.22921229067052692,0.8518,4.326696902439185,1.4210821390151978,0,continue,9.311660464089963,0
78,24,0,0.7869271202417283,0.8518,4.183336779754766,1.2368799448013306,0,continue,10.09858758433169,0
78,25,0,0.17189226667998983,0.8518,4.15489005699276,1.1583062410354614,0,continue,10.27047985101168,0
78,26,0,0.41288985330480593,0.8518,4.079158175304453,1.078811526298523,0,continue,10.683369704316487,0
78,27,2,0.2269807154072312,0.8518,4.033167549178208,1.0048173666000366,0,continue,10.910350419723718,0
78,28,0,0.2195068780359491,0.8518,3.9939667416533062,0.9545956254005432,0,continue,11.129857297759667,0
78,29,2,0.251005456325665,0.8518,3.943031887729082,0.9027077555656433,0,continue,11.380862754085332,0
78,30,0,0.19668798231647716,0.8518,3.914143027415144,0.7712367177009583,0,continue,11.57755073640181,0
78,31,0,0.19587913112502517,0.8518,3.8729708352087737,0.6804816126823425,0,continue,11.773429867526835,0
78,32,1,-0.08368671741207794,0.8518,3.8788040246879683,0.5993343591690063,0,continue,11.689743150114756,0
78,33,2,-0.3678762180016153,0.8518,3.886908158874049,0.5540885925292969,0,continue,11.32186693211314,0
78,34,0,-0.15450222756774856,0.8518,3.917450576119697,0.5013922452926636,0,continue,11.167364704545392,0
78,35,0,-0.3025504926529917,0.8518,3.9641510540778944,0.45344117283821106,0,continue,10.8648142118924,0
78,36,0,-0.8994959278699532,0.8518,3.984581136685189,0.4026893675327301,0,continue,9.965318284022446,0
78,37,0,-0.9192913929737875,0.8518,4.030425624706401,0.4028436541557312,0,continue,9.046026891048658,0
78,38,2,-0.3559470710296695,0.8518,4.072493322324065,0.3802012503147125,0,continue,8.690079820018989,0
78,39,0,-0.7965698673526757,0.8518,4.15408124327986,0.37581098079681396,0,continue,7.893509952666313,0
78,40,0,-1.5339494767052866,0.8518,4.199840594904234,0.36657559871673584,0,continue,6.359560475961026,0
78,41,0,-2.1418602333336163,0.8518,4.289705059862881,0.36820775270462036,0,continue,4.21770024262741,0
78,42,0,-1.359440725515972,0.8518,4.439373866047669,0.4132038652896881,0,continue,2.8582595171114384,0
78,43,2,-0.45145529123588757,0.8518,4.4849899277228324,0.4484991729259491,0,continue,2.406804225875551,0
78,44,1,-0.8316244252102662,0.8518,4.547870753058157,0.45799118280410767,0,continue,1.5751798006652846,0
78,45,2,-0.945770505588774,0.8518,4.637024854175912,0.5446218252182007,0,continue,0.6294092950765107,0
78,46,0,-0.559238146221728,0.8518,4.712736490416412,0.6606317758560181,0,continue,0.0701711488547827,0
78,47,1,-0.6263657788429231,0.8518,4.798009646184997,0.6659111380577087,0,continue,-0.5561946299881404,0
78,48,0,-0.7152666773402572,0.8518,4.905520383882357,0.7000901103019714,0,continue,-1.2714613073283976,0
78,49,0,-0.3330272395898054,0.8518,4.940716036664649,0.7826055884361267,0,continue,-1.604488546918203,0
78,50,0,-0.636397224095626,0.8518,5.025469649811487,0.8421964049339294,0,continue,-2.2408857710138292,0
78,51,0,-0.4668178119144595,0.8518,5.074737928601206,0.9286758303642273,0,continue,-2.7077035829282887,0
78,52,0,-0.40156881683882273,0.8518,5.118968105419969,1.0118366479873657,0,continue,-3.1092723997671117,0
78,53,0,-0.6409040613144115,0.8518,5.204882283409275,1.027079701423645,0,continue,-3.750176461081523,0
78,54,2,-0.5250495225217321,0.8518,5.268592941424125,1.1102805137634277,0,continue,-4.275225983603255,0
78,55,2,-1.014455427397426,0.8518,5.43029194209383,1.127211332321167,0,continue,-5.2896814110006805,0
78,56,0,-0.9282489535410345,0.8518,5.532388321703699,0.9464450478553772,0,continue,-6.217930364541715,0
78,57,0,-0.37083855178863245,0.8518,5.570806445685871,0.8837007880210876,0,continue,-6.588768916330348,0
78,58,0,-0.9611550025869606,0.8518,5.735028767988757,0.6984899044036865,0,continue,-7.549923918917308,0
78,59,0,-0.8636849727445479,0.8518,5.869367277642519,0.625728964805603,0,continue,-8.413608891661855,0
78,60,0,-0.5882410436008798,0.8518,5.949605781614087,0.442788690328598,0,continue,-9.001849935262735,0
78,61,0,-0.8210103287457882,0.8518,6.057836727289045,0.35941821336746216,0,continue,-9.822860264008522,0
78,62,1,-0.6109269296673381,0.8518,6.074697533634677,0.27324748039245605,0,continue,-10.43378719367586,0
78,63,0,-31.03553909008459,0.8518,6.0667483321981,0.1643986999988556,1,crush,-41.46932628376045,0
79,1,0,-1.0151291925640977,0.8499,6.555702551375399,0.11999999731779099,0,continue,-1.0151291925640977,0
79,2,0,-0.9748927597141104,0.8499,6.5556983733611185,0.11999999731779099,0,continue,-1.990021952278208,0
79,3,2,-0.468469814927153,0.8499,6.555692978430441,0.11999999731779099,0,continue,-2.458491767205361,0
79,4,0,-31.03036781686491,0.8499,6.555690867424606,0.11999999731779099,1,crush,-33.48885958407027,0
80,1,0,0.0,0.848,5.784142420779814,1.133386254310608,0,continue,0.0,0
80,2,2,0.4114419151359362,0.848,5.78414096193844,1.1322894096374512,0,continue,0.4114419151359362,0
80,3,2,0.9833417204593417,0.848,5.668492049366162,1.1363157033920288,0,continue,1.3947836355952778,0
80,4,1,-0.040193673470905314,0.848,5.6160940511001485,1.1252169609069824,0,continue,1.3545899621243724,0
80,5,2,0.23887533413359996,0.848,5.588851911813731,1.1249778270721436,0,continue,1.5934652962579725,0
80,6,0,0.13734248506274702,0.848,5.555061968646984,1.1636096239089966,0,continue,1.7308077813207194,0
80,7,0,0.03479076491358284,0.848,5.545246336980364,1.263793706893921,0,continue,1.7655985462343022,0
80,8,0,0.0145998601013007,0.848,5.544766484263059,1.3054264783859253,0,continue,1.780198406335603,0
80,9,0,-0.09298454680197224,0.848,5.555734208908418,1.3495045900344849,0,continue,1.6872138595336306,0
80,10,0,-0.21963770654285963,0.848,5.599683410441445,1.4010974168777466,0,continue,1.467576152990771,0
80,11,2,-0.33446440131929556,0.848,5.664601626660818,1.4136192798614502,0,continue,1.1331117516714753,0
80,12,1,-0.6082960250927869,0.848,5.712672032048657,1.4211444854736328,0,continue,0.5248157265786884,0
80,13,1,-0.11198895579277418,0.848,5.727874581268684,1.377639651298523,0,continue,0.4128267707859142,0
80,14,2,-0.31679221430732646,0.848,5.729504697248603,1.3638334274291992,0,continue,0.09603455647858772,0
80,15,1,-0.4442301643626659,0.848,5.747312681456169,1.3219980001449585,0,continue,-0.34819560788407816,0
80,16,1,-0.19622623500293748,0.848,5.7765543138486874,1.2708103656768799,0,continue,-0.5444218428870157,0
80,17,0,-0.36189881950790626,0.848,5.8279144047736375,1.2658820152282715,0,continue,-0.9063206623949219,0
80,18,0,-0.38779299596479605,0.848,5.908866694878834,1.2644319534301758,0,continue,-1.294113658359718,0
80,19,2,-0.4864215462500828,0.848,6.003253613778086,1.2635782957077026,0,continue,-1.7805352046098006,0
80,20,1,-0.6963381553698136,0.848,6.081300114715525,1.225904107093811,0,continue,-2.4768733599796144,0
80,21,2,-0.796595207485624,0.848,6.140070580510459,1.1459410190582275,0,continue,-3.2734685674652386,0
80,22,0,-0.337198170929016,0.848,6.171199288221692,1.1215479373931885,0,continue,-3.610666738394255,0
80,23,2,-0.6604639302977267,0.848,6.263206702093735,1.0981472730636597,0,continue,-4.271130668691981,0
80,24,0,-0.8070622649984827,0.848,6.349472733276487,1.0451769828796387,0,continue,-5.078192933690464,0
80,25,0,-0.44631534235035036,0.848,6.387630815266552,0.9867270588874817,0,continue,-5.524508276040814,0
80,26,0,-0.26053752118167406,0.848,6.396258667541985,0.9570325016975403,0,continue,-5.785045797222488,0
80,27,2,-1.045350918208842,0.848,6.56433734223133,0.839929461479187,0,continue,-6.8303967154313305,0
80,28,0,-0.6761164681978742,0.848,6.656571407355341,0.8109844923019409,0,continue,-7.506513183629204,0
80,29,0,-0.3856856410404368,0.848,6.688001393146425,0.802287757396698,0,continue,-7.8921988246696415,0
80,30,2,-0.6975097581764367,0.848,6.787001460849124,0.7327251434326172,0,continue,-8.589708582846079,0
80,31,0,-0.6832420258298306,0.848,6.867936722466278,0.663599967956543,0,continue,-9.27295060867591,0
80,32,0,-0.42664734015476025,0.848,6.904860219614343,0.6412007212638855,0,continue,-9.69959794883067,0
80,33,0,-0.7027737161005498,0.848,6.978552853748692,0.5615469813346863,0,continue,-10.40237166493122,0
80,34,0,-1.5182966947762784,0.848,7.053620189830838,0.5220553278923035,0,continue,-11.920668359707498,0
80,35,0,-0.45437261564641473,0.848,7.096768567087865,0.4838853180408478,0,continue,-12.375040975353913,0
80,36,0,-0.6266944387923066,0.848,7.177775501764984,0.4423169493675232,0,continue,-13.00173541414622,0
80,37,1,-0.7082012599968768,0.848,7.2502097432204735,0.36754781007766724,0,continue,-13.709936674143096,0
80,38,0,-0.36971436584557305,0.848,7.261634565663697,0.37555328011512756,0,continue,-14.079651039988669,0
80,39,0,-0.5455160577353797,0.848,7.302533696118949,0.3328103721141815,0,continue,-14.625167097724049,0
80,40,0,-2.191026589544541,0.848,7.347562375649637,0.23345492780208588,0,continue,-16.81619368726859,0
80,41,0,-32.66692720910845,0.848,7.3648737387392105,0.19748686254024506,1,crush,-49.483120896377045,0
81,1,0,-0.9146244961949266,0.8461,4.087590838863066,0.11999999731779099,0,continue,-0.9146244961949266,0
81,2,0,-1.2467531116275143,0.8461,4.102153969990351,0.11999999731779099,0,continue,-2.161377607822441,0
81,3,0,-1.0805572118574056,0.8461,4.080296727287823,0.11999999731779099,0,continue,-3.2419348196798468,0
81,4,1,-30.484720508645726,0.8461,4.080173955280977,0.11999999731779099,1,crush,-33.72665532832557,0
82,1,0,0.0,0.8442000000000001,5.3317484984228,1.570622205734253,0,continue,0.0,0
82,2,1,0.24340353044110835,0.8442000000000001,5.316441801502812,1.570191740989685,0,continue,0.24340353044110835,0
82,3,0,0.24373807773020037,0.8442000000000001,5.267493541697012,1.574479579925537,0,continue,0.4871416081713087,0
82,4,0,0.2514404939238861,0.8442000000000001,5.215967723705039,1.5657477378845215,0,continue,0.7385821020951948,0
82,5,0,0.13793966003642977,0.8442000000000001,5.177241276214982,1.5723822116851807,0,continue,0.8765217621316246,0
82,6,0,0.09690965110471489,0.8442000000000001,5.150623642429214,1.6155674457550049,0,continue,0.9734314132363395,0
82,7,0,-0.014329052673267728,0.8442000000000001,5.14895227543512,1.641564965248108,0,continue,0.9591023605630717,0
82,8,0,0.06531257766536303,0.8442000000000001,5.148379138425808,1.7041385173797607,0,continue,1.0244149382284347,0
82,9,0,0.22465001775164964,0.8442000000000001,5.1419472005177544,1.7448879480361938,0,continue,1.2490649559800844,0
82,10,2,0.0012922276106844153,0.8442000000000001,5.140615282382674,1.7840256690979004,0,continue,1.2503571835907688,0
82,11,1,-0.2389892406650702,0.8442000000000001,5.139158279593118,1.797747254371643,0,continue,1.0113679429256985,0
82,12,2,-0.2986822671376551,0.8442000000000001,5.138869050563033,1.793341040611267,0,continue,0.7126856757880434,0
82,13,2,-0.006245681711452133,0.8442000000000001,5.139406753707203,1.813988447189331,0,continue,0.7064399940765913,0
82,14,0,-0.058797965348720935,0.8442000000000001,5.1422824799243,1.8182635307312012,0,continue,0.6476420287278704,0
82,15,2,-0.041545951694291275,0.8442000000000001,5.149868298391661,1.8432800769805908,0,continue,0.606096077033579,0
82,16,0,-0.0684307337710441,0.8442000000000001,5.159570857578905,1.8464875221252441,0,continue,0.5376653432625349,0
82,17,0,-0.039570143815732504,0.8442000000000001,5.165773504187221,1.8578708171844482,0,continue,0.4980951994468024,0
82,18,2,-0.0626279100256331,0.8442000000000001,5.177726863607337,1.8707091808319092,0,continue,0.4354672894211693,0
82,19,0,-0.08774075692426392,0.8442000000000001,5.194682035975957,1.8784236907958984,0,continue,0.3477265324969054,0
82,20,1,-0.1039362599380422,0.8442000000000001,5.214739894121316,1.9073470830917358,0,continue,0.24379027255886318,0
82,21,0,-0.11108478576208686,0.8442000000000001,5.234330137856074,1.911644458770752,0,continue,0.13270548679677632,0
82,22,0,-0.032852996101886654,0.8442000000000001,5.239525163011344,1.9268333911895752,0,continue,0.09985249069488966,0
82,23,0,-0.1634109118822714,0.8442000000000001,5.267557812036809,1.9219727516174316,0,continue,-0.06355842118738173,0
82,24,2,-0.39383004941910027,0.8442000000000001,5.3054289805799275,1.9010924100875854,0,continue,-0.457388470606482,0
82,25,0,-0.38259740676474563,0.8442000000000001,5.34063344780611,1.903957724571228,0,continue,-0.8399858773712277,0
82,26,0,-0.28796561943292165,0.8442000000000001,5.356114929177557,1.8881129026412964,0,continue,-1.1279514968041493,0
82,27,1,-0.40017308098799265,0.8442000000000001,5.395435890057632,1.8716702461242676,0,continue,-1.528124577792142,0
82,28,0,-0.38380234814907205,0.8442000000000001,5.432230076473155,1.8462785482406616,0,continue,-1.911926925941214,0
82,29,2,-0.414094655019434,0.8442000000000001,5.474383435345807,1.8099043369293213,0,continue,-2.326021580960648,0
82,30,0,-0.40032012433154396,0.8442000000000001,5.509016476972894,1.6540406942367554,0,continue,-2.726341705292192,0
82,31,1,-0.4189987113637762,0.8442000000000001,5.552244079304164,1.4943329095840454,0,continue,-3.145340416655968,0
82,32,2,-0.624907231374749,0.8442000000000001,5.5769056686526906,1.4152472019195557,0,continue,-3.770247648030717,0
82,33,1,-0.5333136537464632,0.8442000000000001,5.583481620627813,1.4204518795013428,0,continue,-4.30356130177718,0
82,34,0,-0.3849181095868792,0.8442000000000001,5.611830254692611,1.3043426275253296,0,continue,-4.688479411364059,0
82,35,0,-0.25666387721492395,0.8442000000000001,5.610883122553853,1.1992740631103516,0,continue,-4.945143288578984,0
82,36,0,-0.15179474402568502,0.8442000000000001,5.595132871941503,1.1456722021102905,0,continue,-5.096938032604669,0
82,37,0,0.03448288338243369,0.8442000000000001,5.560955775937182,1.0602208375930786,0,continue,-5.062455149222235,0
82,38,0,-0.11796731058868143,0.8442000000000001,5.555182601050774,0.9964645504951477,0,continue,-5.1804224598109165,0
82,39,0,-0.5429969344266254,0.8442000000000001,5.563515186072851,0.9310406446456909,0,continue,-5.723419394237542,0
82,40,0,-0.37376367251814235,0.8442000000000001,5.585588861902818,0.912250816822052,0,continue,-6.097183066755685,0
82,41,0,-0.09722487730842627,0.8442000000000001,5.581477438386002,0.8723462224006653,0,continue,-6.194407944064111,0
82,42,1,-0.15159817485788016,0.8442000000000001,5.57140619415486,0.8310470581054688,0,continue,-6.346006118921991,0
82,43,2,-0.3729144036676311,0.8442000000000001,5.543691427625249,0.7912906408309937,0,continue,-6.718920522589623,0
82,44,2,-0.10897873014113901,0.8442000000000001,5.5131365449529595,0.7318876385688782,0,continue,-6.827899252730762,0
82,45,0,-0.2858350363955178,0.8442000000000001,5.469736911092854,0.6803252696990967,0,continue,-7.11373428912628,0
82,46,0,0.3893267973216949,0.8442000000000001,5.3488693340774125,0.6258876323699951,0,continue,-6.724407491804586,0
82,47,2,0.3528729432466926,0.8442000000000001,5.2744890549644525,0.5812366604804993,0,continue,-6.371534548557893,0
82,48,1,0.3348662477967537,0.8442000000000001,5.251352911098425,0.5866000056266785,0,continue,-6.036668300761139,0
82,49,0,0.5951665034065483,0.8442000000000001,5.201181354786102,0.5585663914680481,0,continue,-5.441501797354591,0
82,50,0,0.09947295838846305,0.8442000000000001,5.121167088474413,0.530125081539154,0,continue,-5.342028838966128,0
82,51,1,0.5714421636523038,0.8442000000000001,5.106305846014812,0.5255132913589478,0,continue,-4.770586675313824,0
82,52,0,0.5571458744497249,0.8442000000000001,4.984900538519858,0.520925760269165,0,continue,-4.213440800864099,0
82,53,0,-0.6945627133257322,0.8442000000000001,4.825587344566962,0.5086520314216614,0,continue,-4.908003514189831,0
82,54,1,0.5533695660568574,0.8442000000000001,4.78056855554306,0.509732723236084,0,continue,-4.354633948132974,0
82,55,2,0.3560666714363084,0.8442000000000001,4.6493552212557985,0.5747577548027039,0,continue,-3.998567276696665,0
82,56,0,0.6321773594779251,0.8442000000000001,4.5335134938797585,0.6477735042572021,0,continue,-3.36638991721874,0
82,57,0,0.22350146134733612,0.8442000000000001,4.489947178967055,0.6884295344352722,0,continue,-3.142888455871404,0
82,58,0,0.3827783577054917,0.8442000000000001,4.409074327162499,0.7306930422782898,0,continue,-2.7601100981659124,0
82,59,1,0.2376822439254108,0.8442000000000001,4.367628771194301,0.8052549362182617,0,continue,-2.5224278542405014,0
82,60,0,0.287425082540308,0.8442000000000001,4.311965477180477,0.8517984747886658,0,continue,-2.2350027717001932,0
82,61,2,0.6167808749796202,0.8442000000000001,4.185876573113864,0.8888852596282959,0,continue,-1.618221896720573,0
82,62,2,0.6852848544464021,0.8442000000000001,4.044905090413661,0.9464040398597717,0,continue,-0.932937042274171,0
82,63,2,-0.0036109975404920325,0.8442000000000001,4.0433461310531635,0.9521932005882263,0,continue,-0.936548039814663,0
82,64,2,0.3632522782981572,0.8442000000000001,3.9672987524023737,0.8540825843811035,0,continue,-0.5732957615165057,0
82,65,0,0.3799268845345584,0.8442000000000001,3.891588056148235,0.709772527217865,0,continue,-0.19336887698194732,0
82,66,2,0.23949281240602524,0.8442000000000001,3.8347506286925097,0.6783795356750488,0,continue,0.046123935424077916,0
82,67,2,0.2753298707863923,0.8442000000000001,3.7789979345076197,0.6324606537818909,0,continue,0.32145380621047026,0
82,68,0,0.6527881575452982,0.8442000000000001,3.6621336661411577,0.5558696389198303,0,continue,0.9742419637557684,0
82,69,0,0.7211638392423092,0.8442000000000001,3.544076228730775,0.517835259437561,0,continue,1.6954058029980776,0
82,70,0,0.6731114013797531,0.8442000000000001,3.4563065865705562,0.49281787872314453,0,continue,2.368517204377831,0
82,71,0,0.07144398307534451,0.8442000000000001,3.4197670398540088,0.4742363691329956,0,continue,2.4399611874531755,0
82,72,0,0.42861079427246634,0.8442000000000001,3.3188248417872117,0.46200263500213623,0,continue,2.868571981725642,0
82,73,0,0.6615818641651525,0.8442000000000001,3.194691131947599,0.47286927700042725,0,continue,3.530153845890794,0
82,74,0,-1.1247245500524599,0.8442000000000001,3.092060344059226,0.5386344194412231,0,continue,2.405429295838334,0
82,75,0,-0.37642517076051984,0.8442000000000001,3.0712701366456256,0.561182975769043,0,continue,2.0290041250778144,0
82,76,0,0.5251846556304244,0.8442000000000001,2.9588550874813633,0.6352258920669556,0,continue,2.554188780708239,0
82,77,0,1.014987698515515,0.8442000000000001,2.7739608539197094,0.7896773815155029,0,continue,3.5691764792237537,0
82,78,0,0.2688952551478516,0.8442000000000001,2.7228026220367383,0.8110528588294983,0,continue,3.8380717343716055,0
82,79,1,0.31221293700964137,0.8442000000000001,2.657649973744886,0.8918982148170471,0,continue,4.150284671381247,0
82,80,0,0.3381729836321348,0.8442000000000001,2.5895991890746757,0.9667118191719055,0,continue,4.488457655013382,0
82,81,0,0.22070416974911725,0.8442000000000001,2.551043948292775,1.1112394332885742,0,continue,4.709161824762499,0
82,82,0,0.39725599505757314,0.8442000000000001,2.474149473707892,1.1431772708892822,0,continue,5.106417819820072,0
82,83,2,0.6147804294929874,0.8442000000000001,2.3682034170654718,1.2042510509490967,0,continue,5.721198249313059,0
82,84,2,0.41848149280248936,0.8442000000000001,2.3217102749351626,1.2668991088867188,0,continue,6.139679742115549,0
82,85,2,0.6595179950492212,0.8442000000000001,2.205719537951557,1.2937220335006714,0,continue,6.79919773716477,0
82,86,1,0.10107880668054389,0.8442000000000001,2.1252845528577704,1.3383636474609375,0,continue,6.9002765438453135,0
82,87,0,0.287588771461609,0.8442000000000001,2.0705619453086723,1.3743788003921509,0,continue,7.187865315306922,0
82,88,0,0.3093463915965706,0.8442000000000001,2.000075612296541,1.404414415359497,0,continue,7.497211706903493,0
82,89,0,0.07449672748542066,0.8442000000000001,1.9850322233484843,1.4806809425354004,0,continue,7.571708434388913,0
82,90,1,0.4726909457803454,0.8442000000000001,1.8895057111335543,1.5173202753067017,0,continue,8.044399380169258,0
82,91,0,0.4731541228326895,0.8442000000000001,1.7976505467842177,1.5425949096679688,0,continue,8.517553503001947,0
82,92,0,0.19964612805834267,0.8442000000000001,1.7644817165343254,1.577077865600586,0,continue,8.71719963106029,0
82,93,0,0.2792296831324158,0.8442000000000001,1.694311360753654,1.5858547687530518,0,continue,8.996429314192705,0
82,94,0,0.3771559581530312,0.8442000000000001,1.6137131706248977,1.69960355758667,0,continue,9.373585272345736,0
82,95,0,0.07519478589931379,0.8442000000000001,1.6025490490164265,1.7941325902938843,0,continue,9.448780058245049,0
82,96,2,0.647081714901421,0.8442000000000001,1.4728120413056818,1.8591876029968262,0,continue,10.09586177314647,0
82,97,2,0.8912962985367837,0.8442000000000001,1.291120631234983,1.908440351486206,0,continue,10.987158071683254,0
82,98,0,0.3178912417332695,0.8442000000000001,1.2292870097411408,1.9084807634353638,0,continue,11.305049313416523,0
82,99,1,0.49297237548415446,0.8442000000000001,1.1281723415048535,1.8450666666030884,0,continue,11.798021688900677,0
82,100,2,0.11261025301320048,0.8442000000000001,1.0319432832880355,1.7814178466796875,0,continue,11.910631941913877,0
82,101,1,-0.1854653263704018,0.8442000000000001,1.0218490294632605,1.7628322839736938,0,continue,11.725166615543476,0
82,102,0,0.7005846986266807,0.8442000000000001,0.9321768542683738,1.7050710916519165,0,continue,12.425751314170157,0
82,103,2,0.5537419894148417,0.8442000000000001,0.852104231643427,1.6416689157485962,0,continue,12.979493303584999,0
82,104,0,0.21847079993302154,0.8442000000000001,0.8194896386923513,1.6473443508148193,0,continue,13.19796410351802,0
82,105,2,0.3938350337858388,0.8442000000000001,0.7667210041377194,1.5964380502700806,0,continue,13.591799137303859,0
82,106,0,0.5258702557048068,0.8442000000000001,0.7013901054753807,1.5244789123535156,0,continue,14.117669393008665,0
82,107,0,0.21410531689032247,0.8442000000000001,0.6611509620001305,1.4761958122253418,0,continue,14.331774709898987,0
82,108,0,0.3626247091437509,0.8442000000000001,0.6131519722822267,1.4523330926895142,0,continue,14.694399419042737,0
82,109,0,0.7760144376473123,0.8442000000000001,0.5127730398177629,1.42942214012146,0,continue,15.47041385669005,0
82,110,1,0.7317885015335308,0.8442000000000001,0.4247891443250411,1.3887512683868408,0,continue,16.20220235822358,0
82,111,2,0.23061402692821342,0.8442000000000001,0.34960411667038926,1.3544187545776367,0,continue,16.432816385151792,0
82,112,1,-0.13587610487291127,0.8442000000000001,0.32796433403225944,1.3339509963989258,0,continue,16.296940280278882,0
82,113,0,40.2747140104321,0.8442000000000001,0.2933913549342799,1.2446309328079224,1,reach,56.57165429071098,0
83,1,0,-1.0379696775408662,0.8423,3.1554881886678197,0.11999999731779099,0,continue,-1.0379696775408662,0
83,2,0,-1.0010673196086068,0.8423,3.1554895359585817,0.11999999731779099,0,continue,-2.039036997149473,0
83,3,1,-0.4685036621933368,0.8423,3.1554910177898794,0.11999999731779099,0,continue,-2.50754065934281,0
83,4,0,-31.00221656944981,0.8423,3.15550827804812,0.11999999731779099,1,crush,-33.50975722879262,0
84,1,1,0.15527141094207764,0.8404,5.839118660464766,1.072153925895691,0,continue,0.15527141094207764,0
84,2,0,-0.011837768113975322,0.8404,5.839121174405775,1.0705846548080444,0,continue,0.1434336428281023,0
84,3,0,0.18413983076847154,0.8404,5.802722808474853,1.0647451877593994,0,continue,0.32757347359657385,0
84,4,0,0.06911748721411823,0.8404,5.78136033796553,1.0639007091522217,0,continue,0.3966909608106921,0
84,5,1,0.14770356964293424,0.8404,5.777390253996214,1.071822166442871,0,continue,0.5443945304536264,0
84,6,1,0.5903604471117978,0.8404,5.68688236231245,1.0601353645324707,0,continue,1.1347549775654242,0
84,7,0,0.5682038480382153,0.8404,5.57292844642214,1.1168992519378662,0,continue,1.7029588256036394,0
84,8,0,0.40839098130702306,0.8404,5.508205840202303,1.1779147386550903,0,continue,2.1113498069106624,0
84,9,0,0.42219488550657847,0.8404,5.430791739630128,1.3030661344528198,0,continue,2.533544692417241,0
84,10,2,0.5256497242762808,0.8404,5.32510997771801,1.4101219177246094,0,continue,3.0591944166935217,0
84,11,0,0.07010957417172768,0.8404,5.306577698248846,1.4356484413146973,0,continue,3.129303990865249,0
84,12,2,0.4401878342818638,0.8404,5.217780267772133,1.5299687385559082,0,continue,3.569491825147113,0
84,13,0,0.4687696847071719,0.8404,5.131048798824342,1.624145746231079,0,continue,4.038261509854285,0
84,14,0,0.20339604849062418,0.8404,5.0925018019749,1.6842056512832642,0,continue,4.24165755834491,0
84,15,0,0.07225942021160998,0.8404,5.07107085737816,1.7926682233810425,0,continue,4.31391697855652,0
84,16,1,-0.16327598455478798,0.8404,5.093849995564975,1.8654556274414062,0,continue,4.150640994001732,0
84,17,0,-0.046113810734332156,0.8404,5.110089449618457,1.910951852798462,0,continue,4.1045271832673995,0
84,18,0,-0.11821398484369101,0.8404,5.145963468919743,1.9145054817199707,0,continue,3.9863131984237086,0
84,19,0,-0.49825442758307403,0.8404,5.197869516640678,1.906648874282837,0,continue,3.4880587708406345,0
84,20,0,-0.5129442984137839,0.8404,5.264816807768497,1.9062482118606567,0,continue,2.9751144724268506,0
84,21,0,-0.23217056653173018,0.8404,5.301663603789756,1.9062323570251465,0,continue,2.74294390589512,0
84,22,2,-0.13831880588465256,0.8404,5.329087225455481,1.9302382469177246,0,continue,2.6046251000104674,0
84,23,0,-0.6010977280560056,0.8404,5.454538685463189,1.9096496105194092,0,continue,2.003527371954462,0
84,24,0,-0.7546637721727764,0.8404,5.606798389093653,1.853796124458313,0,continue,1.2488635997816857,0
84,25,0,-0.6694855481081579,0.8404,5.740883803709549,1.8363440036773682,0,continue,0.5793780516735278,0
84,26,0,-0.26072283259182555,0.8404,5.761649340676195,1.7221072912216187,0,continue,0.3186552190817023,0
84,27,0,-0.811513073766327,0.8404,5.894717706014256,1.576350450515747,0,continue,-0.4928578546846247,0
84,28,0,-0.9514856263087725,0.8404,6.056385560273664,1.4453154802322388,0,continue,-1.4443434809933973,0
84,29,1,-0.6093166735392525,0.8404,6.138159794424402,1.3962363004684448,0,continue,-2.0536601545326496,0
84,30,0,-0.5103012902658952,0.8404,6.20929476872246,1.3034359216690063,0,continue,-2.5639614447985446,0
84,31,0,-0.7772109131684635,0.8404,6.335113224292106,1.1686826944351196,0,continue,-3.3411723579670083,0
84,32,1,-0.9028059439509206,0.8404,6.475622259780176,1.0686925649642944,0,continue,-4.243978301917929,0
84,33,2,-0.5701624348693584,0.8404,6.489582466618135,1.0187126398086548,0,continue,-4.814140736787287,0
84,34,1,-0.9826940950001319,0.8404,6.580663461505043,0.8933639526367188,0,continue,-5.796834831787419,0
84,35,0,-0.5644109697516562,0.8404,6.652742828560516,0.7387890219688416,0,continue,-6.361245801539075,0
84,36,0,-0.43973625751615714,0.8404,6.696604820295298,0.6971860527992249,0,continue,-6.800982059055232,0
84,37,1,-0.5228922173309855,0.8404,6.760102959958032,0.63374924659729,0,continue,-7.323874276386218,0
84,38,0,-0.5322315692958142,0.8404,6.844537833640087,0.5446376800537109,0,continue,-7.856105845682032,0
84,39,0,-0.3769348776799497,0.8404,6.8644965385828245,0.5113674998283386,0,continue,-8.233040723361983,0
84,40,0,-0.3794211094085683,0.8404,6.902943398773784,0.5005921125411987,0,continue,-8.61246183277055,0
84,41,1,-0.4064447473559992,0.8404,6.934710016097781,0.4680374264717102,0,continue,-9.01890658012655,0
84,42,2,-0.6461789950773276,0.8404,6.946619171803808,0.43081730604171753,0,continue,-9.665085575203879,0
84,43,2,-0.2700142505353309,0.8404,6.9476468507457785,0.40317949652671814,0,continue,-9.93509982573921,0
84,44,2,-0.617729505280193,0.8404,7.003598736869307,0.3648003041744232,0,continue,-10.552829331019403,0
84,45,2,-0.45509944787246065,0.8404,7.028038542591712,0.33594194054603577,0,continue,-11.007928778891864,0
84,46,2,-0.45620997199840224,0.8404,7.05343837977744,0.3389925956726074,0,continue,-11.464138750890267,0
84,47,0,-0.3684870940850637,0.8404,7.098113024556577,0.3533080220222473,0,continue,-11.83262584497533,0
84,48,1,-0.5194144543179919,0.8404,7.138165052993359,0.3522719442844391,0,continue,-12.352040299293323,0
84,49,0,-0.6500031669885771,0.8404,7.177164873844454,0.3479330539703369,0,continue,-13.0020434662819,0
84,50,0,-0.20104666959309497,0.8404,7.177097538723068,0.3562414348125458,0,continue,-13.203090135874996,0
84,51,0,-0.7119376800275306,0.8404,7.238149395087696,0.35364073514938354,0,continue,-13.915027815902526,0
84,52,0,-0.524437869211617,0.8404,7.278814431725614,0.3532041013240814,0,continue,-14.439465685114143,0
84,53,0,-0.4731631255531777,0.8404,7.313042790492738,0.3498696982860565,0,continue,-14.912628810667321,0
84,54,0,-0.63457192586454,0.8404,7.363738099461052,0.36198481917381287,0,continue,-15.547200736531861,0
84,55,1,-0.5040391697695624,0.8404,7.39459521472393,0.3573824465274811,0,continue,-16.051239906301422,0
84,56,2,-0.9454769421050373,0.8404,7.460866873630351,0.36057838797569275,0,continue,-16.99671684840646,0
84,57,0,0.008326571243245373,0.8404,7.589715525180629,0.3601762354373932,0,continue,-16.988390277163216,0
84,58,2,-0.7616531561051159,0.8404,7.672293869446267,0.332969069480896,0,continue,-17.75004343326833,0
84,59,0,-1.0369134702634453,0.8404,7.7458147479174215,0.3262891173362732,0,continue,-18.786956903531777,0
84,60,0,-0.5974135695024536,0.8404,7.775094550831737,0.26298555731773376,0,continue,-19.38437047303423,0
84,61,2,-30.601489302088616,0.8404,7.7693579677891735,0.17022675275802612,1,crush,-49.98585977512285,0
85,1,0,-1.02529887745103,0.8385,3.4137192075729716,0.11999999731779099,0,continue,-1.02529887745103,0
85,2,0,-0.99126750368481,0.8385,3.413720230898504,0.11999999731779099,0,continue,-2.0165663811358403,0
85,3,0,-1.028921394505898,0.8385,3.4137206432080207,0.11999999731779099,0,continue,-3.045487775641738,0
85,4,0,-31.019246281365504,0.8385,3.413721317367002,0.11999999731779099,1,crush,-34.06473405700724,0
86,1,0,0.0,0.8366,6.000287330539934,0.8952332139015198,0,continue,0.0,0
86,2,2,0.006228723656719426,0.8366,5.999273301530742,0.9080753922462463,0,continue,0.006228723656719426,0
86,3,0,1.0264948647424763,0.8366,5.793553971097097,0.8946079611778259,0,continue,1.0327235883991956,0
86,4,0,0.5030108745535642,0.8366,5.693386397427162,0.9029678106307983,0,continue,1.5357344629527598,0
86,5,0,0.288332473691552,0.8366,5.638830941096511,0.9572383165359497,0,continue,1.8240669366443119,0
86,6,2,0.4337298509319737,0.8366,5.536520654585512,1.151276707649231,0,continue,2.2577967875762854,0
86,7,2,0.30845382833512663,0.8366,5.464788465439358,1.2147550582885742,0,continue,2.5662506159114122,0
86,8,0,0.11631256518069438,0.8366,5.4351312908026115,1.2930570840835571,0,continue,2.6825631810921067,0
86,9,2,0.2941312910168258,0.8366,5.423723285684048,1.375877857208252,0,continue,2.9766944721089326,0
86,10,1,0.016725384403263065,0.8366,5.358432598774526,1.4436570405960083,0,continue,2.9934198565121957,0
86,11,0,0.22748621911509934,0.8366,5.313886142430716,1.48825204372406,0,continue,3.220906075627295,0
86,12,0,0.176932659821319,0.8366,5.279039248673339,1.5030356645584106,0,continue,3.397838735448614,0
86,13,1,0.17721274239239282,0.8366,5.243470779307011,1.5678786039352417,0,continue,3.575051477841007,0
86,14,0,0.2963335261603471,0.8366,5.190490476789818,1.6410070657730103,0,continue,3.871385004001354,0
86,15,0,0.07242515443878449,0.8366,5.177355732198717,1.6701442003250122,0,continue,3.9438101584401384,0
86,16,1,0.17054681205344968,0.8366,5.142311671744238,1.7429395914077759,0,continue,4.1143569704935885,0
86,17,0,0.19041879546167956,0.8366,5.109792591493523,1.8094474077224731,0,continue,4.304775765955268,0
86,18,0,0.012422176342195668,0.8366,5.10695761371272,1.8111873865127563,0,continue,4.317197942297464,0
86,19,1,0.028920081819073174,0.8366,5.100747771104579,1.851014256477356,0,continue,4.346118024116538,0
86,20,0,-0.012678661993420798,0.8366,5.096820585296425,1.915576696395874,0,continue,4.333439362123117,0
86,21,0,-0.12169272398876493,0.8366,5.111863812964856,1.9258701801300049,0,continue,4.211746638134351,0
86,22,0,-0.0470294777888296,0.8366,5.119725934248794,1.922677755355835,0,continue,4.164717160345521,0
86,23,0,-0.18755024844559914,0.8366,5.1597429206509755,1.8896573781967163,0,continue,3.977166911899922,0
86,24,2,-0.4091536816269762,0.8366,5.225483900892435,1.8784154653549194,0,continue,3.568013230272946,0
86,25,0,-0.32114232561455547,0.8366,5.302426779976401,1.8676209449768066,0,continue,3.246870904658391,0
86,26,0,-0.2776638497255452,0.8366,5.3090097138233565,1.887241244316101,0,continue,2.9692070549328458,0
86,27,0,-0.3747386050979626,0.8366,5.362436049570628,1.899080753326416,0,continue,2.594468449834883,0
86,28,1,-1.1921418435535607,0.8366,5.558777384636827,1.9067844152450562,0,continue,1.4023266062813224,0
86,29,0,-0.9532890400399332,0.8366,5.7077853140116925,1.8822925090789795,0,continue,0.44903756624138924,0
86,30,0,-0.2459780486294288,0.8366,5.721112817021112,1.7989184856414795,0,continue,0.20305951761196045,0
86,31,1,-1.550197683757755,0.8366,5.807703896621106,1.6682865619659424,0,continue,-1.3471381661457944,0
86,32,0,-0.5861007233984834,0.8366,5.883905868736982,1.5255117416381836,0,continue,-1.9332388895442778,0
86,33,0,-0.49100976551216763,0.8366,5.937555719615026,1.4921470880508423,0,continue,-2.4242486550564455,0
86,34,0,-0.25107797391036857,0.8366,5.947405096021241,1.460868000984192,0,continue,-2.675326628966814,0
86,35,0,-0.4306173419532634,0.8366,5.995859761841979,1.3925436735153198,0,continue,-3.105943970920077,0
86,36,0,-0.5599603258769474,0.8366,6.054399080016578,1.3230557441711426,0,continue,-3.6659042967970246,0
86,37,0,-0.3345172292729284,0.8366,6.088916614405155,1.2615561485290527,0,continue,-4.000421526069953,0
86,38,1,-0.7975344785399179,0.8366,6.204784169955345,1.2247568368911743,0,continue,-4.797956004609871,0
86,39,0,-0.7765066808837406,0.8366,6.319340752282516,1.1795175075531006,0,continue,-5.574462685493612,0
86,40,1,-0.47656417691339703,0.8366,6.373782486770489,1.1191390752792358,0,continue,-6.051026862407008,0
86,41,0,-0.49024764050716424,0.8366,6.444067808969836,1.0478732585906982,0,continue,-6.541274502914172,0
86,42,2,-1.0008802792462332,0.8366,6.603829382975131,0.8879460096359253,0,continue,-7.542154782160406,0
86,43,2,-0.8234010613389906,0.8366,6.7284445512563416,0.8113127946853638,0,continue,-8.365555843499397,0
86,44,2,-0.4000103283157779,0.8366,6.768367116846036,0.7612252235412598,0,continue,-8.765566171815175,0
86,45,0,-0.5445007107420716,0.8366,6.84615380568438,0.6159093976020813,0,continue,-9.310066882557248,0
86,46,2,-1.466587099907989,0.8366,6.920351226945176,0.46562305092811584,0,continue,-10.776653982465238,0
86,47,0,-0.6040277932723848,0.8366,6.984634693562828,0.4218893349170685,0,continue,-11.380681775737623,0
86,48,0,-0.5859313465459064,0.8366,7.035304374543504,0.3680558204650879,0,continue,-11.96661312228353,0
86,49,0,-0.46458693414417757,0.8366,7.0425008106023235,0.3169802129268646,0,continue,-12.431200056427707,0
86,50,2,-0.7993518490405411,0.8366,7.105299297217303,0.23519563674926758,0,continue,-13.230551905468248,0
86,51,0,-32.695551265730515,0.8366,7.162738360748121,0.1946016252040863,1,crush,-45.92610317119876,0
87,1,2,-0.4684954691859163,0.8347,6.112553198379276,0.11999999731779099,0,continue,-0.4684954691859163,0
87,2,2,-0.47060180435871113,0.8347,6.112878655773598,0.11999999731779099,0,continue,-0.9390972735446275,0
87,3,0,-1.0486113900294076,0.8347,6.113061037555783,0.11999999731779099,0,continue,-1.987708663574035,0
87,4,0,-31.024863938578733,0.8347,6.113028980793997,0.11999999731779099,1,crush,-33.012572602152765,0
88,1,0,0.0,0.8328,5.811516665686179,1.0934154987335205,0,continue,0.0,0
88,2,2,0.4194165573617567,0.8328,5.811380177034382,1.097761869430542,0,continue,0.4194165573617567,0
88,3,0,0.26922326239624533,0.8328,5.757033599994918,1.0986403226852417,0,continue,0.688639819758002,0
88,4,1,0.5170402811864534,0.8328,5.653405121315228,1.099065899848938,0,continue,1.2056801009444555,0
88,5,0,0.15592007211480557,0.8328,5.622450064101408,1.1035391092300415,0,continue,1.361600173059261,0
88,6,0,0.1991625493614255,0.8328,5.5830492671927905,1.143396258354187,0,continue,1.5607627224206866,0
88,7,0,0.151691246370054,0.8328,5.549797492595302,1.2128486633300781,0,continue,1.7124539687907405,0
88,8,0,0.03465573450274673,0.8328,5.538085232871591,1.295003890991211,0,continue,1.7471097032934872,0
88,9,0,-0.021096162976605503,0.8328,5.543228806131347,1.3072584867477417,0,continue,1.7260135403168817,0
88,10,0,-0.030340551208300502,0.8328,5.546855808401413,1.3577849864959717,0,continue,1.695672989108581,0
88,11,1,-0.016138098259608567,0.8328,5.54781308749642,1.4111183881759644,0,continue,1.6795348908489725,0
88,12,0,0.039280387503688105,0.8328,5.549950394730289,1.4227533340454102,0,continue,1.7188152783526605,0
88,13,0,-0.03892612575053063,0.8328,5.53291366258977,1.3936964273452759,0,continue,1.6798891526021298,0
88,14,2,0.4287128407142464,0.8328,5.48723624418306,1.4297475814819336,0,continue,2.108601993316376,0
88,15,0,0.14294052770121646,0.8328,5.457976393053278,1.4375214576721191,0,continue,2.2515425210175923,0
88,16,0,0.32178563100527446,0.8328,5.3721588447582524,1.441725254058838,0,continue,2.573328152022867,0
88,17,0,0.37939355148045506,0.8328,5.295680102500851,1.455887794494629,0,continue,2.9527217035033217,0
88,18,0,0.2842849103002839,0.8328,5.244750506531815,1.5001544952392578,0,continue,3.2370066138036058,0
88,19,2,0.584706505701674,0.8328,5.165757561624181,1.546298861503601,0,continue,3.82171311950528,0
88,20,0,0.4718833722376906,0.8328,5.0828476991237075,1.6649528741836548,0,continue,4.293596491742971,0
88,21,2,0.17324978468525068,0.8328,5.065319512439931,1.7269177436828613,0,continue,4.466846276428221,0
88,22,2,0.25261144740247976,0.8328,5.0250353199368565,1.813723087310791,0,continue,4.7194577238307005,0
88,23,0,0.3697612304393944,0.8328,4.957352870499126,1.8963229656219482,0,continue,5.089218954270095,0
88,24,0,0.3636760797732798,0.8328,4.890881432255467,1.9023592472076416,0,continue,5.452895034043374,0
88,25,0,0.3359194692241159,0.8328,4.827510659850075,1.8694539070129395,0,continue,5.78881450326749,0
88,26,0,0.30735677452496013,0.8328,4.772503235379097,1.7756335735321045,0,continue,6.09617127779245,0
88,27,0,0.40814394196713744,0.8328,4.700058381998234,1.661556601524353,0,continue,6.5043152197595875,0
88,28,0,0.3736053536957723,0.8328,4.6301741010310495,1.5878498554229736,0,continue,6.87792057345536,0
88,29,0,0.0854802261304893,0.8328,4.615568477768259,1.5474395751953125,0,continue,6.963400799585849,0
88,30,2,0.11914000309481368,0.8328,4.59153182198994,1.471761703491211,0,continue,7.082540802680663,0
88,31,0,0.3874539499274281,0.8328,4.5256280839712275,1.3362832069396973,0,continue,7.469994752608091,0
88,32,0,0.33291061718406334,0.8328,4.462160095174754,1.2709935903549194,0,continue,7.802905369792154,0
88,33,0,0.266857411312673,0.8328,4.411244534230328,1.258771538734436,0,continue,8.069762781104828,0
88,34,0,0.060074798963412154,0.8328,4.403552760710363,1.207898736000061,0,continue,8.12983758006824,0
88,35,0,0.39235256293335613,0.8328,4.334893829195501,1.0842204093933105,0,continue,8.522190143001596,0
88,36,0,0.3492396974184235,0.8328,4.27296120763478,0.9555580019950867,0,continue,8.87142984042002,0
88,37,0,0.2412403732516608,0.8328,4.2273224964535405,0.9191101789474487,0,continue,9.11267021367168,0
88,38,0,0.21335508793504213,0.8328,4.188335553561596,0.8103633522987366,0,continue,9.326025301606723,0
88,39,0,0.3903691176590988,0.8328,4.106491335766176,0.6526349782943726,0,continue,9.716394419265821,0
88,40,1,0.20251568143710427,0.8328,4.065674082473829,0.5805346965789795,0,continue,9.918910100702925,0
88,41,0,0.39279800546786264,0.8328,3.899514641891129,0.49200448393821716,0,continue,10.311708106170789,0
88,42,0,0.06113001762360874,0.8328,3.7743872516280508,0.3777157664299011,0,continue,10.372838123794399,0
88,43,0,-0.14114184256261697,0.8328,3.7637608555109727,0.3619648218154907,0,continue,10.231696281231782,0
88,44,0,-0.4350741444199211,0.8328,3.75895244222561,0.24710597097873688,0,continue,9.79662213681186,0
88,45,0,-31.13453222084159,0.8328,3.7575985403582113,0.11999999731779099,1,crush,-21.33791008402973,0
89,1,0,-1.0608748484583772,0.8309,7.264431882233618,0.11999999731779099,0,continue,-1.0608748484583772,0
89,2,0,-1.0438785793285879,0.8309,7.26443186919611,0.11999999731779099,0,continue,-2.104753427786965,0
89,3,2,-0.4684981274620239,0.8309,7.264432201714648,0.11999999731779099,0,continue,-2.573251555248989,0
89,4,0,-31.022558803919253,0.8309,7.264432685439856,0.11999999731779099,1,crush,-33.59581035916824,0
90,1,2,0.1442893147468567,0.829,5.858009638409233,1.0442818403244019,0,continue,0.1442893147468567,0
90,2,0,0.37415752174121525,0.829,5.780084620077899,1.0513218641281128,0,continue,0.5184468364880719,0
90,3,2,0.3469042171922051,0.829,5.723652035370705,1.0471560955047607,0,continue,0.865351053680277,0
90,4,0,0.06535336689653333,0.829,5.701739742086761,1.045536756515503,0,continue,0.9307044205768104,0
90,5,2,0.16998958832550032,0.829,5.700470933069818,1.1190494298934937,0,continue,1.1006940089023107,0
90,6,1,-0.3947942140858896,0.829,5.717867929931712,1.1801226139068604,0,continue,0.7058997948164212,0
90,7,0,-0.06937178287412324,0.829,5.739573263715195,1.2354919910430908,0,continue,0.6365280119422979,0
90,8,0,-0.07094863052038866,0.829,5.77124013852706,1.245855450630188,0,continue,0.5655793814219092,0
90,9,0,-0.09109021602666086,0.829,5.797698419229261,1.2408453226089478,0,continue,0.4744891653952484,0
90,10,0,-0.14665590971718337,0.829,5.801484629086442,1.2161412239074707,0,continue,0.327833255678065,0
90,11,0,-0.06312557815508683,0.829,5.815432182089258,1.215712308883667,0,continue,0.26470767752297814,0
90,12,0,-0.3646489884138137,0.829,5.868517859057147,1.1764363050460815,0,continue,-0.09994131089083558,0
90,13,1,-0.48023583317029855,0.829,5.961122109607284,1.1910897493362427,0,continue,-0.5801771440611341,0
90,14,0,-0.31803172991911327,0.829,6.045374763676551,1.1863951683044434,0,continue,-0.8982088739802474,0
90,15,1,-0.2415047961487602,0.829,6.09198914141179,1.1660346984863281,0,continue,-1.1397136701290076,0
90,16,1,-0.422440182066275,0.829,6.169519838129781,1.1153260469436646,0,continue,-1.5621538521952827,0
90,17,0,-0.8712805321133484,0.829,6.2591263530624435,1.0234571695327759,0,continue,-2.4334343843086312,0
90,18,0,-1.1475524566622322,0.829,6.328036761091372,0.9748212695121765,0,continue,-3.5809868409708634,0
90,19,2,-0.1810588697509649,0.829,6.363648381559526,0.919050931930542,0,continue,-3.762045710721828,0
90,20,0,-1.346258775488608,0.829,6.449402734069621,0.840618908405304,0,continue,-5.108304486210436,0
90,21,1,-0.42201438686418324,0.829,6.485803963477501,0.7680261135101318,0,continue,-5.530318873074619,0
90,22,1,-0.6583160400927663,0.829,6.576621113123882,0.7659538984298706,0,continue,-6.188634913167386,0
90,23,0,-0.6516726085421372,0.829,6.652474398393127,0.6922563910484314,0,continue,-6.840307521709523,0
90,24,0,-0.324843338356074,0.829,6.6883824081028305,0.6315367221832275,0,continue,-7.165150860065597,0
90,25,2,-0.6742993126305205,0.829,6.781740154953483,0.61765456199646,0,continue,-7.839450172696117,0
90,26,0,-0.49894124647465954,0.829,6.850384993160296,0.5449790358543396,0,continue,-8.338391419170776,0
90,27,0,-0.6823918486277123,0.829,6.94358692612701,0.46720457077026367,0,continue,-9.020783267798489,0
90,28,1,-0.8570054961650977,0.829,7.061353170586903,0.39703723788261414,0,continue,-9.877788763963586,0
90,29,0,-0.6575174806114266,0.829,7.075581098143174,0.28706467151641846,0,continue,-10.535306244575013,0
90,30,0,-1.5252743461829814,0.829,7.078743414288438,0.2492278516292572,0,continue,-12.060580590757993,0
90,31,2,-30.74153880569107,0.829,7.081512011086211,0.1206735298037529,1,crush,-42.802119396449065,0
91,1,0,-0.9990284282895006,0.8271,7.36602428034106,0.11999999731779099,0,continue,-0.9990284282895006,0
91,2,0,-0.9789572729349476,0.8271,7.366022836399123,0.11999999731779099,0,continue,-1.9779857012244482,0
91,3,2,-0.4652916986489639,0.8271,7.366021895228424,0.11999999731779099,0,continue,-2.443277399873412,0
91,4,2,-30.464423676665675,0.8271,7.366020674422791,0.11999999731779099,1,crush,-32.907701076539084,0
92,1,2,0.35077330470085144,0.8252,5.713518439402038,1.2240790128707886,0,continue,0.35077330470085144,0
92,2,1,-0.3000114252959954,0.8252,5.713519134606217,1.2226519584655762,0,continue,0.05076187940485605,0
92,3,1,-1.2948706735738114e-05,0.8252,5.713507545128129,1.220308780670166,0,continue,0.05074893069812031,0
92,4,0,-0.021666138676461166,0.8252,5.713903996126855,1.2263199090957642,0,continue,0.029082792021659143,0
92,5,0,-0.043656115256518246,0.8252,5.718686876021854,1.22321617603302,0,continue,-0.014573323234859104,0
92,6,1,-0.06847343077198782,0.8252,5.73025780765163,1.225010633468628,0,continue,-0.08304675400684693,0
92,7,0,-0.052804718216797615,0.8252,5.729693630615646,1.22213613986969,0,continue,-0.13585147222364455,0
92,8,0,0.014773010935624817,0.8252,5.718685225969351,1.2257020473480225,0,continue,-0.12107846128801973,0
92,9,1,0.13608316485752256,0.8252,5.690554710186769,1.2223889827728271,0,continue,0.015004703569502828,0
92,10,2,0.19460655521969283,0.8252,5.667641943192861,1.228108525276184,0,continue,0.20961125878919568,0
92,11,0,0.023845061013725563,0.8252,5.636312195626567,1.2194268703460693,0,continue,0.23345631980292125,0
92,12,2,0.5261968323562213,0.8252,5.597324465114094,1.2159311771392822,0,continue,0.7596531521591425,0
92,13,1,-0.22790796455834178,0.8252,5.57800852773959,1.2058862447738647,0,continue,0.5317451876008008,0
92,14,0,0.35374319042362123,0.8252,5.511080565312986,1.2420625686645508,0,continue,0.885488378024422,0
92,15,0,0.5060879260768428,0.8252,5.411330764703966,1.2830363512039185,0,continue,1.3915763041012648,0
92,16,1,0.15991655327500268,0.8252,5.378831825064562,1.312984824180603,0,continue,1.5514928573762674,0
92,17,0,0.3727995997478135,0.8252,5.30467900243893,1.3505046367645264,0,continue,1.924292457124081,0
92,18,2,0.512368189349085,0.8252,5.214805769184562,1.354483962059021,0,continue,2.436660646473166,0
92,19,0,0.448801915049016,0.8252,5.132054535590977,1.4282068014144897,0,continue,2.885462561522182,0
92,20,0,0.07270686757422828,0.8252,5.125482514290155,1.5341397523880005,0,continue,2.9581694290964102,0
92,21,0,0.15965834393260295,0.8252,5.095401362273542,1.5716623067855835,0,continue,3.1178277730290134,0
92,22,0,0.2415706046933166,0.8252,5.051003033808679,1.669155240058899,0,continue,3.35939837772233,0
92,23,2,0.2929861577664328,0.8252,4.998467722160013,1.8096106052398682,0,continue,3.6523845354887627,0
92,24,0,0.3564551703764757,0.8252,4.928591337975203,1.8401931524276733,0,continue,4.008839705865238,0
92,25,1,0.42655983355321087,0.8252,4.839774397893573,1.8396424055099487,0,continue,4.435399539418449,0
92,26,1,0.39914945308460337,0.8252,4.758692506900566,1.8813835382461548,0,continue,4.834548992503052,0
92,27,2,-0.06074192354749203,0.8252,4.711878608623704,1.905329704284668,0,continue,4.77380706895556,0
92,28,1,-0.031724195752068765,0.8252,4.657634500810479,1.9195746183395386,0,continue,4.742082873203492,0
92,29,1,0.5154979419748844,0.8252,4.553264002160949,1.8685697317123413,0,continue,5.257580815178376,0
92,30,0,0.10702553503818706,0.8252,4.539762494121949,1.7817631959915161,0,continue,5.3646063502165635,0
92,31,1,0.23683947780741257,0.8252,4.491017978937384,1.666857361793518,0,continue,5.6014458280239765,0
92,32,1,0.2349335475899187,0.8252,4.437366753947154,1.6304209232330322,0,continue,5.8363793756138955,0
92,33,1,0.23544850823228666,0.8252,4.380050822370672,1.5214537382125854,0,continue,6.071827883846182,0
92,34,0,0.1926840781003487,0.8252,4.340813454021934,1.4594260454177856,0,continue,6.26451196194653,0
92,35,0,0.09026871016083622,0.8252,4.321824046405604,1.4406721591949463,0,continue,6.354780672107366,0
92,36,0,0.18661122075217002,0.8252,4.281538402228638,1.359366774559021,0,continue,6.5413918928595365,0
92,37,0,0.3554097918233719,0.8252,4.222179924770415,1.3095656633377075,0,continue,6.8968016846829086,0
92,38,0,0.14399555364043076,0.8252,4.198699100940621,1.2693848609924316,0,continue,7.040797238323339,0
92,39,0,0.05239297309882044,0.8252,4.115025545906975,1.256729245185852,0,continue,7.09319021142216,0
92,40,0,0.7415661417546608,0.8252,4.005400505620443,1.225855827331543,0,continue,7.834756353176821,0
92,41,0,0.02629715355994309,0.8252,3.9788061250411753,1.1628013849258423,0,continue,7.861053506736764,0
92,42,0,0.21591709870336792,0.8252,3.936856018511809,1.151406168937683,0,continue,8.076970605440131,0
92,43,0,0.29899229514552,0.8252,3.8744410514952903,1.0857772827148438,0,continue,8.375962900585652,0
92,44,0,0.3746266822312036,0.8252,3.7994477152700004,0.947944700717926,0,continue,8.750589582816856,0
92,45,0,0.232942188767348,0.8252,3.746271242920688,0.935991644859314,0,continue,8.983531771584204,0
92,46,2,-0.003847632854394111,0.8252,3.7454203238464046,0.8893457055091858,0,continue,8.97968413872981,0
92,47,0,0.23414645663239433,0.8252,3.703736194644061,0.8444355726242065,0,continue,9.213830595362206,0
92,48,2,0.23555622651826863,0.8252,3.6491090593812867,0.7859992980957031,0,continue,9.449386821880474,0
92,49,0,0.23570489435061912,0.8252,3.5911601849349086,0.7090804576873779,0,continue,9.685091716231092,0
92,50,0,0.11951742566641578,0.8252,3.5650519801367815,0.6910687685012817,0,continue,9.804609141897508,0
92,51,2,0.2876277773616348,0.8252,3.5061256699340757,0.6946505308151245,0,continue,10.092236919259143,0
92,52,1,0.1717425240165004,0.8252,3.4103208484838743,0.6402689218521118,0,continue,10.263979443275643,0
92,53,0,0.5103612130509422,0.8252,3.313640109973256,0.5828920006752014,0,continue,10.774340656326585,0
92,54,0,0.2888928823986481,0.8252,3.261152451485768,0.536498486995697,0,continue,11.063233538725232,0
92,55,0,0.2491418991163052,0.8252,3.2092059424448824,0.49998894333839417,0,continue,11.312375437841537,0
92,56,0,0.4742731475357568,0.8252,3.113739820997378,0.4224153757095337,0,continue,11.786648585377293,0
92,57,2,-0.10467063531064666,0.8252,3.0951115264921882,0.32520103454589844,0,continue,11.681977950066646,0
92,58,1,-0.6866080226815765,0.8252,3.1071170147350977,0.2172033190727234,0,continue,10.995369927385068,0
92,59,0,-31.067726646385278,0.8252,3.1019951180306373,0.14277519285678864,1,crush,-20.07235671900021,0
93,1,0,-1.0702790308924592,0.8233,7.473397651501164,0.11999999731779099,0,continue,-1.0702790308924592,0
93,2,0,-1.0170914261776751,0.8233,7.473397267156226,0.11999999731779099,0,continue,-2.0873704570701346,0
93,3,2,-0.4690100760525879,0.8233,7.473442282649252,0.11999999731779099,0,continue,-2.5563805331227223,0
93,4,2,-30.471001917670254,0.8233,7.473916283833968,0.11999999731779099,1,crush,-33.02738245079298,0
94,1,0,0.0,0.8214,5.684389001793982,1.2519519329071045,0,continue,0.0,0
94,2,0,0.03787746318824463,0.8214,5.673847385151901,1.2593823671340942,0,continue,0.03787746318824463,0
94,3,0,0.10444251629385176,0.8214,5.653468877749178,1.2428361177444458,0,continue,0.1423199794820964,0
94,4,0,0.09292762755258158,0.8214,5.634371815393147,1.249777913093567,0,continue,0.23524760703467798,0
94,5,0,0.06543677335120779,0.8214,5.6194088249368335,1.2519923448562622,0,continue,0.30068438038588574,0
94,6,1,0.04012073980641699,0.8214,5.611259640979546,1.2811033725738525,0,continue,0.34080512019230275,0
94,7,0,0.06178401299575276,0.8214,5.602986442953431,1.3247345685958862,0,continue,0.4025891331880555,0
94,8,1,0.04370328100504759,0.8214,5.593347523773543,1.3417688608169556,0,continue,0.4462924141931031,0
94,9,1,0.034982284165669994,0.8214,5.585195792970064,1.3801289796829224,0,continue,0.4812746983587731,0
94,10,2,-0.05534545429741601,0.8214,5.584737885441776,1.4094198942184448,0,continue,0.4259292440613571,0
94,11,2,-0.014730216047945133,0.8214,5.587102705163394,1.4431037902832031,0,continue,0.411199028013412,0
94,12,0,-0.009880081603153679,0.8214,5.591718388391968,1.461293339729309,0,continue,0.40131894641025834,0
94,13,0,-0.041914429407826415,0.8214,5.600293575973992,1.517591953277588,0,continue,0.3594045170024319,0
94,14,0,-0.034908986903689376,0.8214,5.610922992983147,1.549238681793213,0,continue,0.32449553009874255,0
94,15,0,-0.08480062041576862,0.8214,5.628927800571784,1.5738935470581055,0,continue,0.2396949096829739,0
94,16,1,-0.06915762079118268,0.8214,5.6422280240407146,1.596923828125,0,continue,0.17053728889179123,0
94,17,0,-0.010818860739192358,0.8214,5.647810207595085,1.6197004318237305,0,continue,0.15971842815259887,0
94,18,0,-0.03204665098565838,0.8214,5.644600875897239,1.6612147092819214,0,continue,0.1276717771669405,0
94,19,0,0.0681996510927157,0.8214,5.62571201963351,1.6781123876571655,0,continue,0.1958714282596562,0
94,20,0,0.21428714858799713,0.8214,5.578224182361155,1.673872947692871,0,continue,0.41015857684765333,0
94,21,0,0.13136041092263692,0.8214,5.544489654873265,1.700967788696289,0,continue,0.5415189877702903,0
94,22,0,0.03404768791478477,0.8214,5.544116007341557,1.7188252210617065,0,continue,0.575566675685075,0
94,23,2,0.1813756745671494,0.8214,5.525891778782159,1.7255383729934692,0,continue,0.7569423502522244,0
94,24,0,0.14651797940655156,0.8214,5.494487543504805,1.633985996246338,0,continue,0.903460329658776,0
94,25,0,0.22107428536168727,0.8214,5.44476311802052,1.5647929906845093,0,continue,1.1245346150204631,0
94,26,1,0.03988095871080497,0.8214,5.433473883487697,1.5582672357559204,0,continue,1.164415573731268,0
94,27,1,0.365820464409026,0.8214,5.360121204160229,1.5090241432189941,0,continue,1.530236038140294,0
94,28,1,0.45778093601689446,0.8214,5.251362525798469,1.4370746612548828,0,continue,1.9880169741571885,0
94,29,0,0.14125655604034365,0.8214,5.203226993056709,1.4431201219558716,0,continue,2.129273530197532,0
94,30,0,0.3124056448509295,0.8214,5.114331088540077,1.4283965826034546,0,continue,2.4416791750484617,0
94,31,2,0.2652992782029453,0.8214,5.084930630253646,1.443759799003601,0,continue,2.706978453251407,0
94,32,0,0.37690559811997354,0.8214,5.006835971730525,1.4865045547485352,0,continue,3.0838840513713803,0
94,33,0,0.26863586714098003,0.8214,4.95710386759431,1.4749778509140015,0,continue,3.3525199185123604,0
94,34,0,0.05782187594342965,0.8214,4.9449888776320625,1.431015133857727,0,continue,3.41034179445579,0
94,35,0,0.38269155914970865,0.8214,4.914156266042449,1.3566551208496094,0,continue,3.7930333536054985,0
94,36,1,0.15905312239049837,0.8214,4.8942628746732355,1.298300862312317,0,continue,3.952086475995997,0
94,37,1,0.11504869655133346,0.8214,4.881385057702,1.2571401596069336,0,continue,4.067135172547331,0
94,38,0,0.1314160936928977,0.8214,4.8570373161100955,1.2226622104644775,0,continue,4.198551266240228,0
94,39,0,0.17351009427580075,0.8214,4.837849705087878,1.0818711519241333,0,continue,4.372061360516029,0
94,40,0,0.07371808998420608,0.8214,4.821239152973003,1.0511456727981567,0,continue,4.445779450500235,0
94,41,0,0.061903536372664415,0.8214,4.813628316326835,0.9937520027160645,0,continue,4.5076829868729,0
94,42,2,0.06270657774986765,0.8214,4.80045213375424,0.9343504309654236,0,continue,4.570389564622768,0
94,43,0,0.09689952590779623,0.8214,4.78582155519291,0.861019492149353,0,continue,4.667289090530564,0
94,44,0,0.06364513544706987,0.8214,4.781726497481851,0.761759340763092,0,continue,4.7309342259776335,0
94,45,0,0.050751816702031195,0.8214,4.7758439053785136,0.6862794756889343,0,continue,4.781686042679665,0
94,46,0,-0.01950994050062163,0.8214,4.746333289748248,0.5826677680015564,0,continue,4.762176102179043,0
94,47,1,0.28300137385188345,0.8214,4.696104782828911,0.5150370597839355,0,continue,5.0451774760309265,0
94,48,1,0.4139312736409105,0.8214,4.613811812779178,0.47229093313217163,0,continue,5.459108749671837,0
94,49,1,0.12998943855638553,0.8214,4.577821877410222,0.4205469787120819,0,continue,5.589098188228222,0
94,50,0,-0.10806676458222667,0.8214,4.542920166851464,0.3808491826057434,0,continue,5.481031423645995,0
94,51,1,-0.32214814892960075,0.8214,4.547372268241117,0.234106183052063,0,continue,5.158883274716395,0
94,52,1,-30.462424605769527,0.8214,4.543056566614486,0.12293172627687454,1,crush,-25.303541331053133,0
95,1,0,-1.0329558242293275,0.8195,7.221446463206931,0.11999999731779099,0,continue,-1.0329558242293275,0
95,2,0,-1.0059792403386554,0.8195,7.221682928271232,0.11999999731779099,0,continue,-2.038935064567983,0
95,3,0,-1.0201584135422113,0.8195,7.221502509532658,0.11999999731779099,0,continue,-3.059093478110194,0
95,4,0,-31.046191104364308,0.8195,7.221757093827149,0.11999999731779099,1,crush,-34.1052845824745,0
96,1,0,0.0,0.8176,5.769507164334898,1.136866569519043,0,continue,0.0,0
96,2,2,0.000976754392497603,0.8176,5.769311061880391,1.1255635023117065,0,continue,0.000976754392497603,0
96,3,2,0.005351995621252215,0.8176,5.7690563244704,1.1197575330734253,0,continue,0.006328750013749817,0
96,4,0,0.19504820698686476,0.8176,5.730065978445523,1.1240508556365967,0,continue,0.2013769570006146,0
96,5,0,0.32520570762909506,0.8176,5.655931156621127,1.1134394407272339,0,continue,0.5265826646297096,0
96,6,0,0.3596975728684953,0.8176,5.570267915190453,1.1262623071670532,0,continue,0.8862802374982048,0
96,7,0,0.03566419966409576,0.8176,5.559214246431254,1.1364041566848755,0,continue,0.9219444371623006,0
96,8,1,0.14402553250207176,0.8176,5.530164005956375,1.2106908559799194,0,continue,1.0659699696643723,0
96,9,0,0.19096678557360375,0.8176,5.486499292987259,1.2874284982681274,0,continue,1.256936755237976,0
96,10,0,0.02265995874022432,0.8176,5.478042354760809,1.3408427238464355,0,continue,1.2795967139782003,0
96,11,2,-0.025828541455198594,0.8176,5.479242024267153,1.3591444492340088,0,continue,1.2537681725230017,0
96,12,2,-0.06645292691996008,0.8176,5.48931415027126,1.3819891214370728,0,continue,1.1873152456030416,0
96,13,0,-0.011249047694753806,0.8176,5.498489024026967,1.4401743412017822,0,continue,1.1760661979082878,0
96,14,0,0.03262684180062678,0.8176,5.516376122300621,1.4681462049484253,0,continue,1.2086930397089146,0
96,15,0,-0.027883690660830008,0.8176,5.521663555164622,1.463367223739624,0,continue,1.1808093490480847,0
96,16,2,-0.09117028628985904,0.8176,5.539507510856918,1.4672785997390747,0,continue,1.0896390627582255,0
96,17,0,-0.08196388958907849,0.8176,5.559001654566858,1.4693249464035034,0,continue,1.0076751731691471,0
96,18,0,-0.042998606713432204,0.8176,5.5726323705271374,1.4548859596252441,0,continue,0.9646765664557149,0
96,19,0,-0.17746626531902965,0.8176,5.598906426943652,1.445591926574707,0,continue,0.7872103011366852,0
96,20,0,-0.16574624847953112,0.8176,5.627327160655413,1.4537746906280518,0,continue,0.6214640526571541,0
96,21,2,-0.08160840970790546,0.8176,5.643270741465435,1.4511162042617798,0,continue,0.5398556429492486,0
96,22,0,-0.10235090520830563,0.8176,5.659047793107274,1.4352120161056519,0,continue,0.43750473774094295,0
96,23,0,-0.18194713641971902,0.8176,5.695548246448768,1.441176414489746,0,continue,0.25555760132122396,0
96,24,0,-0.265154245089811,0.8176,5.746592004015708,1.4348996877670288,0,continue,-0.009596643768587043,0
96,25,1,-0.2392589125859415,0.8176,5.754319901707912,1.4291545152664185,0,continue,-0.24885555635452855,0
96,26,0,-0.33889136349113824,0.8176,5.775111601688452,1.4256079196929932,0,continue,-0.5877469198456668,0
96,27,2,0.005094702885950653,0.8176,5.769461811146227,1.423438310623169,0,continue,-0.5826522169597161,0
96,28,0,0.0019636321375980925,0.8176,5.723519000470176,1.4307385683059692,0,continue,-0.580688584822118,0
96,29,0,-0.08711796634517031,0.8176,5.676695470812788,1.4141607284545898,0,continue,-0.6678065511672884,0
96,30,0,-0.04120816300038152,0.8176,5.634403864097172,1.4428660869598389,0,continue,-0.7090147141676699,0
96,31,0,-0.009267379524291491,0.8176,5.6031014404255135,1.4737211465835571,0,continue,-0.7182820936919614,0
96,32,1,-0.1657732303140921,0.8176,5.595361648164791,1.540686845779419,0,continue,-0.8840553240060535,0
96,33,1,0.038953154258080436,0.8176,5.547248576649333,1.6369452476501465,0,continue,-0.845102169747973,0
96,34,0,0.04394695378785521,0.8176,5.503528927455363,1.7381929159164429,0,continue,-0.8011552159601179,0
96,35,0,0.1504670304451507,0.8176,5.475354706326457,1.772270679473877,0,continue,-0.6506881855149671,0
96,36,1,0.021822710544953015,0.8176,5.470970339465468,1.6713247299194336,0,continue,-0.6288654749700141,0
96,37,0,0.08773053347526333,0.8176,5.4575166508077055,1.5511397123336792,0,continue,-0.5411349414947508,0
96,38,2,-0.10906877179143412,0.8176,5.466509878995864,1.44505774974823,0,continue,-0.650203713286185,0
96,39,1,-0.6309671704939415,0.8176,5.521594071702915,1.4250657558441162,0,continue,-1.2811708837801263,0
96,40,0,-0.23482311462237898,0.8176,5.559730522720906,1.3713821172714233,0,continue,-1.5159939984025053,0
96,41,1,-0.2989349459774515,0.8176,5.617476586971778,1.2701221704483032,0,continue,-1.8149289443799568,0
96,42,0,-1.3810104231679696,0.8176,5.718871788683196,1.1820969581604004,0,continue,-3.1959393675479264,0
96,43,0,-1.2648925804675155,0.8176,5.824142744592104,1.1239264011383057,0,continue,-4.460831948015442,0
96,44,0,-0.3721436465309852,0.8176,5.853651665769976,1.0625977516174316,0,continue,-4.8329755945464274,0
96,45,2,-0.5497845841917861,0.8176,5.921246208820566,0.9859836101531982,0,continue,-5.382760178738214,0
96,46,1,-1.2097335234734963,0.8176,6.062521597920157,0.9415283203125,0,continue,-6.59249370221171,0
96,47,2,-0.8506110939151681,0.8176,6.132059923647736,0.9290930032730103,0,continue,-7.443104796126878,0
96,48,0,-1.0045618200231952,0.8176,6.305925223422179,0.9291051030158997,0,continue,-8.447666616150073,0
96,49,0,-0.7719313248653132,0.8176,6.433333480208128,0.9276485443115234,0,continue,-9.219597941015387,0
96,50,0,-0.847157286824439,0.8176,6.577076902504054,0.9374666213989258,0,continue,-10.066755227839826,0
96,51,0,-0.9332182858355578,0.8176,6.729727216142306,0.930738091468811,0,continue,-10.999973513675384,0
96,52,0,-0.42580865081628116,0.8176,6.787924001693394,0.9304682016372681,0,continue,-11.425782164491665,0
96,53,0,-0.7260634832996249,0.8176,6.876840187254469,0.9244214296340942,0,continue,-12.151845647791289,0
96,54,1,-0.5425082113620401,0.8176,6.9318691685562115,0.9219968318939209,0,continue,-12.69435385915333,0
96,55,2,-0.669726324944217,0.8176,6.958860748515202,0.891400933265686,0,continue,-13.364080184097546,0
96,56,0,-0.9252337703677151,0.8176,6.960115614159872,0.76275235414505,0,continue,-14.28931395446526,0
96,57,0,-0.5075218099274927,0.8176,6.961051318963214,0.6902024745941162,0,continue,-14.796835764392753,0
96,58,0,-0.29875203766737657,0.8176,6.975426108719939,0.6417578458786011,0,continue,-15.09558780206013,0
96,59,0,-0.24009728978582928,0.8176,6.97870094057172,0.6052032113075256,0,continue,-15.33568509184596,0
96,60,0,-0.24734516052788505,0.8176,6.999989238263118,0.5407542586326599,0,continue,-15.583030252373845,0
96,61,1,-0.27301622743738074,0.8176,7.012720637649951,0.47889095544815063,0,continue,-15.856046479811226,0
96,62,0,-0.34887957756647364,0.8176,7.041442569126946,0.42294391989707947,0,continue,-16.2049260573777,0
96,63,0,-0.480802307143205,0.8176,7.0822748402057565,0.33209919929504395,0,continue,-16.685728364520905,0
96,64,2,-0.38689639881516946,0.8176,7.083276493203475,0.299012690782547,0,continue,-17.072624763336073,0
96,65,0,-0.8023057908275886,0.8176,7.106252934419334,0.23147137463092804,0,continue,-17.87493055416366,0
96,66,0,-31.134581532284468,0.8176,7.107713665106133,0.16207315027713776,1,crush,-49.009512086448126,0
97,1,0,-1.0204651344748414,0.8157,3.3528143477157606,0.11999999731779099,0,continue,-1.0204651344748414,0
97,2,0,-0.9996356378268394,0.8157,3.352815489138241,0.11999999731779099,0,continue,-2.0201007723016806,0
97,3,2,-0.4685018242094825,0.8157,3.3528163416291368,0.11999999731779099,0,continue,-2.4886025965111633,0
97,4,0,-31.02590625783068,0.8157,3.352818441178305,0.11999999731779099,1,crush,-33.51450885434184,0
98,1,1,0.0,0.8138,5.82240887399663,1.0834516286849976,0,continue,0.0,0
98,2,2,0.3699811882847787,0.8138,5.727717002667573,1.0791314840316772,0,continue,0.3699811882847787,0
98,3,0,0.38127115081779867,0.8138,5.639114689262009,1.091685175895691,0,continue,0.7512523391025774,0
98,4,0,0.2848188277159513,0.8138,5.5757765783812765,1.087589979171753,0,continue,1.0360711668185287,0
98,5,2,0.4502165411453945,0.8138,5.515656900865485,1.124078631401062,0,continue,1.4862877079639232,0
98,6,1,-0.2102618910173731,0.8138,5.490289903606456,1.1776130199432373,0,continue,1.2760258169465502,0
98,7,0,0.29579081079694497,0.8138,5.432004821103832,1.2731605768203735,0,continue,1.571816627743495,0
98,8,1,0.38476141277100157,0.8138,5.3582531253849925,1.3317621946334839,0,continue,1.9565780405144966,0
98,9,2,0.010943941205638009,0.8138,5.293265204321099,1.432335376739502,0,continue,1.9675219817201346,0
98,10,0,0.6220238085398545,0.8138,5.158704915443999,1.4991004467010498,0,continue,2.589545790259989,0
98,11,0,0.9339395781759404,0.8138,4.97992115874471,1.5555675029754639,0,continue,3.5234853684359297,0
98,12,0,0.4742245598962673,0.8138,4.89044789219093,1.6395699977874756,0,continue,3.997709928332197,0
98,13,1,0.44023242660140793,0.8138,4.802098012126045,1.7794430255889893,0,continue,4.437942354933605,0
98,14,0,0.7727693883454342,0.8138,4.659504827556132,1.9262199401855469,0,continue,5.210711743279039,0
98,15,1,0.4460497451347993,0.8138,4.570238402008091,1.8620336055755615,0,continue,5.656761488413839,0
98,16,0,0.415234196143799,0.8138,4.485828634880136,1.7823407649993896,0,continue,6.0719956845576375,0
98,17,0,0.2218989160864694,0.8138,4.440021261854381,1.6387395858764648,0,continue,6.293894600644107,0
98,18,0,0.18486968803062803,0.8138,4.409123440308726,1.5647521018981934,0,continue,6.478764288674735,0
98,19,0,0.2771225318974,0.8138,4.3401254825427635,1.4905412197113037,0,continue,6.755886820572135,0
98,20,0,0.33636341331034514,0.8138,4.271541402270412,1.4293428659439087,0,continue,7.09225023388248,0
98,21,1,0.4767923148045554,0.8138,4.20282205923732,1.3855291604995728,0,continue,7.569042548687036,0
98,22,0,0.0077628842934097456,0.8138,4.201961426388705,1.3457448482513428,0,continue,7.5768054329804455,0
98,23,1,0.4051328722876384,0.8138,4.118584109987622,1.306339979171753,0,continue,7.981938305268084,0
98,24,0,0.7598445236952401,0.8138,3.9802637485132104,1.2247247695922852,0,continue,8.741782828963323,0
98,25,2,0.7485112976990197,0.8138,3.8288519687059823,1.1665210723876953,0,continue,9.490294126662343,0
98,26,2,0.5088317451132969,0.8138,3.7276814948210437,1.117720127105713,0,continue,9.99912587177564,0
98,27,0,0.11034991929855589,0.8138,3.7162675801995744,0.9764103293418884,0,continue,10.109475791074196,0
98,28,0,0.5023288728407961,0.8138,3.6196657053498913,0.7991358041763306,0,continue,10.611804663914992,0
98,29,0,0.27438756369477857,0.8138,3.558815953879103,0.7112076878547668,0,continue,10.88619222760977,0
98,30,0,0.061804953359073454,0.8138,3.543518133445309,0.6401369571685791,0,continue,10.947997180968844,0
98,31,0,0.10987370297723688,0.8138,3.5344883087998133,0.5902631878852844,0,continue,11.057870883946082,0
98,32,0,-1.2881890471111102,0.8138,3.5011433826551466,0.5182089805603027,0,continue,9.769681836834971,0
98,33,0,-0.20729153425277164,0.8138,3.476968237215453,0.4846534729003906,0,continue,9.5623903025822,0
98,34,0,-0.016859459567966972,0.8138,3.4161050138378237,0.48661527037620544,0,continue,9.545530843014234,0
98,35,0,0.4147306539783819,0.8138,3.339235353086733,0.46555009484291077,0,continue,9.960261496992615,0
98,36,0,0.38140462183424395,0.8138,3.310513582255051,0.44777533411979675,0,continue,10.34166611882686,0
98,37,2,0.45088535544733505,0.8138,3.212753132038424,0.40574440360069275,0,continue,10.792551474274195,0
98,38,0,-1.496008296386239,0.8138,3.187608033005067,0.28965964913368225,0,continue,9.296543177887955,0
98,39,1,-0.23424418892775506,0.8138,3.1768114707916517,0.24834762513637543,0,continue,9.0622989889602,0
98,40,1,-30.45024167816119,0.8138,3.1731607125867067,0.11999999731779099,1,crush,-21.38794268920099,0
99,1,0,-2.402910872194377,0.8119000000000001,7.833062386927809,0.11999999731779099,0,continue,-2.402910872194377,0
99,2,0,-2.4773488237935215,0.8119000000000001,7.83306173118822,0.11999999731779099,0,continue,-4.880259695987899,0
99,3,2,-0.4684913590254732,0.8119000000000001,7.833060909156131,0.11999999731779099,0,continue,-5.348751055013373,0
99,4,0,-32.46713059865592,0.8119000000000001,7.833061265857818,0.11999999731779099,1,crush,-37.815881653669294,0
100,1,1,0.0,0.81,5.834006271876307,1.0766587257385254,0,continue,0.0,0
100,2,0,0.3066604258044658,0.81,5.769277842888072,1.0669602155685425,0,continue,0.3066604258044658,0
100,3,0,0.3737811801598967,0.81,5.681076624190041,1.0593957901000977,0,continue,0.6804416059643625,0
100,4,0,0.3259351662480759,0.81,5.607196418490999,1.0717945098876953,0,continue,1.0063767722124384,0
100,5,2,0.38772211021323394,0.81,5.556208787511589,1.1165578365325928,0,continue,1.3940988824256724,0
100,6,1,-0.02852177389232823,0.81,5.498254471687599,1.1762722730636597,0,continue,1.3655771085333441,0
100,7,1,0.5533779757169291,0.81,5.389653755590863,1.2484345436096191,0,continue,1.9189550842502734,0
100,8,1,0.4765784670104295,0.81,5.30908207782013,1.2988429069519043,0,continue,2.3955335512607028,0
100,9,0,0.5472083924495577,0.81,5.2095021957241725,1.380889892578125,0,continue,2.9427419437102604,0
100,10,0,0.6026670163582127,0.81,5.093782654075318,1.5178453922271729,0,continue,3.5454089600684733,0
100,11,0,0.5726797465494218,0.81,4.9860528600039205,1.5877876281738281,0,continue,4.118088706617895,0
100,12,0,0.5553635996301916,0.81,4.878511143209423,1.6453173160552979,0,continue,4.673452306248087,0
100,13,0,0.07242831721241537,0.81,4.871656812981601,1.7352322340011597,0,continue,4.7458806234605015,0
100,14,2,0.45146944098485087,0.81,4.7809866427541925,1.8643386363983154,0,continue,5.197350064445352,0
100,15,1,0.2558501989798916,0.81,4.669071074496448,1.8819791078567505,0,continue,5.453200263425244,0
100,16,0,0.6831406308275668,0.81,4.53631579034188,1.824397325515747,0,continue,6.136340894252811,0
100,17,2,0.22971387785534506,0.81,4.499800819900058,1.7441941499710083,0,continue,6.366054772108156,0
100,18,0,0.5942340689650005,0.81,4.380164030724909,1.5757701396942139,0,continue,6.960288841073156,0
100,19,1,0.22516999017542355,0.81,4.325837855136072,1.4600896835327148,0,continue,7.18545883124858,0
100,20,1,0.3918429398680967,0.81,4.23316887193932,1.3938935995101929,0,continue,7.577301771116677,0
100,21,0,0.34174040005174383,0.81,4.16548908112928,1.3289552927017212,0,continue,7.91904217116842,0
100,22,0,0.12000201275818842,0.81,4.134250403840829,1.2551182508468628,0,continue,8.039044183926608,0
100,23,1,0.2116304682664355,0.81,4.085446741851952,1.1610463857650757,0,continue,8.250674652193043,0
100,24,0,0.06375107427596807,0.81,4.070324175806086,1.0584673881530762,0,continue,8.314425726469011,0
100,25,0,-0.008373313130249131,0.81,4.089428011784558,1.0145885944366455,0,continue,8.306052413338762,0
100,26,0,-1.3503855761233123,0.81,4.130240924783472,0.9381649494171143,0,continue,6.95566683721545,0
100,27,2,-0.3320662645535507,0.81,4.19597277033182,0.9248911738395691,0,continue,6.623600572661899,0
100,28,0,-0.5039872074867797,0.81,4.291382646171381,0.9276782870292664,0,continue,6.11961336517512,0
100,29,1,-0.2469838032607079,0.81,4.336523819730203,0.933259129524231,0,continue,5.872629561914412,0
100,30,2,-0.6787966752283671,0.81,4.409935052914483,0.9649156928062439,0,continue,5.193832886686045,0
100,31,1,-0.7174477698635472,0.81,4.493346585663412,1.0192570686340332,0,continue,4.476385116822498,0
100,32,0,-0.400718964861376,0.81,4.576163118401081,1.0870296955108643,0,continue,4.075666151961122,0
100,33,0,-0.16294713599454255,0.81,4.612788903459312,1.1227450370788574,0,continue,3.9127190159665792,0
100,34,1,-0.44929431452248414,0.81,4.70155829958167,1.1891281604766846,0,continue,3.463424701444095,0
100,35,2,-1.0290966866951834,0.81,4.806656458219735,1.2293729782104492,0,continue,2.4343280147489117,0
100,36,1,-0.7683769479594944,0.81,4.860304094446329,1.2328622341156006,0,continue,1.6659510667894173,0
100,37,2,-0.6986446173544631,0.81,4.899731857245836,1.291611909866333,0,continue,0.9673064494349541,0
100,38,0,-0.657480347639687,0.81,4.994226769404422,1.321532964706421,0,continue,0.30982610179526715,0
100,39,0,-0.7293078392763963,0.81,5.104131232311457,1.3870580196380615,0,continue,-0.41948173748112916,0
100,40,0,-0.8419586410289801,0.81,5.237414939218013,1.434456467628479,0,continue,-1.2614403785101094,0
100,41,2,-0.6572242142263405,0.81,5.328516738628888,1.5067412853240967,0,continue,-1.9186645927364498,0
100,42,0,-0.47964610930272117,0.81,5.443071041173978,1.5853981971740723,0,continue,-2.398310702039171,0
100,43,0,-0.3672263224211036,0.81,5.4806416843517045,1.6259758472442627,0,continue,-2.765537024460275,0
100,44,0,-0.4609459938308672,0.81,5.5357448926257025,1.550220251083374,0,continue,-3.226483018291142,0
100,45,1,-0.46983890224111624,0.81,5.579349210020288,1.458590030670166,0,continue,-3.696321920532258,0
100,46,0,-0.29931530023637265,0.81,5.59605786342207,1.367740511894226,0,continue,-3.995637220768631,0
100,47,0,-0.23248828893536122,0.81,5.60412054252993,1.3310601711273193,0,continue,-4.228125509703992,0
100,48,2,-0.6068154622799911,0.81,5.66456105911807,1.2226382493972778,0,continue,-4.8349409719839835,0
100,49,0,-0.12657391722584374,0.81,5.687148208826099,1.1668791770935059,0,continue,-4.961514889209827,0
100,50,0,-0.5997902185299764,0.81,5.781317238467698,1.1654139757156372,0,continue,-5.561305107739804,0
100,51,0,-0.958531956645597,0.81,5.86258207066066,1.0879014730453491,0,continue,-6.519837064385401,0
100,52,0,-0.05611005014840964,0.81,5.898792203277143,1.04002046585083,0,continue,-6.57594711453381,0
100,53,0,-0.6529709157806298,0.81,5.922010739985372,0.9869418740272522,0,continue,-7.22891803031444,0
100,54,2,-0.5136233352518074,0.81,5.977222927786642,0.9096975922584534,0,continue,-7.742541365566248,0
100,55,1,-0.7297558307104564,0.81,6.0124324230299795,0.7668467164039612,0,continue,-8.472297196276704,0
100,56,0,-0.3244452371706732,0.81,6.026786179489967,0.6972416639328003,0,continue,-8.796742433447378,0
100,57,0,-0.13699503185105757,0.81,6.051251744184117,0.6224095821380615,0,continue,-8.933737465298435,0
100,58,2,-0.3546994962269372,0.81,6.081502002440159,0.5581070780754089,0,continue,-9.288436961525372,0
100,59,0,-0.3753675862064601,0.81,6.090943076297966,0.5306842923164368,0,continue,-9.663804547731832,0
100,60,0,-0.32630185330554295,0.81,6.114131187985461,0.4416999816894531,0,continue,-9.990106401037375,0
100,61,0,-0.5536344579122798,0.81,6.15499459068844,0.3098757863044739,0,continue,-10.543740858949654,0
100,62,2,-0.5701013953858816,0.81,6.167486466497084,0.2301895022392273,0,continue,-11.113842254335536,0
100,63,0,-31.05058480067708,0.81,6.163370847439186,0.17034362256526947,1,crush,-42.16442705501262,0
101,1,0,-1.0390672821732438,0.8081,5.0961756807144445,0.11999999731779099,0,continue,-1.0390672821732438,0
101,2,0,-1.0020106383364769,0.8081,5.096179338222713,0.12147851288318634,0,continue,-2.0410779205097205,0
101,3,0,-1.0217593074448457,0.8081,5.096183392471575,0.11999999731779099,0,continue,-3.0628372279545664,0
101,4,2,-30.46687453395702,0.8081,5.096180266917838,0.11999999731779099,1,crush,-33.529711761911585,0
102,1,0,0.0,0.8062,5.814842709805585,1.0945826768875122,0,continue,0.0,0
102,2,0,0.0074882765327690445,0.8062,5.812242917132329,1.0969369411468506,0,continue,0.0074882765327690445,0
102,3,0,0.3645981715316918,0.8062,5.738019637150885,1.1012171506881714,0,continue,0.37208644806446084,0
102,4,0,0.5003248198420791,0.8062,5.639788378316139,1.0946470499038696,0,continue,0.8724112679065399,0
102,5,1,0.6888204064159063,0.8062,5.501339093922268,1.1214038133621216,0,continue,1.5612316743224461,0
102,6,1,0.48112988815833174,0.8062,5.404737484878581,1.1888370513916016,0,continue,2.042361562480778,0
102,7,1,0.5976544071296114,0.8062,5.284452624068684,1.3463144302368164,0,continue,2.6400159696103893,0
102,8,0,0.4840896113821406,0.8062,5.19789253272456,1.450127124786377,0,continue,3.1241055809925298,0
102,9,2,0.5773240075074141,0.8062,5.12024702722617,1.5328727960586548,0,continue,3.701429588499944,0
102,10,0,0.620842051654713,0.8062,5.010672101231425,1.718688726425171,0,continue,4.322271640154657,0
102,11,1,0.11683603606261439,0.8062,4.987182941133196,1.7414486408233643,0,continue,4.439107676217271,0
102,12,0,0.26210431548873936,0.8062,4.933434827311641,1.7940354347229004,0,continue,4.7012119917060105,0
102,13,0,0.13764084618032654,0.8062,4.900564084135812,1.8782237768173218,0,continue,4.838852837886337,0
102,14,1,0.385707750530697,0.8062,4.8269482872415095,1.9147402048110962,0,continue,5.2245605884170345,0
102,15,1,0.3783343872487804,0.8062,4.750485946321484,1.8600479364395142,0,continue,5.602894975665815,0
102,16,2,-0.20422289537051067,0.8062,4.719309225572673,1.8200591802597046,0,continue,5.398672080295304,0
102,17,0,0.2887387175034821,0.8062,4.672163299938964,1.797817349433899,0,continue,5.687410797798786,0
102,18,0,0.41479782967569767,0.8062,4.574643649353494,1.6694717407226562,0,continue,6.102208627474484,0
102,19,0,0.10594211377182217,0.8062,4.557845941077089,1.627654790878296,0,continue,6.208150741246306,0
102,20,0,0.04145641852466907,0.8062,4.548886848070195,1.5746631622314453,0,continue,6.249607159770975,0
102,21,0,0.36988621752489714,0.8062,4.510032241854581,1.511536955833435,0,continue,6.619493377295872,0
102,22,0,-0.1923272918536748,0.8062,4.472768610959311,1.4736950397491455,0,continue,6.427166085442197,0
102,23,2,0.32883337436696336,0.8062,4.460933921725143,1.454222321510315,0,continue,6.755999459809161,0
102,24,2,0.36544907109687225,0.8062,4.433330429482887,1.4420650005340576,0,continue,7.121448530906033,0
102,25,0,0.16865553939606626,0.8062,4.384163544302126,1.4122281074523926,0,continue,7.2901040703021,0
102,26,0,0.5246485830299868,0.8062,4.27614268975961,1.3947687149047852,0,continue,7.814752653332087,0
102,27,0,0.9632705507535926,0.8062,4.1667054463303765,1.365739345550537,0,continue,8.77802320408568,0
102,28,1,0.061597828190172635,0.8062,4.154268818762983,1.3454395532608032,0,continue,8.839621032275852,0
102,29,0,0.250824446971376,0.8062,4.104749420473121,1.3069753646850586,0,continue,9.090445479247228,0
102,30,0,0.20757694328611362,0.8062,4.068623137560908,1.194252848625183,0,continue,9.298022422533341,0
102,31,0,0.027459023457028643,0.8062,4.060011373247415,1.125290036201477,0,continue,9.32548144599037,0
102,32,0,0.11482416632584741,0.8062,4.022704660848634,1.061447024345398,0,continue,9.440305612316218,0
102,33,0,-0.8085252065689846,0.8062,3.9987882447480425,0.998871922492981,0,continue,8.631780405747232,0
102,34,0,0.0509874641675894,0.8062,3.993798203872599,0.9943134188652039,0,continue,8.682767869914821,0
102,35,0,0.13901343384580955,0.8062,3.9759453868580787,0.9557998776435852,0,continue,8.82178130376063,0
102,36,0,-0.05998235441121567,0.8062,3.966247920952069,0.9164284467697144,0,continue,8.761798949349416,0
102,37,0,-0.020304173708577566,0.8062,3.961885269052052,0.9002201557159424,0,continue,8.741494775640838,0
102,38,0,0.03527712864375126,0.8062,3.9603863606241148,0.8823173642158508,0,continue,8.776771904284589,0
102,39,2,-0.054697921617731245,0.8062,3.964344886999437,0.8595384359359741,0,continue,8.722073982666858,0
102,40,1,-0.4721045850189023,0.8062,3.9878346267515226,0.8143859505653381,0,continue,8.249969397647956,0
102,41,0,-0.10377861731664498,0.8062,3.999955221188133,0.7818635106086731,0,continue,8.146190780331311,0
102,42,2,-0.3421767091903473,0.8062,4.066351344860375,0.7456900477409363,0,continue,7.804014071140964,0
102,43,0,-0.4519479904251679,0.8062,4.121778572897433,0.7385979294776917,0,continue,7.352066080715796,0
102,44,0,-0.15588332585467768,0.8062,4.14769399567869,0.7431895136833191,0,continue,7.196182754861118,0
102,45,0,-0.30386892331353915,0.8062,4.207262874831449,0.7599415183067322,0,continue,6.892313831547579,0
102,46,0,-0.3162571659603334,0.8062,4.272309666681353,0.7781021595001221,0,continue,6.576056665587245,0
102,47,2,-0.47745170071965376,0.8062,4.31962135923725,0.8203780055046082,0,continue,6.098604964867591,0
102,48,0,-0.22792095796728695,0.8062,4.32000779701485,0.8340628743171692,0,continue,5.870684006900304,0
102,49,2,-0.4607444871730019,0.8062,4.36939926644691,0.8810662031173706,0,continue,5.409939519727303,0
102,50,2,-0.9779112636697596,0.8062,4.524445238531272,0.9852906465530396,0,continue,4.432028256057543,0
102,51,1,-0.7996857552520662,0.8062,4.584271514332442,0.9963064193725586,0,continue,3.6323425008054766,0
102,52,0,-0.5079678446430661,0.8062,4.645511280667071,1.0281227827072144,0,continue,3.1243746561624106,0
102,53,2,-0.725390173991399,0.8062,4.750588061107762,1.0866029262542725,0,continue,2.3989844821710116,0
102,54,1,-1.0627892719655072,0.8062,4.862711197605295,1.1542426347732544,0,continue,1.3361952102055044,0
102,55,0,-0.408318285512488,0.8062,4.905553514243662,1.1747876405715942,0,continue,0.9278769246930163,0
102,56,1,-0.4127837157295171,0.8062,4.947973201287222,1.2437636852264404,0,continue,0.5150932089634992,0
102,57,0,-0.7143664689549774,0.8062,5.055407876095648,1.31854248046875,0,continue,-0.19927325999147816,0
102,58,0,-0.6557791834285212,0.8062,5.187904690736713,1.358214259147644,0,continue,-0.8550524434199993,0
102,59,0,-0.5300628942489931,0.8062,5.261092059581691,1.3986371755599976,0,continue,-1.3851153376689924,0
102,60,0,-0.8738903003088585,0.8062,5.40267914224863,1.5114336013793945,0,continue,-2.259005637977851,0
102,61,0,-0.30058888486311114,0.8062,5.426476246495434,1.5298742055892944,0,continue,-2.5595945228409622,0
102,62,0,-0.7974290974821472,0.8062,5.552777008260676,1.3962438106536865,0,continue,-3.357023620323109,0
102,63,0,-0.799707244062347,0.8062,5.679672921783527,1.268143892288208,0,continue,-4.156730864385456,0
102,64,0,-0.7442314519395647,0.8062,5.7906766874810485,1.1941859722137451,0,continue,-4.900962316325021,0
102,65,0,-0.7380581932950843,0.8062,5.906120696585351,1.0708508491516113,0,continue,-5.639020509620106,0
102,66,2,-0.8201403512769372,0.8062,6.02982996188415,0.9769930243492126,0,continue,-6.459160860897043,0
102,67,0,-0.2721615158427555,0.8062,6.048141547274767,0.9122092127799988,0,continue,-6.731322376739799,0
102,68,2,-0.5116166337390655,0.8062,6.108029337749796,0.8166195154190063,0,continue,-7.242939010478865,0
102,69,0,-0.46604393736562666,0.8062,6.15854223775999,0.6821490526199341,0,continue,-7.708982947844492,0
102,70,1,-0.3090026542875923,0.8062,6.172441751641593,0.6145771145820618,0,continue,-8.017985602132084,0
102,71,0,-0.3188946089214529,0.8062,6.194914293507785,0.5962134599685669,0,continue,-8.336880211053536,0
102,72,2,-0.34643283513333684,0.8062,6.217883839290994,0.5471652150154114,0,continue,-8.683313046186873,0
102,73,0,-0.19218331236711236,0.8062,6.2189947040781925,0.4828425347805023,0,continue,-8.875496358553985,0
102,74,2,-0.20452337450019403,0.8062,6.209169851510255,0.4602890610694885,0,continue,-9.08001973305418,0
102,75,2,-0.10380866219662657,0.8062,6.1682907670128255,0.387899249792099,0,continue,-9.183828395250806,0
102,76,0,-0.26629965939876044,0.8062,6.147821503202815,0.3341590464115143,0,continue,-9.450128054649566,0
102,77,0,-0.7870694754439005,0.8062,6.118337120048426,0.27052220702171326,0,continue,-10.237197530093466,0
102,78,0,-0.9499014849920209,0.8062,6.144979770792315,0.214389830827713,0,continue,-11.187099015085487,0
102,79,0,-31.340563685535916,0.8062,6.178926270066818,0.14805439114570618,1,crush,-42.527662700621406,0
103,1,2,-0.4684954691859163,0.8043,3.4667530420338637,0.11999999731779099,0,continue,-0.4684954691859163,0
103,2,0,-1.033884068035134,0.8043,3.466542559907984,0.11999999731779099,0,continue,-1.5023795372210502,0
103,3,2,-0.4674315762476069,0.8043,3.466215023478848,0.11999999731779099,0,continue,-1.9698111134686571,0
103,4,1,-30.767951892360987,0.8043,3.4660288294043657,0.11999999731779099,1,crush,-32.73776300582964,0
104,1,2,0.0,0.8024,5.580874289236415,1.3246294260025024,0,continue,0.0,0
104,2,0,0.20277680779623056,0.8024,5.5383499137223895,1.321753978729248,0,continue,0.20277680779623056,0
104,3,1,0.29147012373976644,0.8024,5.488289131373472,1.3098024129867554,0,continue,0.49424693153599697,0
104,4,2,0.5303078411207607,0.8024,5.318058542870603,1.312528133392334,0,continue,1.0245547726567577,0
104,5,0,0.6548302650485989,0.8024,5.1926013574936025,1.3820966482162476,0,continue,1.6793850377053565,0
104,6,0,0.26992506819982537,0.8024,5.148300441795138,1.4545214176177979,0,continue,1.9493101059051818,0
104,7,0,0.45660102680845605,0.8024,5.05093882683045,1.6028172969818115,0,continue,2.405911132713638,0
104,8,0,0.2110263773532773,0.8024,5.009818613118067,1.715943455696106,0,continue,2.6169375100669154,0
104,9,0,0.5115020032045675,0.8024,4.895790787273299,1.8341472148895264,0,continue,3.128439513271483,0
104,10,0,0.33232572983074404,0.8024,4.851932483927539,1.8968602418899536,0,continue,3.4607652431022267,0
104,11,0,0.5825190383029708,0.8024,4.728137086858514,1.9220603704452515,0,continue,4.043284281405198,0
104,12,0,0.5027171256398776,0.8024,4.6050324950533765,1.8955875635147095,0,continue,4.546001407045075,0
104,13,0,0.6284426728923358,0.8024,4.483146318860337,1.8429386615753174,0,continue,5.174444079937411,0
104,14,1,0.09170798445628818,0.8024,4.463926455783519,1.782436490058899,0,continue,5.266152064393699,0
104,15,0,0.3447191644685203,0.8024,4.4037830831561715,1.629155158996582,0,continue,5.610871228862219,0
104,16,1,0.7885235373322089,0.8024,4.2460009668190155,1.4794518947601318,0,continue,6.399394766194428,0
104,17,0,1.012204635305142,0.8024,4.047844439662555,1.4319922924041748,0,continue,7.41159940149957,0
104,18,0,0.10319478300603889,0.8024,4.035558363620891,1.319847583770752,0,continue,7.514794184505609,0
104,19,0,0.29356008440602116,0.8024,3.9832593593370507,1.2433346509933472,0,continue,7.80835426891163,0
104,20,0,0.8855763861373277,0.8024,3.8182383570081546,1.0890721082687378,0,continue,8.693930655048957,0
104,21,0,0.695598537684838,0.8024,3.6866714948537163,0.9836583137512207,0,continue,9.389529192733795,0
104,22,0,0.5857444857258125,0.8024,3.5747634719971635,0.9243370294570923,0,continue,9.975273678459608,0
104,23,0,0.6625970851616373,0.8024,3.4540874585658816,0.7926470041275024,0,continue,10.637870763621246,0
104,24,1,0.3482795850804683,0.8024,3.3843723215386676,0.6569111347198486,0,continue,10.986150348701713,0
104,25,0,0.7736699295276954,0.8024,3.238527413407631,0.5084254741668701,0,continue,11.759820278229409,0
104,26,0,0.5370753505745823,0.8024,3.1272250793510303,0.4098770022392273,0,continue,12.296895628803991,0
104,27,0,-0.05824266480298898,0.8024,3.11631219010646,0.3768482506275177,0,continue,12.238652964001002,0
104,28,0,-0.18113142421890432,0.8024,3.118865728287188,0.3275701105594635,0,continue,12.057521539782098,0
104,29,0,-0.5912169136642362,0.8024,3.1195261205753892,0.23280707001686096,0,continue,11.46630462611786,0
104,30,1,-30.434568149857682,0.8024,3.1183121680855055,0.14263510704040527,1,crush,-18.96826352373982,0
105,1,2,-0.4658215452166475,0.8005,7.146684513286028,0.11999999731779099,0,continue,-0.4658215452166475,0
105,2,0,-0.990955956718259,0.8005,7.1467484824839875,0.12015971541404724,0,continue,-1.4567775019349065,0
105,3,0,-0.9718399079346576,0.8005,7.147476178695477,0.11999999731779099,0,continue,-2.428617409869564,0
105,4,0,-31.00765632264089,0.8005,7.147623778868374,0.11999999731779099,1,crush,-33.43627373251046,0
106,1,0,0.0,0.7986,6.000285917688122,0.8926911354064941,0,continue,0.0,0
106,2,0,-0.004691848737736115,0.7986,6.0002872913965675,0.9053421020507812,0,continue,-0.004691848737736115,0
106,3,0,0.06495865580719902,0.7986,5.987160451689653,0.8955060243606567,0,continue,0.060266807069462906,0
106,4,0,0.5706754548067234,0.7986,5.873735871212776,0.9033815860748291,0,continue,0.6309422618761863,0
106,5,2,0.6235826022592964,0.7986,5.749019138569378,0.889866054058075,0,continue,1.2545248641354827,0
106,6,1,-0.10619807441237786,0.7986,5.7102571384163445,0.8938868045806885,0,continue,1.1483267897231049,0
106,7,0,0.5326479180466744,0.7986,5.603723397577128,0.9107101559638977,0,continue,1.6809747077697792,0
106,8,0,0.6496823642278904,0.7986,5.48730193161931,1.0628682374954224,0,continue,2.3306570719976696,0
106,9,2,0.012463038289763006,0.7986,5.485050400134418,1.174900770187378,0,continue,2.3431201102874324,0
106,10,2,0.7649162376335603,0.7986,5.334076050549056,1.267526388168335,0,continue,3.1080363479209927,0
106,11,2,0.629476699169214,0.7986,5.2081789364706035,1.401270866394043,0,continue,3.7375130470902067,0
106,12,0,0.6379125160023124,0.7986,5.08215560819308,1.414713740348816,0,continue,4.375425563092519,0
106,13,0,0.338000526814374,0.7986,5.018782210754139,1.4904587268829346,0,continue,4.713426089906893,0
106,14,1,0.6743181848979457,0.7986,4.88390781582458,1.647170901298523,0,continue,5.387744274804838,0
106,15,2,0.3764090579605968,0.7986,4.749064141101727,1.798917293548584,0,continue,5.764153332765435,0
106,16,1,0.19757461993672343,0.7986,4.6495453825476,1.8588335514068604,0,continue,5.961727952702159,0
106,17,1,0.1653869695412162,0.7986,4.616237457294334,1.9307959079742432,0,continue,6.127114922243375,0
106,18,0,0.5658424544004101,0.7986,4.506713273323141,1.7355223894119263,0,continue,6.692957376643784,0
106,19,0,0.2954663290863854,0.7986,4.446557286240529,1.6288950443267822,0,continue,6.9884237057301695,0
106,20,1,0.22490035790065083,0.7986,4.399141686717813,1.5671528577804565,0,continue,7.213324063630821,0
106,21,0,0.36991103411458237,0.7986,4.311326263921009,1.4724241495132446,0,continue,7.583235097745403,0
106,22,0,0.5248181620011252,0.7986,4.2129304937817,1.3976143598556519,0,continue,8.108053259746528,0
106,23,0,0.8883499148124174,0.7986,4.036991822544792,1.336898684501648,0,continue,8.996403174558946,0
106,24,2,0.48523103055770944,0.7986,3.939406424734956,1.2656546831130981,0,continue,9.481634205116656,0
106,25,2,0.8717882732227594,0.7986,3.7644812622194523,1.1345713138580322,0,continue,10.353422478339414,0
106,26,2,0.35772901668580165,0.7986,3.692862494396078,0.962920069694519,0,continue,10.711151495025216,0
106,27,0,0.38018170595183765,0.7986,3.6129317559954006,0.8666089773178101,0,continue,11.091333200977054,0
106,28,0,0.2048410379775737,0.7986,3.5677070839816856,0.7633616924285889,0,continue,11.296174238954627,0
106,29,1,0.1350181054781588,0.7986,3.5401252157232195,0.6787967085838318,0,continue,11.431192344432786,0
106,30,2,-0.13033744229535207,0.7986,3.498903755889723,0.599908173084259,0,continue,11.300854902137434,0
106,31,0,0.06423694898358141,0.7986,3.48942148230773,0.5165958404541016,0,continue,11.365091851121015,0
106,32,2,-0.15684649292759767,0.7986,3.5084741793852388,0.4698809087276459,0,continue,11.208245358193418,0
106,33,1,-0.5211381081939082,0.7986,3.540482393682378,0.42382898926734924,0,continue,10.68710724999951,0
106,34,2,-0.721381289532085,0.7986,3.5971102059509446,0.38098540902137756,0,continue,9.965725960467426,0
106,35,0,-0.7336682966795334,0.7986,3.6645989820863054,0.3852294087409973,0,continue,9.232057663787891,0
106,36,2,-0.245967586641539,0.7986,3.700833179937351,0.3983716666698456,0,continue,8.986090077146352,0
106,37,0,-1.792217947124946,0.7986,3.824777593406594,0.4213106632232666,0,continue,7.193872130021406,0
106,38,0,-2.0250152051557686,0.7986,3.9927000031816444,0.513909637928009,0,continue,5.168856924865637,0
106,39,2,-0.4075468522064174,0.7986,4.074209373622928,0.5263564586639404,0,continue,4.76131007265922,0
106,40,2,-0.3960330428587877,0.7986,4.153415982194685,0.5936949253082275,0,continue,4.365277029800432,0
106,41,0,-0.5337681221794572,0.7986,4.268899078790916,0.7241877913475037,0,continue,3.831508907620975,0
106,42,0,-0.7860247114585255,0.7986,4.393784512075053,0.82147216796875,0,continue,3.04548419616245,0
106,43,2,-0.5619435086628226,0.7986,4.465799867916276,0.8735176920890808,0,continue,2.4835406874996275,0
106,44,0,-0.4228753136077807,0.7986,4.519883691258315,1.0085877180099487,0,continue,2.060665373891847,0
106,45,0,-0.5391879681842706,0.7986,4.5874774841218064,1.0901730060577393,0,continue,1.5214774057075764,0
106,46,0,-0.49505991632954477,0.7986,4.642694623058377,1.1943256855010986,0,continue,1.0264174893780316,0
106,47,2,-0.3224935596978198,0.7986,4.662282342402824,1.2497124671936035,0,continue,0.7039239296802118,0
106,48,0,-0.6185747082955555,0.7986,4.743918794102838,1.352396845817566,0,continue,0.08534922138465628,0
106,49,0,-0.4298755718638329,0.7986,4.81764326005576,1.4190133810043335,0,continue,-0.3445263504791766,0
106,50,0,-0.20462874730828817,0.7986,4.83808599420543,1.4352900981903076,0,continue,-0.5491550977874649,0
106,51,0,-1.0343631599460126,0.7986,4.928148132969195,1.4685487747192383,0,continue,-1.5835182577334774,0
106,52,0,-0.6192254583898159,0.7986,4.994106010996075,1.5382815599441528,0,continue,-2.2027437161232934,0
106,53,2,-0.39836492069493074,0.7986,5.026229992300006,1.5386908054351807,0,continue,-2.6011086368182244,0
106,54,1,-0.6943284085458258,0.7986,5.062177563966813,1.628868579864502,0,continue,-3.29543704536405,0
106,55,0,-0.25063334025055956,0.7986,5.0868448469455085,1.684954285621643,0,continue,-3.5460703856146094,0
106,56,2,-0.2427994793190493,0.7986,5.0856337241604495,1.7174954414367676,0,continue,-3.7888698649336585,0
106,57,0,0.026792888895444483,0.7986,5.068497482705786,1.7489103078842163,0,continue,-3.7620769760382142,0
106,58,0,-0.4113721983426677,0.7986,5.053179836520806,1.7607495784759521,0,continue,-4.173449174380882,0
106,59,0,-0.3703307301720308,0.7986,5.044133903774841,1.7584041357040405,0,continue,-4.543779904552912,0
106,60,0,-0.17929250012915504,0.7986,5.038161180561949,1.7423275709152222,0,continue,-4.723072404682068,0
106,61,2,-0.17526509812903068,0.7986,5.031203053641551,1.6491403579711914,0,continue,-4.898337502811098,0
106,62,1,-0.4038044058119797,0.7986,5.028678472597223,1.5801739692687988,0,continue,-5.302141908623078,0
106,63,0,-0.19254404810910866,0.7986,5.028842929736559,1.549826741218567,0,continue,-5.494685956732186,0
106,64,2,-0.158002701208645,0.7986,5.0043720846177,1.429663062095642,0,continue,-5.652688657940831,0
106,65,2,-0.14099292049797973,0.7986,4.987835479993363,1.3890373706817627,0,continue,-5.793681578438811,0
106,66,0,0.21195411576948658,0.7986,4.90316245586985,1.35923171043396,0,continue,-5.581727462669324,0
106,67,0,0.162531140342339,0.7986,4.8349946581254875,1.3028689622879028,0,continue,-5.419196322326985,0
106,68,2,-0.1797061055223412,0.7986,4.830546204202771,1.2892428636550903,0,continue,-5.5989024278493265,0
106,69,1,-0.21773616561538228,0.7986,4.779035363384378,1.1968914270401,0,continue,-5.816638593464709,0
106,70,0,0.1848689171841627,0.7986,4.717551957333001,1.0730549097061157,0,continue,-5.631769676280546,0
106,71,2,0.20152822447906976,0.7986,4.676637831201984,1.0153247117996216,0,continue,-5.430241451801476,0
106,72,0,0.3408649144926562,0.7986,4.62340223422599,0.9276793003082275,0,continue,-5.089376537308819,0
106,73,1,0.27315407547157444,0.7986,4.57295813536152,0.8527936935424805,0,continue,-4.816222461837245,0
106,74,0,0.10909239405608542,0.7986,4.527871160935223,0.7651060223579407,0,continue,-4.70713006778116,0
106,75,2,0.09772425055248454,0.7986,4.507798519942774,0.6720854640007019,0,continue,-4.609405817228675,0
106,76,2,0.04921935496769856,0.7986,4.497713918903775,0.5868287682533264,0,continue,-4.560186462260976,0
106,77,0,-0.0586615071060406,0.7986,4.477571958860341,0.4371076226234436,0,continue,-4.618847969367017,0
106,78,2,-0.20061497562755212,0.7986,4.483645189940558,0.3562202751636505,0,continue,-4.8194629449945685,0
106,79,0,-0.22729917986145454,0.7986,4.493013426349926,0.3321121037006378,0,continue,-5.0467621248560235,0
106,80,0,-0.48642562993950367,0.7986,4.540057185214425,0.28002917766571045,0,continue,-5.533187754795527,0
106,81,1,-30.661385964818706,0.7986,4.593232588761416,0.19972659647464752,1,crush,-36.19457371961423,0
107,1,2,0.44971248507499695,0.7967,2.361403979006217,0.9367468357086182,0,continue,0.44971248507499695,0
107,2,0,0.15250640749009658,0.7967,2.3296694917441543,0.9397810697555542,0,continue,0.6022188925650935,0
107,3,2,0.5261876361119906,0.7967,2.298879267580944,0.9329977631568909,0,continue,1.1284065286770841,0
107,4,0,-0.1298467958278129,0.7967,2.311255368456745,0.9340121150016785,0,continue,0.9985597328492712,0
107,5,2,-0.0924861398971896,0.7967,2.3263882550676303,0.945284366607666,0,continue,0.9060735929520817,0
107,6,0,0.4286920999034853,0.7967,2.374865319120695,0.9378247261047363,0,continue,1.334765692855567,0
107,7,0,-0.14839154990446046,0.7967,2.4202824982055082,0.9216378927230835,0,continue,1.1863741429511063,0
107,8,1,-0.23893733925814126,0.7967,2.4652518303129347,0.90413498878479,0,continue,0.947436803692965,0
107,9,0,-0.08457439502872398,0.7967,2.481871492955168,0.8882890343666077,0,continue,0.862862408664241,0
107,10,0,-0.20757668191356843,0.7967,2.5279568535889854,0.7569195628166199,0,continue,0.6552857267506726,0
107,11,1,-0.20593176250023681,0.7967,2.5579278279117474,0.690130889415741,0,continue,0.44935396425043583,0
107,12,1,-0.38004975476904,0.7967,2.631787578742262,0.6219751834869385,0,continue,0.06930420948139582,0
107,13,0,-0.5340071351103359,0.7967,2.736571757035639,0.592614471912384,0,continue,-0.4647029256289401,0
107,14,2,-0.5082000901026069,0.7967,2.8342140251197927,0.5173216462135315,0,continue,-0.972903015731547,0
107,15,0,-0.19355115431736258,0.7967,2.8865923995916,0.4774644374847412,0,continue,-1.1664541700489095,0
107,16,1,-0.5436084367387779,0.7967,2.955664433269568,0.3299321234226227,0,continue,-1.7100626067876874,0
107,17,2,-0.6408219383493559,0.7967,2.963270376202972,0.222800150513649,0,continue,-2.3508845451370433,0
107,18,1,-30.672455077542853,0.7967,2.962132647823034,0.19250336289405823,1,crush,-33.0233396226799,0
108,1,0,0.0,0.7948,5.722396517236085,1.6189619302749634,0,continue,0.0,0
108,2,2,-0.26008281411961653,0.7948,5.774317874563789,1.6119271516799927,0,continue,-0.26008281411961653,0
108,3,2,-0.5262982473170339,0.7948,5.8793184396791185,1.5979835987091064,0,continue,-0.7863810614366504,0
108,4,2,-0.5724880631899243,0.7948,5.993170849815583,1.6139470338821411,0,continue,-1.3588691246265747,0
108,5,1,-0.8480528397299996,0.7948,6.10235779349814,1.6014907360076904,0,continue,-2.2069219643565745,0
108,6,2,-0.8162100204775462,0.7948,6.205202164692065,1.5418120622634888,0,continue,-3.0231319848341207,0
108,7,0,0.2978186964225047,0.7948,6.219845561708647,1.4467912912368774,0,continue,-2.7253132884116162,0
108,8,1,-0.2817137178201627,0.7948,6.273805364899642,1.4149954319000244,0,continue,-3.007027006231779,0
108,9,1,-0.26713611623698497,0.7948,6.31613117477839,1.334793210029602,0,continue,-3.2741631224687637,0
108,10,2,-0.452372430480762,0.7948,6.337095378832688,1.2977672815322876,0,continue,-3.726535552949526,0
108,11,2,-0.049506676625228785,0.7948,6.338045615703463,1.2623615264892578,0,continue,-3.7760422295747547,0
108,12,0,-0.24610340480255408,0.7948,6.325799574441684,1.1934646368026733,0,continue,-4.022145634377309,0
108,13,1,0.06429072610067896,0.7948,6.308877583649437,1.0876158475875854,0,continue,-3.95785490827663,0
108,14,0,-0.054488675336200734,0.7948,6.251458952357102,1.0190622806549072,0,continue,-4.0123435836128305,0
108,15,0,-0.07478294840338587,0.7948,6.251950084407712,0.9960674047470093,0,continue,-4.0871265320162165,0
108,16,0,0.24804414539994443,0.7948,6.203942812556982,0.9417172074317932,0,continue,-3.839082386616272,0
108,17,2,0.30318766304086187,0.7948,6.1315462856011465,0.8779012560844421,0,continue,-3.53589472357541,0
108,18,1,0.08818468944266061,0.7948,6.077612817358274,0.8710305094718933,0,continue,-3.4477100341327493,0
108,19,0,0.4049409955647702,0.7948,5.989607529726595,0.8727132081985474,0,continue,-3.0427690385679793,0
108,20,0,0.17308437515924602,0.7948,5.90042467809925,0.8544371128082275,0,continue,-2.869684663408733,0
108,21,0,-0.3001140288465023,0.7948,5.899102959291523,0.8657658100128174,0,continue,-3.1697986922552355,0
108,22,2,0.1756766983939641,0.7948,5.815208127165706,0.9433155059814453,0,continue,-2.9941219938612713,0
108,23,1,0.3251577206969244,0.7948,5.731613856303532,0.9526980519294739,0,continue,-2.668964273164347,0
108,24,0,0.19657409926518,0.7948,5.6781911659985855,0.9485811591148376,0,continue,-2.472390173899167,0
108,25,0,0.2036161414672763,0.7948,5.652171513781728,0.934682309627533,0,continue,-2.2687740324318906,0
108,26,2,0.7855164732414701,0.7948,5.492829920123343,0.9324048161506653,0,continue,-1.4832575591904205,0
108,27,0,0.15300847961815645,0.7948,5.431450220058234,0.9650639891624451,0,continue,-1.3302490795722641,0
108,28,1,0.6114041092733321,0.7948,5.362678326452273,0.9779717922210693,0,continue,-0.718844970298932,0
108,29,0,0.4417023985593543,0.7948,5.273104137326467,1.0980244874954224,0,continue,-0.27714257173957774,0
108,30,0,0.3752123523136811,0.7948,5.193118262644924,1.1276023387908936,0,continue,0.09806978057410337,0
108,31,0,0.10613085244606407,0.7948,5.179312524737824,1.1870232820510864,0,continue,0.20420063302016744,0
108,32,0,0.3978707349924818,0.7948,5.148736142000646,1.214546799659729,0,continue,0.6020713680126493,0
108,33,2,0.2702010929524524,0.7948,5.076219650515942,1.225785732269287,0,continue,0.8722724609651017,0
108,34,1,-0.09760520993118343,0.7948,5.049112915602571,1.2316826581954956,0,continue,0.7746672510339183,0
108,35,0,0.18400098389678404,0.7948,5.006573442501925,1.2328755855560303,0,continue,0.9586682349307023,0
108,36,0,0.4160510077043023,0.7948,4.931432099766103,1.1814486980438232,0,continue,1.3747192426350046,0
108,37,0,-0.23018599571723464,0.7948,4.83031314115214,1.1949903964996338,0,continue,1.1445332469177698,0
108,38,2,0.019764623872336306,0.7948,4.822128545996119,1.2035212516784668,0,continue,1.1642978707901062,0
108,39,0,0.0842162753810392,0.7948,4.759477056968535,1.2361233234405518,0,continue,1.2485141461711453,0
108,40,0,0.4764695847231155,0.7948,4.648002445993405,1.227493405342102,0,continue,1.7249837308942608,0
108,41,0,0.5317673655180498,0.7948,4.541188740368924,1.2242984771728516,0,continue,2.2567510964123105,0
108,42,2,0.1816811033891795,0.7948,4.504385967630878,1.1636255979537964,0,continue,2.43843219980149,0
108,43,0,0.16272940296559602,0.7948,4.484793205689453,1.0651146173477173,0,continue,2.6011616027670863,0
108,44,0,0.30369657020353563,0.7948,4.424668575082904,1.0042574405670166,0,continue,2.9048581729706218,0
108,45,0,0.45758443607186466,0.7948,4.32682776299416,0.9205111861228943,0,continue,3.3624426090424864,0
108,46,0,0.8571444185027026,0.7948,4.157792325451249,0.9015684127807617,0,continue,4.219587027545189,0
108,47,0,0.6001268472292678,0.7948,4.066818599556235,0.8511824607849121,0,continue,4.819713874774457,0
108,48,0,0.9105192934983813,0.7948,3.9072146558983283,0.7798389196395874,0,continue,5.730233168272838,0
108,49,0,0.5118048216622427,0.7948,3.7997296305159987,0.6512085199356079,0,continue,6.24203798993508,0
108,50,0,0.3254059895425441,0.7948,3.7471064322380627,0.5890135765075684,0,continue,6.567443979477624,0
108,51,1,0.5978613854790201,0.7948,3.6316484597051057,0.5282638072967529,0,continue,7.1653053649566445,0
108,52,0,0.584336502580329,0.7948,3.5070069499532894,0.39331597089767456,0,continue,7.749641867536973,0
108,53,2,0.23484723381313166,0.7948,3.4419645145406537,0.3841293454170227,0,continue,7.984489101350105,0
108,54,0,-0.3032133092899755,0.7948,3.4538025994140527,0.3115249574184418,0,continue,7.68127579206013,0
108,55,2,-30.253195877519694,0.7948,3.42257372191859,0.17197243869304657,1,crush,-22.571920085459563,0
109,1,0,-0.9793756146164811,0.7929,3.1564750677064475,0.11999999731779099,0,continue,-0.9793756146164811,0
109,2,0,-0.9674050123170668,0.7929,3.1564748043677153,0.11999999731779099,0,continue,-1.946780626933548,0
109,3,0,-1.0447978304188592,0.7929,3.1564749039216107,0.11999999731779099,0,continue,-2.991578457352407,0
109,4,1,-30.468496310503642,0.7929,3.156475007863205,0.11999999731779099,1,crush,-33.46007476785605,0
110,1,0,0.0,0.791,5.8818600899297255,1.0080573558807373,0,continue,0.0,0
110,2,0,-0.010874508786546565,0.791,5.881862787379273,1.0130457878112793,0,continue,-0.010874508786546565,0
110,3,0,0.49559720414228525,0.791,5.783995427914751,1.0298281908035278,0,continue,0.4847226953557387,0
110,4,0,0.3138715701400545,0.791,5.71811803929122,1.0159350633621216,0,continue,0.7985942654957932,0
110,5,0,0.5865288141621621,0.791,5.602346431014901,1.0188910961151123,0,continue,1.3851230796579552,0
110,6,0,0.7604084152861503,0.791,5.454401806032296,1.0731309652328491,0,continue,2.1455314949441053,0
110,7,0,0.4829759269889039,0.791,5.363103894844955,1.16268789768219,0,continue,2.6285074219330093,0
110,8,0,0.24587036415968655,0.791,5.322919932407351,1.2727981805801392,0,continue,2.874377786092696,0
110,9,0,0.5786186904544407,0.791,5.217368940259326,1.4054783582687378,0,continue,3.4529964765471366,0
110,10,2,0.6055614058552355,0.791,5.095929382451621,1.4954605102539062,0,continue,4.058557882402372,0
110,11,0,0.6120616737734536,0.791,4.975031787216607,1.542568325996399,0,continue,4.670619556175826,0
110,12,0,0.26916713566307815,0.791,4.931103435796943,1.6448800563812256,0,continue,4.939786691838904,0
110,13,2,0.5000820571001405,0.791,4.830789131628679,1.7496922016143799,0,continue,5.439868748939045,0
110,14,2,0.5499796032172062,0.791,4.720362668603323,1.8843278884887695,0,continue,5.989848352156251,0
110,15,0,0.3651606357764855,0.791,4.656240765707683,1.882224440574646,0,continue,6.355008987932736,0
110,16,0,0.5599895065987527,0.791,4.546385571286027,1.847808599472046,0,continue,6.914998494531489,0
110,17,0,0.6414842687042449,0.791,4.429576028713227,1.700326919555664,0,continue,7.556482763235734,0
110,18,0,0.3734626208541284,0.791,4.35929268543457,1.6420626640319824,0,continue,7.929945384089862,0
110,19,0,0.38335209920684693,0.791,4.290456687857436,1.5549014806747437,0,continue,8.31329748329671,0
110,20,2,0.5766335101633411,0.791,4.176042573560735,1.4255691766738892,0,continue,8.889930993460052,0
110,21,0,0.3642221394428027,0.791,4.11517024994187,1.2873790264129639,0,continue,9.254153132902854,0
110,22,2,0.09178502693862292,0.791,4.0992031416779176,1.271225094795227,0,continue,9.345938159841477,0
110,23,0,0.6369583850741604,0.791,3.980867410701921,1.1311049461364746,0,continue,9.982896544915638,0
110,24,0,0.7583247771801447,0.791,3.8395592041847224,1.0070630311965942,0,continue,10.741221322095782,0
110,25,2,0.33221937417533676,0.791,3.775234095317601,0.9422434568405151,0,continue,11.073440696271119,0
110,26,1,0.19715109363716343,0.791,3.675032843821211,0.7966519594192505,0,continue,11.270591789908282,0
110,27,2,0.14729503539236824,0.791,3.5861257003644575,0.6882147192955017,0,continue,11.41788682530065,0
110,28,1,-0.23551801030016745,0.791,3.573220459473342,0.6911004185676575,0,continue,11.182368815000483,0
110,29,1,0.4307130458692485,0.791,3.4864031059915614,0.6524543762207031,0,continue,11.613081860869732,0
110,30,0,0.5318482647800944,0.791,3.391250835880973,0.5117421746253967,0,continue,12.144930125649827,0
110,31,0,0.3636122797319806,0.791,3.317454655672007,0.4253128170967102,0,continue,12.508542405381808,0
110,32,0,-0.29713267195162735,0.791,3.317657858733202,0.3069954514503479,0,continue,12.21140973343018,0
110,33,0,-0.5263325751951449,0.791,3.3067603327628747,0.22796040773391724,0,continue,11.685077158235035,0
110,34,1,-30.524398669105167,0.791,3.3063160696597724,0.11999999731779099,1,crush,-18.839321510870132,0
111,1,0,-0.9863532472582734,0.7891,7.160050215484051,0.11999999731779099,0,continue,-0.9863532472582734,0
111,2,0,-1.0129770072646334,0.7891,7.160050556580322,0.11999999731779099,0,continue,-1.9993302545229068,0
111,3,1,-0.4644092897119277,0.7891,7.160049628534922,0.11999999731779099,0,continue,-2.4637395442348344,0
111,4,0,-31.053026589895335,0.7891,7.1600479069078835,0.11999999731779099,1,crush,-33.51676613413017,0
112,1,0,0.0,0.7872,5.822956083399781,1.0969655513763428,0,continue,0.0,0
112,2,1,0.2790803229277989,0.7872,5.822873824468389,1.0835027694702148,0,continue,0.2790803229277989,0
112,3,0,0.36902308169229414,0.7872,5.749569076563962,1.085822343826294,0,continue,0.6481034046200931,0
112,4,0,0.5107851328107359,0.7872,5.648155527978072,1.0797455310821533,0,continue,1.1588885374308289,0
112,5,2,0.12856342536385496,0.7872,5.622152233525791,1.0849123001098633,0,continue,1.2874519627946839,0
112,6,0,0.2493587518932669,0.7872,5.569115801695853,1.1134060621261597,0,continue,1.5368107146879508,0
112,7,0,0.08074251974588167,0.7872,5.547343467411251,1.218253254890442,0,continue,1.6175532344338326,0
112,8,2,0.07758486276454354,0.7872,5.5286791407734865,1.2931345701217651,0,continue,1.695138097198376,0
112,9,2,0.1514454394939498,0.7872,5.495087898834188,1.3775155544281006,0,continue,1.8465835366923258,0
112,10,0,0.31811333029438277,0.7872,5.486212682137172,1.3920366764068604,0,continue,2.1646968669867084,0
112,11,1,0.3468699302177687,0.7872,5.468274309359757,1.4239336252212524,0,continue,2.511566797204477,0
112,12,0,0.22677014406884882,0.7872,5.455127006042348,1.4752166271209717,0,continue,2.738336941273326,0
112,13,2,0.01881976025776767,0.7872,5.451276236385622,1.5048798322677612,0,continue,2.7571567015310934,0
112,14,1,-0.1028153798193391,0.7872,5.447712632138556,1.5379287004470825,0,continue,2.654341321711754,0
112,15,0,0.1806516070392281,0.7872,5.400932644201886,1.5882858037948608,0,continue,2.8349929287509825,0
112,16,2,0.08006785481853665,0.7872,5.3790148130323,1.5841618776321411,0,continue,2.915060783569519,0
112,17,1,0.05564341992342251,0.7872,5.340456606489251,1.607064127922058,0,continue,2.9707042034929416,0
112,18,1,0.5678882916384332,0.7872,5.25377016154241,1.6328070163726807,0,continue,3.538592495131375,0
112,19,2,0.10732704407485011,0.7872,5.1713437274162875,1.6948938369750977,0,continue,3.645919539206225,0
112,20,0,0.33444776805875315,0.7872,5.100857587489665,1.690186619758606,0,continue,3.980367307264978,0
112,21,2,0.12081600653162923,0.7872,5.076583594051924,1.802214503288269,0,continue,4.101183313796607,0
112,22,0,0.5621794763245825,0.7872,4.97300921607082,1.9295490980148315,0,continue,4.66336279012119,0
112,23,1,0.43900953208021354,0.7872,4.884290109761268,1.85105562210083,0,continue,5.102372322201403,0
112,24,0,0.47528877876081504,0.7872,4.791961056121382,1.8414137363433838,0,continue,5.577661100962218,0
112,25,1,0.08814345375923938,0.7872,4.774207871935955,1.7555686235427856,0,continue,5.665804554721458,0
112,26,0,0.2317761393518406,0.7872,4.735749786065639,1.621002435684204,0,continue,5.897580694073298,0
112,27,0,0.2511830791682512,0.7872,4.682267468722267,1.5409983396530151,0,continue,6.14876377324155,0
112,28,0,0.32872214254318505,0.7872,4.615613961877372,1.458059310913086,0,continue,6.477485915784735,0
112,29,0,0.12710511228494076,0.7872,4.5882141913849805,1.40692138671875,0,continue,6.604591028069676,0
112,30,0,0.3432480511999293,0.7872,4.518554380696674,1.3543275594711304,0,continue,6.947839079269605,0
112,31,1,0.3404016397022982,0.7872,4.440473671199148,1.2764161825180054,0,continue,7.288240718971903,0
112,32,0,0.11570908698643073,0.7872,4.398265193022988,1.2267215251922607,0,continue,7.403949805958334,0
112,33,2,0.26361739938876017,0.7872,4.3451700326888965,1.1842689514160156,0,continue,7.667567205347094,0
112,34,0,0.43826001069147863,0.7872,4.25847953803698,1.1400363445281982,0,continue,8.105827216038573,0
112,35,0,0.07842612109354666,0.7872,4.1900046875007115,1.0490773916244507,0,continue,8.18425333713212,0
112,36,0,0.25573280104171353,0.7872,4.128801953949593,1.0223443508148193,0,continue,8.439986138173833,0
112,37,0,0.30449803661233626,0.7872,4.066649712720866,0.9736779928207397,0,continue,8.74448417478617,0
112,38,0,0.3057637507484024,0.7872,4.012760190015415,0.8890023231506348,0,continue,9.050247925534572,0
112,39,0,0.5452707494588138,0.7872,3.897291133015255,0.8833956122398376,0,continue,9.595518674993386,0
112,40,0,0.4097726235032482,0.7872,3.8409642928621945,0.8441699147224426,0,continue,10.005291298496633,0
112,41,0,0.4248949719371264,0.7872,3.7671124614472355,0.8063676953315735,0,continue,10.43018627043376,0
112,42,0,0.2602886684014286,0.7872,3.7085044996671224,0.7184624671936035,0,continue,10.69047493883519,0
112,43,0,0.11384432121241683,0.7872,3.692450020596962,0.6193246841430664,0,continue,10.804319260047606,0
112,44,2,0.263649582251421,0.7872,3.6255897961891104,0.5802756547927856,0,continue,11.067968842299027,0
112,45,2,0.3096124225839638,0.7872,3.5505541089885027,0.47919967770576477,0,continue,11.377581264882991,0
112,46,0,0.1723423396989236,0.7872,3.51358766451289,0.46118420362472534,0,continue,11.549923604581915,0
112,47,0,0.8010366057461022,0.7872,3.371543712155453,0.425814151763916,0,continue,12.350960210328017,0
112,48,0,0.7533824806231822,0.7872,3.228564306622566,0.37517493963241577,0,continue,13.1043426909512,0
112,49,1,-0.09243897414631859,0.7872,3.2124174843112465,0.3654039800167084,0,continue,13.01190371680488,0
112,50,0,-0.6579314809765593,0.7872,3.2253684428477074,0.22859665751457214,0,continue,12.353972235828321,0
112,51,0,-30.991934681147153,0.7872,3.219870846095484,0.1579415202140808,1,crush,-18.637962445318834,0
113,1,2,-0.4684954691859163,0.7853,5.69341815603198,0.11999999731779099,0,continue,-0.4684954691859163,0
113,2,0,-1.0193085375443645,0.7853,5.6935798363922405,0.11999999731779099,0,continue,-1.4878040067302807,0
113,3,0,-1.0208307439124984,0.7853,5.693606206267157,0.11999999731779099,0,continue,-2.508634750642779,0
113,4,2,-30.469387877475942,0.7853,5.693772425981116,0.11999999731779099,1,crush,-32.97802262811872,0
114,1,0,0.0,0.7834,5.768889139338069,1.1534005403518677,0,continue,0.0,0
114,2,0,0.1740031378731388,0.7834,5.73026410216426,1.155273199081421,0,continue,0.1740031378731388,0
114,3,0,0.3148612528098335,0.7834,5.667952508373924,1.1520746946334839,0,continue,0.4888643906829723,0
114,4,0,0.3097009308932538,0.7834,5.6048063673245245,1.1522412300109863,0,continue,0.7985653215762261,0
114,5,0,0.20402933825816522,0.7834,5.5679995440006715,1.1940962076187134,0,continue,1.0025946598343913,0
114,6,0,0.11953442535900219,0.7834,5.545888276355433,1.2366926670074463,0,continue,1.1221290851933936,0
114,7,0,0.1974234262234446,0.7834,5.508599249640026,1.2835543155670166,0,continue,1.3195525114168383,0
114,8,0,0.1356361593610708,0.7834,5.486653895172044,1.3469429016113281,0,continue,1.4551886707779091,0
114,9,1,0.2140695392649866,0.7834,5.443127034337122,1.3807772397994995,0,continue,1.6692582100428957,0
114,10,1,0.20443284148230934,0.7834,5.401452404241318,1.442561388015747,0,continue,1.873691051525205,0
114,11,0,0.17144612176354374,0.7834,5.370665290108752,1.518309473991394,0,continue,2.0451371732887487,0
114,12,0,0.22347699860385506,0.7834,5.331485632922562,1.5734204053878784,0,continue,2.2686141718926036,0
114,13,0,0.052415930482407266,0.7834,5.325376965515147,1.6248161792755127,0,continue,2.321030102375011,0
114,14,0,0.1777431467386856,0.7834,5.293452520127333,1.6887767314910889,0,continue,2.4987732491136967,0
114,15,0,0.09462093883787373,0.7834,5.278397409377024,1.7472336292266846,0,continue,2.5933941879515703,0
114,16,0,0.126739885161837,0.7834,5.254269092790702,1.7511388063430786,0,continue,2.720134073113407,0
114,17,1,0.1028321221818151,0.7834,5.232833075272331,1.822795033454895,0,continue,2.8229661952952223,0
114,18,0,0.04232888933491448,0.7834,5.2252868475867,1.859099268913269,0,continue,2.865295084630137,0
114,19,0,0.06604269479638751,0.7834,5.215883626263141,1.918742060661316,0,continue,2.9313377794265243,0
114,20,2,0.061040185804592584,0.7834,5.202742200298388,1.8597934246063232,0,continue,2.9923779652311167,0
114,21,2,0.023927422815442023,0.7834,5.197403817757643,1.841988205909729,0,continue,3.0163053880465585,0
114,22,2,0.0215172260193218,0.7834,5.192153783470221,1.7742087841033936,0,continue,3.03782261406588,0
114,23,0,0.020503802702022966,0.7834,5.1920676581479865,1.7079801559448242,0,continue,3.058326416767903,0
114,24,1,-0.007564572384523993,0.7834,5.192717814470157,1.6712464094161987,0,continue,3.050761844383379,0
114,25,0,0.058062050375640564,0.7834,5.169693270577382,1.5945091247558594,0,continue,3.1088238947590194,0
114,26,2,0.21298427625919042,0.7834,5.123757373083522,1.5129179954528809,0,continue,3.3218081710182097,0
114,27,0,0.28510631271570597,0.7834,5.0646905095855805,1.4266345500946045,0,continue,3.6069144837339158,0
114,28,0,0.06707033756054812,0.7834,5.042707197085854,1.3872203826904297,0,continue,3.673984821294464,0
114,29,1,0.19098474085226716,0.7834,5.0001362753153265,1.3787286281585693,0,continue,3.8649695621467313,0
114,30,0,0.45629269260967786,0.7834,4.894169604816635,1.3357434272766113,0,continue,4.321262254756409,0
114,31,0,0.10403676845328812,0.7834,4.813036309979071,1.304160237312317,0,continue,4.425299023209697,0
114,32,0,0.05599459063955804,0.7834,4.771925690333041,1.2829179763793945,0,continue,4.481293613849255,0
114,33,0,0.6573428922169748,0.7834,4.659403953508864,1.1600042581558228,0,continue,5.13863650606623,0
114,34,0,0.40288086981192556,0.7834,4.579495424644506,1.0726184844970703,0,continue,5.541517375878155,0
114,35,0,-0.03921963622466064,0.7834,4.562598669736461,1.017086148262024,0,continue,5.5022977396534944,0
114,36,1,0.6168030024871766,0.7834,4.438186708337336,0.8939973711967468,0,continue,6.119100742140671,0
114,37,0,0.549784248988927,0.7834,4.32900399146748,0.7969439029693604,0,continue,6.668884991129598,0
114,38,0,0.16955969516727398,0.7834,4.29405024571775,0.7458523511886597,0,continue,6.838444686296873,0
114,39,0,0.5989863075223237,0.7834,4.174261037428787,0.6451500058174133,0,continue,7.437430993819197,0
114,40,0,0.5784436387106163,0.7834,4.059463168945485,0.5638353824615479,0,continue,8.015874632529814,0
114,41,0,0.2095168622085236,0.7834,4.013612889849141,0.4483344256877899,0,continue,8.225391494738338,0
114,42,0,-0.17472343993264286,0.7834,3.9772666612968486,0.29941144585609436,0,continue,8.050668054805694,0
114,43,0,-31.003913401187017,0.7834,3.9748927563324266,0.14755858480930328,1,crush,-22.953245346381323,0
115,1,0,-1.039729608985988,0.7815,3.162761266384406,0.11999999731779099,0,continue,-1.039729608985988,0
115,2,0,-1.0222651228145514,0.7815,3.1627623382944083,0.11999999731779099,0,continue,-2.0619947318005396,0
115,3,2,-0.46850200268906406,0.7815,3.1627631880197677,0.11999999731779099,0,continue,-2.5304967344896037,0
115,4,1,-30.76850220932374,0.7815,3.1627641664929667,0.11999999731779099,1,crush,-33.298998943813345,0
116,1,0,0.0,0.7796,5.712052500947798,1.188301920890808,0,continue,0.0,0
116,2,1,0.019474812213911008,0.7796,5.711802256870303,1.185122013092041,0,continue,0.019474812213911008,0
116,3,0,0.2259455528165374,0.7796,5.666846840215528,1.1827877759933472,0,continue,0.2454203650304484,0
116,4,0,0.17110040727252987,0.7796,5.6331192245214785,1.1859841346740723,0,continue,0.41652077230297824,0
116,5,2,0.27927893029193507,0.7796,5.575548677955618,1.1980938911437988,0,continue,0.6957997025949133,0
116,6,2,0.2586087878177888,0.7796,5.5137476746469805,1.183048129081726,0,continue,0.9544084904127021,0
116,7,1,-0.2534389452677852,0.7796,5.499748271063194,1.2041906118392944,0,continue,0.7009695451449169,0
116,8,2,0.6223859589650932,0.7796,5.310076555101738,1.3319624662399292,0,continue,1.32335550411001,0
116,9,2,0.6513752355577163,0.7796,5.176431962974215,1.3945776224136353,0,continue,1.9747307396677263,0
116,10,1,0.4364950155710299,0.7796,5.074430718825345,1.4551136493682861,0,continue,2.411225755238756,0
116,11,0,0.26774580535624803,0.7796,5.029120780135902,1.5871446132659912,0,continue,2.678971560595004,0
116,12,0,0.5843259772938146,0.7796,4.925532811195384,1.704339861869812,0,continue,3.2632975378888185,0
116,13,0,0.5269095865766894,0.7796,4.823114071948831,1.7975411415100098,0,continue,3.790207124465508,0
116,14,0,0.49300668698269784,0.7796,4.728630072198271,1.842607021331787,0,continue,4.2832138114482055,0
116,15,0,0.11165085014853832,0.7796,4.714159964295455,1.9283792972564697,0,continue,4.394864661596744,0
116,16,1,0.41057467778588097,0.7796,4.621556870558946,1.7534559965133667,0,continue,4.805439339382625,0
116,17,2,0.11558792273955085,0.7796,4.540365848546255,1.6744788885116577,0,continue,4.921027262122176,0
116,18,0,0.1700120251136429,0.7796,4.501506367328682,1.6669024229049683,0,continue,5.0910392872358186,0
116,19,0,0.34576289833790286,0.7796,4.43180604586366,1.5933170318603516,0,continue,5.436802185573722,0
116,20,2,0.277755878275675,0.7796,4.364215648314163,1.5014312267303467,0,continue,5.714558063849397,0
116,21,1,-0.16293794459937308,0.7796,4.334492110612103,1.4575680494308472,0,continue,5.551620119250024,0
116,22,0,0.32652305948610727,0.7796,4.2595502844529936,1.3971177339553833,0,continue,5.878143178736131,0
116,23,0,0.2806734937777272,0.7796,4.206190154640266,1.2987743616104126,0,continue,6.158816672513859,0
116,24,0,0.27871309962257224,0.7796,4.142550264071673,1.269252061843872,0,continue,6.437529772136431,0
116,25,0,0.3419161029121515,0.7796,4.075174486386171,1.2430609464645386,0,continue,6.779445875048582,0
116,26,0,-0.009921944977424667,0.7796,4.0646524440598695,1.1998364925384521,0,continue,6.769523930071157,0
116,27,1,0.24993614835000058,0.7796,4.014560860978447,1.1497889757156372,0,continue,7.019460078421158,0
116,28,0,0.13696568549020233,0.7796,3.982694211247049,1.1054621934890747,0,continue,7.15642576391136,0
116,29,1,0.12692812181876714,0.7796,3.9704009386698362,1.0235846042633057,0,continue,7.283353885730127,0
116,30,0,-0.03701252650595483,0.7796,3.9723969747832863,1.019683599472046,0,continue,7.246341359224172,0
116,31,0,0.15019608685785302,0.7796,3.9419713901724234,0.9156324863433838,0,continue,7.396537446082025,0
116,32,0,0.1811552896275797,0.7796,3.9313866528849783,0.9101822376251221,0,continue,7.577692735709605,0
116,33,1,0.8951032898662691,0.7796,3.8529310399880825,0.9009261727333069,0,continue,8.472796025575875,0
116,34,2,0.057800539088991354,0.7796,3.780849626682219,0.9070692658424377,0,continue,8.530596564664865,0
116,35,0,0.17607938576632565,0.7796,3.7503583625485204,0.8914064764976501,0,continue,8.70667595043119,0
116,36,1,0.427146321426501,0.7796,3.6857407226431835,0.8530417084693909,0,continue,9.133822271857692,0
116,37,0,0.320988480212996,0.7796,3.6252864573447408,0.760921061038971,0,continue,9.454810752070689,0
116,38,0,0.16909268121986243,0.7796,3.594874100412735,0.7180391550064087,0,continue,9.62390343329055,0
116,39,1,0.3915901795135396,0.7796,3.5355225363679246,0.655073881149292,0,continue,10.01549361280409,0
116,40,1,0.3566109345295009,0.7796,3.481817558677661,0.5598112344741821,0,continue,10.37210454733359,0
116,41,2,-0.2527603611619931,0.7796,3.4718472241502307,0.4916381239891052,0,continue,10.119344186171597,0
116,42,0,0.21180875859261447,0.7796,3.426784422841203,0.453411728143692,0,continue,10.331152944764211,0
116,43,0,0.17986376789092845,0.7796,3.3725987071601566,0.35990622639656067,0,continue,10.51101671265514,0
116,44,0,-0.08774828644371133,0.7796,3.360935222919492,0.326598584651947,0,continue,10.423268426211429,0
116,45,1,-0.06991328763762801,0.7796,3.3463818365544986,0.2922194004058838,0,continue,10.353355138573802,0
116,46,1,-0.331669346015163,0.7796,3.350486754563534,0.23139211535453796,0,continue,10.021685792558639,0
116,47,0,-31.186525216504798,0.7796,3.3385209345390896,0.1380728930234909,1,crush,-21.16483942394616,0
117,1,1,-0.4684954691859163,0.7777000000000001,3.2136796574057644,0.11999999731779099,0,continue,-0.4684954691859163,0
117,2,0,-1.0577953854812188,0.7777000000000001,3.2131579640439942,0.11999999731779099,0,continue,-1.526290854667135,0
117,3,2,-0.4683446595820442,0.7777000000000001,3.213081216384125,0.11999999731779099,0,continue,-1.9946355142491792,0
117,4,1,-30.768818263700545,0.7777000000000001,3.2131148750409366,0.11999999731779099,1,crush,-32.76345377794973,0
118,1,2,0.0,0.7758,5.502749587194458,1.4145925045013428,0,continue,0.0,0
118,2,0,0.19526017404785687,0.7758,5.464477049059661,1.4140890836715698,0,continue,0.19526017404785687,0
118,3,0,0.25050399724348343,0.7758,5.404494874709853,1.4040968418121338,0,continue,0.44576417129134027,0
118,4,0,0.2910837044680981,0.7758,5.335727977909147,1.4063081741333008,0,continue,0.7368478757594383,0
118,5,0,0.3324909271340187,0.7758,5.2657325330087845,1.3991031646728516,0,continue,1.069338802893457,0
118,6,0,0.29010746783631125,0.7758,5.1991653500463455,1.449485182762146,0,continue,1.359446270729768,0
118,7,1,0.09110472755485739,0.7758,5.192963021500019,1.5069973468780518,0,continue,1.4505509982846254,0
118,8,1,0.31806891256007375,0.7758,5.137019731698628,1.535785436630249,0,continue,1.7686199108446992,0
118,9,1,0.5539274433886079,0.7758,5.021473460537477,1.6229381561279297,0,continue,2.322547354233307,0
118,10,1,0.34668557662223165,0.7758,4.9493124906681984,1.7185226678848267,0,continue,2.6692329308555385,0
118,11,1,0.37243913349616997,0.7758,4.8747866093738255,1.7178558111190796,0,continue,3.0416720643517086,0
118,12,1,0.534789937445548,0.7758,4.766713833647743,1.8287897109985352,0,continue,3.576462001797257,0
118,13,1,0.16944062484703015,0.7758,4.731892390421868,1.9142779111862183,0,continue,3.7459026266442867,0
118,14,1,0.6172372562217725,0.7758,4.6137389642008,1.8974931240081787,0,continue,4.36313988286606,0
118,15,2,0.2676672592118525,0.7758,4.499865631026307,1.7796519994735718,0,continue,4.630807142077912,0
118,16,1,0.28270283757944614,0.7758,4.39502832032987,1.696079134941101,0,continue,4.913509979657358,0
118,17,1,0.49305141021507937,0.7758,4.305787880050098,1.5657488107681274,0,continue,5.406561389872437,0
118,18,1,0.8514739218166144,0.7758,4.14435676998041,1.4155853986740112,0,continue,6.258035311689052,0
118,19,0,0.7181975741789303,0.7758,4.007878271125887,1.3254915475845337,0,continue,6.976232885867982,0
118,20,0,0.3191766256225291,0.7758,3.9518426508686075,1.2125200033187866,0,continue,7.2954095114905115,0
118,21,0,0.5418209291056554,0.7758,3.853163036693342,1.0832287073135376,0,continue,7.837230440596167,0
118,22,2,0.511700229456784,0.7758,3.7501162919631903,0.9467515349388123,0,continue,8.348930670052951,0
118,23,0,0.39233404780269154,0.7758,3.675038064521281,0.8723714351654053,0,continue,8.741264717855643,0
118,24,0,0.18232185131913414,0.7758,3.646364297167173,0.7716235518455505,0,continue,8.923586569174777,0
118,25,0,0.3457309400798741,0.7758,3.574858634723,0.6910352110862732,0,continue,9.269317509254652,0
118,26,0,0.37432055694225225,0.7758,3.4981818769668993,0.5642205476760864,0,continue,9.643638066196903,0
118,27,0,0.26326620952820895,0.7758,3.443821791159154,0.5388938188552856,0,continue,9.906904275725113,0
118,28,2,0.3887389323359144,0.7758,3.3489580328534814,0.43381884694099426,0,continue,10.295643208061028,0
118,29,1,-0.2868668888513503,0.7758,3.315313382426602,0.3545933663845062,0,continue,10.008776319209678,0
118,30,1,0.09103925487135234,0.7758,3.261122821083785,0.31447717547416687,0,continue,10.099815574081031,0
118,31,0,-0.4139014272089905,0.7758,3.237234116833647,0.2451026439666748,0,continue,9.68591414687204,0
118,32,1,-30.281401944981063,0.7758,3.2270354282497014,0.19771495461463928,1,crush,-20.595487798109023,0
119,1,1,-0.468102756533233,0.7739,6.910756989910443,0.11999999731779099,0,continue,-0.468102756533233,0
119,2,0,-0.9890767210233073,0.7739,6.912618502010508,0.12067808210849762,0,continue,-1.4571794775565403,0
119,3,1,-0.46446776024785325,0.7739,6.912343766152701,0.11999999731779099,0,continue,-1.9216472378043936,0
119,4,1,-30.46975297489126,0.7739,6.912568045338906,0.11999999731779099,1,crush,-32.39140021269566,0
120,1,2,0.0,0.772,5.77314714431228,1.1436468362808228,0,continue,0.0,0
120,2,2,0.08701552995906703,0.772,5.755722740390707,1.1390892267227173,0,continue,0.08701552995906703,0
120,3,2,0.07817921507381793,0.772,5.731463407413521,1.1435621976852417,0,continue,0.16519474503288495,0
120,4,2,0.41739684256867804,0.772,5.641064491814384,1.1415014266967773,0,continue,0.582591587601563,0
120,5,2,0.2850460837989133,0.772,5.569104228609024,1.1745024919509888,0,continue,0.8676376714004763,0
120,6,2,0.46152772124663655,0.772,5.476794530671757,1.2194280624389648,0,continue,1.3291653926471128,0
120,7,0,0.3562192898776329,0.772,5.389582068831256,1.3169370889663696,0,continue,1.6853846825247456,0
120,8,1,0.283651369129667,0.772,5.3290646792160326,1.3790425062179565,0,continue,1.9690360516544125,0
120,9,0,0.22362605385203113,0.772,5.267148373817658,1.4722826480865479,0,continue,2.1926621055064435,0
120,10,0,0.07864115477852981,0.772,5.252398583910452,1.5274235010147095,0,continue,2.271303260284973,0
120,11,2,0.177779981550536,0.772,5.248437439831982,1.5808054208755493,0,continue,2.4490832418355093,0
120,12,0,0.007399370789475987,0.772,5.240748767931269,1.6294543743133545,0,continue,2.4564826126249852,0
120,13,0,-0.06370795928279538,0.772,5.250869878073739,1.6800154447555542,0,continue,2.39277465334219,0
120,14,2,-0.1460509506338819,0.772,5.273925994297047,1.6757360696792603,0,continue,2.246723702708308,0
120,15,2,-0.131665769951896,0.772,5.297829373862619,1.691839575767517,0,continue,2.115057932756412,0
120,16,0,-0.18911281801374774,0.772,5.342268411514246,1.7015846967697144,0,continue,1.925945114742664,0
120,17,0,0.15101513816425158,0.772,5.366465485798593,1.6973483562469482,0,continue,2.0769602529069155,0
120,18,0,-0.34769022434278396,0.772,5.424107156383053,1.6902693510055542,0,continue,1.7292700285641316,0
120,19,2,-0.5275390761301455,0.772,5.52484994983842,1.6651850938796997,0,continue,1.201730952433986,0
120,20,1,-0.46040918534354464,0.772,5.55043270477233,1.634037971496582,0,continue,0.7413217670904415,0
120,21,0,-0.47005917550384696,0.772,5.628957265102957,1.6002739667892456,0,continue,0.27126259158659455,0
120,22,0,-0.23799428987828591,0.772,5.673988357890844,1.5220751762390137,0,continue,0.033268301708308634,0
120,23,0,-0.022980400246360676,0.772,5.681232344728513,1.4356735944747925,0,continue,0.010287901461947958,0
120,24,2,-0.28873866408730253,0.772,5.69710127326509,1.4022833108901978,0,continue,-0.27845076262535456,0
120,25,0,-0.14874645015156798,0.772,5.736130729491856,1.3222874402999878,0,continue,-0.4271972127769226,0
120,26,0,-1.2401347533186275,0.772,5.775311468034887,1.2841486930847168,0,continue,-1.6673319660955501,0
120,27,2,-0.4183654437981016,0.772,5.81789966739266,1.280087947845459,0,continue,-2.0856974098936516,0
120,28,0,-0.26129047974127834,0.772,5.836959138631716,1.2737221717834473,0,continue,-2.34698788963493,0
120,29,0,-0.39247100548420355,0.772,5.865119549866158,1.226246953010559,0,continue,-2.7394588951191334,0
120,30,2,-0.505102300114411,0.772,5.925101463210108,1.2033240795135498,0,continue,-3.2445611952335445,0
120,31,0,-0.4227026778460745,0.772,5.972172434180768,1.1844244003295898,0,continue,-3.667263873079619,0
120,32,0,-0.3237433413333803,0.772,5.993446247888524,1.189207911491394,0,continue,-3.991007214412999,0
120,33,0,-0.5211984340924894,0.772,6.042186056304919,1.1550709009170532,0,continue,-4.512205648505488,0
120,34,2,-0.42647177389773117,0.772,6.0770586191102,1.14189612865448,0,continue,-4.938677422403219,0
120,35,0,-0.6373762641043664,0.772,6.158558523452941,1.1202647686004639,0,continue,-5.576053686507586,0
120,36,2,-0.7321959872565369,0.772,6.261696724904742,1.1094567775726318,0,continue,-6.308249673764123,0
120,37,2,-0.938719181699363,0.772,6.406956605368369,1.0696207284927368,0,continue,-7.246968855463486,0
120,38,0,-0.5803916851660351,0.772,6.500118732022328,1.0126310586929321,0,continue,-7.82736054062952,0
120,39,1,-0.7458108735184434,0.772,6.608201239870419,0.9227246046066284,0,continue,-8.573171414147964,0
120,40,0,-0.17821207503778913,0.772,6.625423678420378,0.8950221538543701,0,continue,-8.751383489185754,0
120,41,0,-0.7155766792361651,0.772,6.678249579861145,0.7897012233734131,0,continue,-9.466960168421918,0
120,42,0,-0.8317380970293686,0.772,6.743850981317393,0.7175264358520508,0,continue,-10.298698265451288,0
120,43,0,-1.2873817861839314,0.772,6.776474649279343,0.643206000328064,0,continue,-11.58608005163522,0
120,44,0,-0.6627783999511676,0.772,6.856695628939813,0.6224499940872192,0,continue,-12.248858451586386,0
120,45,1,-0.6358705694521597,0.772,6.9250769544687225,0.5510525107383728,0,continue,-12.884729021038545,0
120,46,0,-0.7579081747692076,0.772,7.03450937586656,0.5122821927070618,0,continue,-13.642637195807753,0
120,47,0,-0.764619389267259,0.772,7.143183559950065,0.4590643346309662,0,continue,-14.407256585075011,0
120,48,1,-0.5085803588654867,0.772,7.185408125163669,0.3912506103515625,0,continue,-14.915836943940498,0
120,49,1,-0.3938320271724639,0.772,7.194138873691195,0.34778231382369995,0,continue,-15.309668971112961,0
120,50,0,-0.26838393455677256,0.772,7.185102355115221,0.26336565613746643,0,continue,-15.578052905669734,0
120,51,0,-31.272951848414987,0.772,7.197184863775924,0.15405060350894928,1,crush,-46.85100475408472,0
121,1,1,-0.4684954691859163,0.7701,7.601479846663359,0.11999999731779099,0,continue,-0.4684954691859163,0
121,2,1,-0.46326029585863143,0.7701,7.601461852662337,0.11999999731779099,0,continue,-0.9317557650445477,0
121,3,2,-0.7721024440460427,0.7701,7.602183247634362,0.11999999731779099,0,continue,-1.7038582090905905,0
121,4,0,-32.23246169864256,0.7701,7.60228531401176,0.11999999731779099,1,crush,-33.93631990773315,0
122,1,0,0.0,0.7682,5.563673774456941,1.333776831626892,0,continue,0.0,0
122,2,0,-0.0011195432216252186,0.7682,5.562821023621473,1.3418127298355103,0,continue,-0.0011195432216252186,0
122,3,0,0.37335763432970936,0.7682,5.489228063935778,1.3418935537338257,0,continue,0.37223809110808415,0
122,4,0,0.31881302649622617,0.7682,5.423178441527175,1.340569257736206,0,continue,0.6910511176043104,0
122,5,1,0.613714277644147,0.7682,5.299819596609443,1.3378994464874268,0,continue,1.3047653952484572,0
122,6,0,0.1951280442938425,0.7682,5.264227824190717,1.382233738899231,0,continue,1.4998934395422998,0
122,7,0,0.5811735469888495,0.7682,5.150302292899006,1.4115747213363647,0,continue,2.081066986531149,0
122,8,0,0.4110491879744365,0.7682,5.07541934897044,1.496712565422058,0,continue,2.4921161745055858,0
122,9,2,0.45615049112211736,0.7682,5.0108080666122055,1.628395676612854,0,continue,2.948266665627703,0
122,10,0,0.5043426703073264,0.7682,4.912953883397994,1.6513712406158447,0,continue,3.4526093359350294,0
122,11,2,0.3481489282921984,0.7682,4.868277557965189,1.73660409450531,0,continue,3.8007582642272277,0
122,12,2,0.3659147798526958,0.7682,4.806924102114894,1.8403058052062988,0,continue,4.166673044079923,0
122,13,2,0.3008945669124388,0.7682,4.7437586709966,1.8910119533538818,0,continue,4.467567610992362,0
122,14,0,0.3191769283397657,0.7682,4.6839505233142935,1.8429871797561646,0,continue,4.786744539332128,0
122,15,2,0.6886243460975177,0.7682,4.538936902608452,1.7877572774887085,0,continue,5.475368885429646,0
122,16,0,0.1006908602246412,0.7682,4.5270618639868125,1.734177589416504,0,continue,5.576059745654287,0
122,17,1,0.5536763281832938,0.7682,4.41485767142049,1.670220136642456,0,continue,6.129736073837581,0
122,18,0,0.5775982673108093,0.7682,4.3069383699637385,1.587350606918335,0,continue,6.70733434114839,0
122,19,1,0.3609611160609247,0.7682,4.234430951272089,1.4882612228393555,0,continue,7.068295457209315,0
122,20,0,0.15821055910380216,0.7682,4.199394571665096,1.4808106422424316,0,continue,7.226506016313117,0
122,21,1,0.5450125364640434,0.7682,4.091546146713806,1.4325075149536133,0,continue,7.77151855277716,0
122,22,1,0.5856910828960915,0.7682,3.974601892994505,1.2847273349761963,0,continue,8.357209635673252,0
122,23,0,0.2677229918036125,0.7682,3.9306115381686455,1.192602276802063,0,continue,8.624932627476865,0
122,24,0,0.35001558883857625,0.7682,3.8561594227751943,1.1719045639038086,0,continue,8.974948216315441,0
122,25,1,0.3059723537206484,0.7682,3.782022448902933,1.0317953824996948,0,continue,9.28092057003609,0
122,26,0,0.18458931660405317,0.7682,3.7538309903880758,0.8946381211280823,0,continue,9.465509886640143,0
122,27,0,0.49574413765404224,0.7682,3.6505646749956933,0.8717134594917297,0,continue,9.961254024294186,0
122,28,0,0.41437819876933707,0.7682,3.5669563671653597,0.7763757705688477,0,continue,10.375632223063523,0
122,29,1,0.08557519608182036,0.7682,3.5534513628506073,0.7331801652908325,0,continue,10.461207419145342,0
122,30,0,0.2587361435501052,0.7682,3.505996031961837,0.707390546798706,0,continue,10.719943562695448,0
122,31,0,0.14675955412593883,0.7682,3.4689378597740714,0.6300963163375854,0,continue,10.866703116821387,0
122,32,0,0.010348110812176882,0.7682,3.460643866212936,0.5921698212623596,0,continue,10.877051227633565,0
122,33,0,0.17983194394357455,0.7682,3.4300193110671113,0.5004115700721741,0,continue,11.05688317157714,0
122,34,0,-0.017678079613767668,0.7682,3.4208949986083264,0.43959125876426697,0,continue,11.039205091963371,0
122,35,1,-0.11324328956136936,0.7682,3.42618945168081,0.37877070903778076,0,continue,10.925961802402002,0
122,36,0,-0.20716525265830915,0.7682,3.437102215183043,0.3268299400806427,0,continue,10.718796549743693,0
122,37,0,-0.49282965118023475,0.7682,3.4711632326137742,0.3013647496700287,0,continue,10.225966898563458,0
122,38,1,-0.47519936468439017,0.7682,3.517602779927057,0.2792973816394806,0,continue,9.750767533879067,0
122,39,0,-0.5276201682417622,0.7682,3.5846978071577738,0.2877296209335327,0,continue,9.223147365637304,0
122,40,0,-2.6549503320467074,0.7682,3.6857678394472986,0.26705148816108704,0,continue,6.568197033590597,0
122,41,0,-2.6061763603823405,0.7682,3.7419623110653317,0.2865913212299347,0,continue,3.962020673208256,0
122,42,1,-0.4427475735891407,0.7682,3.7987474205814835,0.31524884700775146,0,continue,3.5192730996191153,0
122,43,1,-0.29856432145536765,0.7682,3.844425352362919,0.39282333850860596,0,continue,3.220708778163748,0
122,44,0,-1.8215304383154067,0.7682,3.9502764566285253,0.4669813811779022,0,continue,1.399178339848341,0
122,45,0,-1.2514961339869126,0.7682,4.071974258731847,0.5316985249519348,0,continue,0.14768220586142844,0
122,46,1,-0.4602799012923951,0.7682,4.124030238990326,0.5699376463890076,0,continue,-0.31259769543096666,0
122,47,0,-0.7017072876597013,0.7682,4.159799078514606,0.5887814164161682,0,continue,-1.0143049830906679,0
122,48,0,-0.37060767484481283,0.7682,4.179484277919909,0.698063313961029,0,continue,-1.3849126579354807,0
122,49,0,-0.5588514492041634,0.7682,4.257084512371337,0.7569080591201782,0,continue,-1.943764107139644,0
122,50,0,-0.46170221970176073,0.7682,4.314850567589746,0.8307216763496399,0,continue,-2.4054663268414047,0
122,51,0,-0.47918412365781304,0.7682,4.37573394125492,0.8747842311859131,0,continue,-2.8846504504992176,0
122,52,0,-0.4420435980768842,0.7682,4.42568724874328,0.8982289433479309,0,continue,-3.326694048576102,0
122,53,0,-0.3086918297289537,0.7682,4.43598593202475,0.9697461724281311,0,continue,-3.6353858783050557,0
122,54,0,-0.4246919034860306,0.7682,4.481581923533359,0.9876906275749207,0,continue,-4.060077781791087,0
122,55,0,-0.3953531237286778,0.7682,4.539251130200816,1.042137622833252,0,continue,-4.455430905519765,0
122,56,0,0.15910941469216883,0.7682,4.562256846860111,1.078260898590088,0,continue,-4.296321490827596,0
122,57,0,-0.2155626053767292,0.7682,4.593008071739876,1.074247121810913,0,continue,-4.511884096204326,0
122,58,0,-0.681832621200803,0.7682,4.599904694065448,1.0787540674209595,0,continue,-5.193716717405128,0
122,59,0,0.11375349983824151,0.7682,4.58251194042523,1.0939279794692993,0,continue,-5.0799632175668865,0
122,60,2,-0.2175083120220819,0.7682,4.575007977384334,1.104966163635254,0,continue,-5.297471529588968,0
122,61,0,0.046402228817503055,0.7682,4.512559385865442,1.1039249897003174,0,continue,-5.251069300771465,0
122,62,1,0.22455629832845786,0.7682,4.465997275439164,1.0713131427764893,0,continue,-5.026513002443007,0
122,63,0,-0.03616645851934591,0.7682,4.44716463650286,1.0292680263519287,0,continue,-5.062679460962353,0
122,64,0,-0.0034567443929738872,0.7682,4.393653144099889,0.9758725166320801,0,continue,-5.066136205355327,0
122,65,2,-0.032376805580304424,0.7682,4.3599807122926135,0.847095251083374,0,continue,-5.098513010935632,0
122,66,0,-0.10621479541432778,0.7682,4.341683514026469,0.8081562519073486,0,continue,-5.204727806349959,0
122,67,0,0.059531073148704816,0.7682,4.290067953584858,0.6835382580757141,0,continue,-5.145196733201255,0
122,68,0,-0.0077290064455782514,0.7682,4.2538756659152055,0.5922408699989319,0,continue,-5.152925739646833,0
122,69,2,0.498066422323882,0.7682,4.147337575163839,0.5429533123970032,0,continue,-4.654859317322951,0
122,70,0,-0.23065893697190812,0.7682,4.0560853303268845,0.49601200222969055,0,continue,-4.885518254294859,0
122,71,2,0.10063516038969246,0.7682,4.0328469869176935,0.45915183424949646,0,continue,-4.784883093905167,0
122,72,0,0.11367375507535567,0.7682,3.999252087860566,0.3799343705177307,0,continue,-4.6712093388298115,0
122,73,1,-0.3264298378324822,0.7682,4.002604871294874,0.22588150203227997,0,continue,-4.997639176662294,0
122,74,0,-31.22197973365542,0.7682,3.9987659644858358,0.1232854351401329,1,crush,-36.21961891031771,0
123,1,0,-1.0124248553248323,0.7663,7.193263423674274,0.11999999731779099,0,continue,-1.0124248553248323,0
123,2,1,-0.46848432740699625,0.7663,7.193260856942819,0.11999999731779099,0,continue,-1.4809091827318286,0
123,3,2,-0.7691994912400719,0.7663,7.193388058913248,0.11999999731779099,0,continue,-2.2501086739719005,0
123,4,1,-30.77046357167895,0.7663,7.193762001260246,0.11999999731779099,1,crush,-33.02057224565085,0
124,1,0,0.0,0.7644,5.469205180894465,1.4227750301361084,0,continue,0.0,0
124,2,1,0.6781426221802467,0.7644,5.349696862261842,1.4289287328720093,0,continue,0.6781426221802467,0
124,3,2,0.34527454458510143,0.7644,5.2204173716895195,1.4371289014816284,0,continue,1.023417166765348,0
124,4,0,0.6520404742970357,0.7644,5.090971386411309,1.4411745071411133,0,continue,1.6754576410623838,0
124,5,0,0.7900680066332074,0.7644,4.936616944147989,1.4983880519866943,0,continue,2.4655256476955913,0
124,6,0,0.24619627497599889,0.7644,4.902110099476642,1.6859419345855713,0,continue,2.71172192267159,0
124,7,0,0.42668164793305086,0.7644,4.82247725111963,1.8337013721466064,0,continue,3.138403570604641,0
124,8,1,0.27108387218479757,0.7644,4.752563460506175,1.880279302597046,0,continue,3.409487442789439,0
124,9,2,-0.24714751727535186,0.7644,4.7330166293290805,1.8151278495788574,0,continue,3.162339925514087,0
124,10,0,0.1822457923984504,0.7644,4.718289301074024,1.744280219078064,0,continue,3.3445857179125373,0
124,11,0,0.3935302090191926,0.7644,4.662934216195034,1.6719845533370972,0,continue,3.73811592693173,0
124,12,2,0.604907386937124,0.7644,4.561064070607949,1.674613118171692,0,continue,4.343023313868854,0
124,13,1,-0.0028898389742321035,0.7644,4.494662515483475,1.6331820487976074,0,continue,4.340133474894622,0
124,14,0,0.6233053558417269,0.7644,4.322424143530331,1.581735610961914,0,continue,4.963438830736349,0
124,15,0,0.24305162186879545,0.7644,4.276487024747682,1.5025750398635864,0,continue,5.206490452605144,0
124,16,0,0.6418554223811703,0.7644,4.15914533845701,1.4187560081481934,0,continue,5.848345874986315,0
124,17,0,0.5980248141379022,0.7644,4.040844892779504,1.3086607456207275,0,continue,6.446370689124217,0
124,18,0,0.7998362313627686,0.7644,3.888958927150205,1.2184706926345825,0,continue,7.246206920486986,0
124,19,1,0.34107792671371046,0.7644,3.8200792190963386,1.090086817741394,0,continue,7.587284847200697,0
124,20,0,0.4898495802301549,0.7644,3.7287981290590078,0.9876028895378113,0,continue,8.07713442743085,0
124,21,0,0.6460025835905735,0.7644,3.611521777075821,0.8525485396385193,0,continue,8.723137011021425,0
124,22,0,0.6249165995533478,0.7644,3.4946336084043628,0.7634680867195129,0,continue,9.348053610574773,0
124,23,2,0.6651341869168219,0.7644,3.361176768076029,0.6211262941360474,0,continue,10.013187797491595,0
124,24,0,0.5760224942481252,0.7644,3.2560864032800128,0.4687511622905731,0,continue,10.58921029173972,0
124,25,1,0.20141352753017208,0.7644,3.1800520408524755,0.3207605183124542,0,continue,10.790623819269893,0
124,26,2,-0.5885278015510237,0.7644,3.1844154738575745,0.24698446691036224,0,continue,10.202096017718869,0
124,27,1,-30.723182676362732,0.7644,3.17993223592294,0.13967841863632202,1,crush,-20.521086658643863,0
125,1,2,-0.4684954691859163,0.7625,3.2481841553939415,0.11999999731779099,0,continue,-0.4684954691859163,0
125,2,0,-0.9792662851638974,0.7625,3.2475990528414607,0.11999999731779099,0,continue,-1.4477617543498136,0
125,3,0,-1.0198384613217337,0.7625,3.2478688852818505,0.11999999731779099,0,continue,-2.4676002156715473,0
125,4,0,-31.039359255265026,0.7625,3.2476211417119427,0.11999999731779099,1,crush,-33.50695947093657,0
126,1,0,0.0,0.7605999999999999,6.000288891810073,0.902168333530426,0,continue,0.0,0
126,2,0,-0.0033989197734724417,0.7605999999999999,6.000288412988793,0.9062266945838928,0,continue,-0.0033989197734724417,0
126,3,2,0.0007506359235569082,0.7605999999999999,6.000285062016335,0.8864185214042664,0,continue,-0.0026482838499155333,0
126,4,0,0.4142179041774291,0.7605999999999999,5.917835755460482,0.8988215923309326,0,continue,0.41156962032751354,0
126,5,1,0.6711289711486499,0.7605999999999999,5.783333145009008,0.901550829410553,0,continue,1.0826985914761633,0
126,6,2,0.28312575703763637,0.7605999999999999,5.666485075549496,0.9024749398231506,0,continue,1.3658243485137997,0
126,7,2,0.4582492612835253,0.7605999999999999,5.57530043114985,0.90965336561203,0,continue,1.824073609797325,0
126,8,2,0.13484028818573768,0.7605999999999999,5.548986455077262,0.9934908747673035,0,continue,1.9589138979830625,0
126,9,2,0.7218654789988229,0.7605999999999999,5.405215400185794,1.1456304788589478,0,continue,2.6807793769818855,0
126,10,1,0.4938838126607067,0.7605999999999999,5.246623165371044,1.3185538053512573,0,continue,3.174663189642592,0
126,11,0,0.029239885435307558,0.7605999999999999,5.242397313606266,1.3363817930221558,0,continue,3.2039030750779,0
126,12,1,0.2666858113545703,0.7605999999999999,5.187883335220545,1.437349557876587,0,continue,3.4705888864324703,0
126,13,1,0.3947658389529167,0.7605999999999999,5.094734549276505,1.627669334411621,0,continue,3.8653547253853873,0
126,14,1,0.26331831118557186,0.7605999999999999,5.032788132732629,1.653749942779541,0,continue,4.128673036570959,0
126,15,1,0.04009495691573837,0.7605999999999999,5.019123578833833,1.6916450262069702,0,continue,4.168767993486697,0
126,16,1,0.3319971163745923,0.7605999999999999,4.950474207956661,1.8134570121765137,0,continue,4.500765109861289,0
126,17,0,0.7564583188989018,0.7605999999999999,4.803374032699877,1.899928092956543,0,continue,5.2572234287601916,0
126,18,0,0.13367527784236014,0.7605999999999999,4.775955669483479,1.9255939722061157,0,continue,5.3908987066025515,0
126,19,0,0.21125932761946248,0.7605999999999999,4.740884955447731,1.8536839485168457,0,continue,5.602158034222014,0
126,20,0,0.2459150750486278,0.7605999999999999,4.684882979672206,1.799377202987671,0,continue,5.848073109270642,0
126,21,1,0.448790783969202,0.7605999999999999,4.604799117212863,1.7154192924499512,0,continue,6.296863893239844,0
126,22,1,0.1212837899759649,0.7605999999999999,4.60065053914025,1.6848710775375366,0,continue,6.418147683215809,0
126,23,0,0.4481813239603916,0.7605999999999999,4.506999087229732,1.6110522747039795,0,continue,6.8663290071762,0
126,24,1,0.3020791879167078,0.7605999999999999,4.42941711806457,1.5312261581420898,0,continue,7.168408195092908,0
126,25,0,0.13959245107886378,0.7605999999999999,4.398933467140952,1.4746860265731812,0,continue,7.308000646171772,0
126,26,0,0.16037977369319575,0.7605999999999999,4.355322780137257,1.375234842300415,0,continue,7.4683804198649675,0
126,27,0,-0.03951887717206976,0.7605999999999999,4.359360839491098,1.340812087059021,0,continue,7.428861542692898,0
126,28,1,-0.08966734864381895,0.7605999999999999,4.371072136784412,1.3196464776992798,0,continue,7.339194194049079,0
126,29,0,-0.25200060341000946,0.7605999999999999,4.416528218962736,1.2314773797988892,0,continue,7.087193590639069,0
126,30,1,-0.5611097471521465,0.7605999999999999,4.510745001033456,1.2201659679412842,0,continue,6.526083843486923,0
126,31,0,-0.8093628343205524,0.7605999999999999,4.58903306071976,1.2233564853668213,0,continue,5.7167210091663705,0
126,32,0,-1.7510647922312195,0.7605999999999999,4.679332682573737,1.241676926612854,0,continue,3.965656216935151,0
126,33,0,-0.523764657791996,0.7605999999999999,4.758119223346122,1.2930747270584106,0,continue,3.441891559143155,0
126,34,0,-0.03035435647861646,0.7605999999999999,4.7632072767562645,1.3367072343826294,0,continue,3.4115372026645385,0
126,35,1,-0.23403876311730953,0.7605999999999999,4.807229713914202,1.3826589584350586,0,continue,3.1774984395472288,0
126,36,0,-0.23877047145031874,0.7605999999999999,4.857018217270202,1.4380254745483398,0,continue,2.93872796809691,0
126,37,1,-1.3306042549060895,0.7605999999999999,4.904349564646258,1.5358680486679077,0,continue,1.6081237131908204,0
126,38,0,-0.6397893553706078,0.7605999999999999,4.992573571981991,1.5378539562225342,0,continue,0.9683343578202126,0
126,39,0,-1.7699675626966587,0.7605999999999999,5.127699904772808,1.586529016494751,0,continue,-0.8016332048764461,0
126,40,2,-0.7012281443095119,0.7605999999999999,5.226068418792603,1.656842827796936,0,continue,-1.502861349185958,0
126,41,0,-1.3730389525467326,0.7605999999999999,5.2665787152698185,1.686111569404602,0,continue,-2.8759003017326905,0
126,42,0,-0.6795555660003061,0.7605999999999999,5.363436064922137,1.809971570968628,0,continue,-3.555455867732997,0
126,43,1,-0.5103529460330096,0.7605999999999999,5.414396245194404,1.8765925168991089,0,continue,-4.065808813766006,0
126,44,1,-0.4632691858477895,0.7605999999999999,5.466743223261763,1.851626992225647,0,continue,-4.529077999613795,0
126,45,0,-0.472601876843568,0.7605999999999999,5.523274290220123,1.7278354167938232,0,continue,-5.001679876457363,0
126,46,2,-0.2476485514875494,0.7605999999999999,5.528634286992395,1.6862651109695435,0,continue,-5.249328427944913,0
126,47,0,-0.3514439614236605,0.7605999999999999,5.557387281595103,1.6496480703353882,0,continue,-5.600772389368573,0
126,48,0,-0.660340599970473,0.7605999999999999,5.540876508329078,1.5987979173660278,0,continue,-6.261112989339046,0
126,49,0,-0.08415512884585079,0.7605999999999999,5.502496084088409,1.5857890844345093,0,continue,-6.3452681181848964,0
126,50,1,-0.18594471310170368,0.7605999999999999,5.4902452921847145,1.5844298601150513,0,continue,-6.5312128312866005,0
126,51,0,-0.02069751147729032,0.7605999999999999,5.429331268931079,1.6013829708099365,0,continue,-6.5519103427638905,0
126,52,1,0.22222486778324452,0.7605999999999999,5.329576245104583,1.6742502450942993,0,continue,-6.329685474980646,0
126,53,0,-0.11938902913749576,0.7605999999999999,5.298356919167088,1.6618438959121704,0,continue,-6.449074504118142,0
126,54,0,0.22917715970001395,0.7605999999999999,5.218445525721537,1.7309261560440063,0,continue,-6.219897344418128,0
126,55,1,0.0469833895873801,0.7605999999999999,5.162075107010376,1.7852869033813477,0,continue,-6.172913954830748,0
126,56,2,-0.29942483814584236,0.7605999999999999,5.111641113217482,1.8661446571350098,0,continue,-6.472338792976591,0
126,57,2,-0.17314534730368447,0.7605999999999999,5.102937041020057,1.890785574913025,0,continue,-6.645484140280275,0
126,58,0,0.23681950997763235,0.7605999999999999,5.014448938311741,1.9319031238555908,0,continue,-6.408664630302643,0
126,59,0,0.6603531065489304,0.7605999999999999,4.902321033125556,1.8578046560287476,0,continue,-5.748311523753713,0
126,60,0,0.35031102152778926,0.7605999999999999,4.843091765839557,1.8198961019515991,0,continue,-5.398000502225924,0
126,61,2,0.2845951142513611,0.7605999999999999,4.7965970393243085,1.760891079902649,0,continue,-5.113405387974563,0
126,62,1,0.19887135559808208,0.7605999999999999,4.695720114729162,1.6828314065933228,0,continue,-4.914534032376481,0
126,63,2,0.23960184084201214,0.7605999999999999,4.611795054723587,1.6316676139831543,0,continue,-4.674932191534468,0
126,64,0,0.38463220504231055,0.7605999999999999,4.540085729419648,1.6163921356201172,0,continue,-4.290299986492158,0
126,65,0,0.651086787210599,0.7605999999999999,4.419198634435495,1.5312469005584717,0,continue,-3.639213199281559,0
126,66,1,0.2477299516215606,0.7605999999999999,4.369324703154305,1.4461733102798462,0,continue,-3.3914832476599983,0
126,67,0,0.57978056751328,0.7605999999999999,4.260775356719041,1.3319350481033325,0,continue,-2.8117026801467184,0
126,68,1,0.43880225858432176,0.7605999999999999,4.172277979645056,1.279830813407898,0,continue,-2.3729004215623966,0
126,69,0,0.40598671888866855,0.7605999999999999,4.094070769198772,1.2663289308547974,0,continue,-1.966913702673728,0
126,70,0,-0.05565288100844479,0.7605999999999999,4.086097427260502,1.2149344682693481,0,continue,-2.0225665836821727,0
126,71,0,0.08964225711506081,0.7605999999999999,4.049093791384743,1.1519707441329956,0,continue,-1.9329243265671119,0
126,72,1,0.10010019084473776,0.7605999999999999,4.017555161706227,1.0707019567489624,0,continue,-1.8328241357223742,0
126,73,0,-0.14202479303691998,0.7605999999999999,4.02022359325236,1.0313678979873657,0,continue,-1.9748489287592943,0
126,74,0,-0.29060326386004276,0.7605999999999999,4.030703768403875,0.9838203191757202,0,continue,-2.265452192619337,0
126,75,0,-0.7782785584585189,0.7605999999999999,4.074653376659079,0.9553905725479126,0,continue,-3.043730751077856,0
126,76,0,-0.3932456632976215,0.7605999999999999,4.128735662508884,0.9404425621032715,0,continue,-3.4369764143754775,0
126,77,1,-0.28523803470857606,0.7605999999999999,4.175755052135127,0.9479464292526245,0,continue,-3.7222144490840536,0
126,78,1,-0.12866783444769755,0.7605999999999999,4.20105610739976,0.9641522765159607,0,continue,-3.8508822835317513,0
126,79,0,-0.42665964642472687,0.7605999999999999,4.287141455440129,0.9883197546005249,0,continue,-4.277541929956478,0
126,80,2,-0.46581653729295447,0.7605999999999999,4.380281064120006,1.0301908254623413,0,continue,-4.743358467249433,0
126,81,0,-0.23971332821751615,0.7605999999999999,4.42432419714134,1.0761258602142334,0,continue,-4.983071795466949,0
126,82,0,-0.19244977519142972,0.7605999999999999,4.461679067993001,1.0713880062103271,0,continue,-5.175521570658379,0
126,83,0,-1.296804952772137,0.7605999999999999,4.553653350865746,1.1716663837432861,0,continue,-6.472326523430516,0
126,84,0,-0.34571193911780573,0.7605999999999999,4.58043633560949,1.2744089365005493,0,continue,-6.818038462548321,0
126,85,0,-0.7151995366830448,0.7605999999999999,4.683304637705964,1.3375823497772217,0,continue,-7.533237999231366,0
126,86,2,-0.7468575358488458,0.7605999999999999,4.789231395773318,1.3870980739593506,0,continue,-8.280095535080212,0
126,87,0,-0.399149404737866,0.7605999999999999,4.838128593253573,1.4622232913970947,0,continue,-8.679244939818078,0
126,88,0,-0.7364279547834884,0.7605999999999999,4.939486504620239,1.4785377979278564,0,continue,-9.415672894601567,0
126,89,0,-0.8189354387759258,0.7605999999999999,5.072963232174127,1.5895020961761475,0,continue,-10.234608333377492,0
126,90,0,-0.9287708034462068,0.7605999999999999,5.230131560736392,1.7202668190002441,0,continue,-11.1633791368237,0
126,91,0,-0.3618201761824761,0.7605999999999999,5.268837260323584,1.827405571937561,0,continue,-11.525199313006176,0
126,92,0,-0.8030576923436157,0.7605999999999999,5.402394989919977,1.8971338272094727,0,continue,-12.328257005349792,0
126,93,0,-0.802635986703037,0.7605999999999999,5.535878364893532,1.7349328994750977,0,continue,-13.130892992052829,0
126,94,0,-0.905027481797936,0.7605999999999999,5.678680654323645,1.7265832424163818,0,continue,-14.035920473850764,0
126,95,0,-0.4101761906313758,0.7605999999999999,5.728655949909605,1.6279699802398682,0,continue,-14.44609666448214,0
126,96,1,-0.7534159609881712,0.7605999999999999,5.829006680926131,1.4428200721740723,0,continue,-15.19951262547031,0
126,97,0,-0.6053001647066357,0.7605999999999999,5.912963216700344,1.2627476453781128,0,continue,-15.804812790176946,0
126,98,0,-0.268821222067835,0.7605999999999999,5.923283617005652,1.170021414756775,0,continue,-16.07363401224478,0
126,99,2,-0.4995979126403036,0.7605999999999999,5.981158600426618,1.1196138858795166,0,continue,-16.573231924885086,0
126,100,0,-0.5082261255178784,0.7605999999999999,6.045527130111321,1.0447609424591064,0,continue,-17.081458050402965,0
126,101,0,-0.950307435836816,0.7605999999999999,6.071361269711399,1.0242407321929932,0,continue,-18.03176548623978,0
126,102,2,-0.41351311531181306,0.7605999999999999,6.104454979219992,0.9891031384468079,0,continue,-18.445278601551593,0
126,103,0,-0.32692904786082816,0.7605999999999999,6.10779363171978,0.9173415303230286,0,continue,-18.772207649412422,0
126,104,0,-0.2949575193664867,0.7605999999999999,6.10861403280539,0.8982086777687073,0,continue,-19.06716516877891,0
126,105,1,-0.34874689227844163,0.7605999999999999,6.138083616732953,0.8485393524169922,0,continue,-19.41591206105735,0
126,106,1,-0.2310630537369437,0.7605999999999999,6.14400139029341,0.84188312292099,0,continue,-19.646975114794294,0
126,107,0,-0.2606872684952807,0.7605999999999999,6.1578648627989185,0.8481820225715637,0,continue,-19.907662383289576,0
126,108,1,-0.29183626827687115,0.7605999999999999,6.175629073942104,0.8584330677986145,0,continue,-20.199498651566447,0
126,109,0,-0.2887400291962989,0.7605999999999999,6.187727932205288,0.8514916896820068,0,continue,-20.488238680762745,0
126,110,2,-0.3449023150036037,0.7605999999999999,6.215392010901842,0.8499612808227539,0,continue,-20.83314099576635,0
126,111,1,-0.630147864069373,0.7605999999999999,6.2409339135347315,0.8461394906044006,0,continue,-21.46328885983572,0
126,112,0,-0.2741155843157126,0.7605999999999999,6.256534685228141,0.8432711362838745,0,continue,-21.737404444151434,0
126,113,1,-0.34026805532878523,0.7605999999999999,6.283802691045734,0.8405206203460693,0,continue,-22.07767249948022,0
126,114,1,-0.36227644302321715,0.7605999999999999,6.315666029259878,0.8395174741744995,0,continue,-22.439948942503435,0
126,115,0,-0.25171123115899974,0.7605999999999999,6.323187924757869,0.836602509021759,0,continue,-22.691660173662434,0
126,116,1,-0.3215171017970623,0.7605999999999999,6.34101663108716,0.834087610244751,0,continue,-23.013177275459498,0
126,117,1,-0.2239265686155475,0.7605999999999999,6.33230418986287,0.8462070822715759,0,continue,-23.237103844075044,0
126,118,1,-0.08283348561974734,0.7605999999999999,6.307163445134297,0.8329866528511047,0,continue,-23.319937329694792,0
126,119,0,-0.12232045135623788,0.7605999999999999,6.274656912119336,0.8388563394546509,0,continue,-23.44225778105103,0
126,120,0,-0.06892420103977909,0.7605999999999999,6.242902923562357,0.8463466167449951,0,continue,-23.511181982090807,0
126,121,0,-0.1533627223008403,0.7605999999999999,6.234366755773071,0.848272979259491,0,continue,-23.66454470439165,0
126,122,0,0.0013044538775116299,0.7605999999999999,6.188867219983309,0.9594646692276001,0,continue,-23.663240250514136,0
126,123,1,-0.13749983889156037,0.7605999999999999,6.167842215652073,1.029102087020874,0,continue,-23.800740089405696,0
126,124,0,0.3296153256827578,0.7605999999999999,6.0595198631887355,1.080763816833496,0,continue,-23.471124763722937,0
126,125,1,0.5037264529849234,0.7605999999999999,5.957015992987053,1.1396304368972778,0,continue,-22.967398310738012,0
126,126,1,0.12217782058622237,0.7605999999999999,5.932225558381306,1.1579437255859375,0,continue,-22.84522049015179,0
126,127,0,0.6099407196452765,0.7605999999999999,5.822643051523071,1.3181588649749756,0,continue,-22.235279770506512,0
126,128,0,0.4494158224695241,0.7605999999999999,5.7391907943430445,1.4003422260284424,0,continue,-21.785863948036987,0
126,129,0,0.09478871818408899,0.7605999999999999,5.721472146134378,1.4339325428009033,0,continue,-21.6910752298529,0
126,130,1,0.12053786315839723,0.7605999999999999,5.696621269638774,1.514094591140747,0,continue,-21.570537366694502,0
126,131,2,0.03394275538506678,0.7605999999999999,5.6613673149533605,1.5088655948638916,0,continue,-21.536594611309436,0
126,132,0,0.07273385789422133,0.7605999999999999,5.641443503735943,1.4735703468322754,0,continue,-21.463860753415215,0
126,133,1,-0.06569487078387697,0.7605999999999999,5.646436037489612,1.4745516777038574,0,continue,-21.52955562419909,0
126,134,1,-0.14113177633580717,0.7605999999999999,5.6723619701559524,1.4311432838439941,0,continue,-21.6706874005349,0
126,135,0,-0.1718400782608607,0.7605999999999999,5.708523539893876,1.3931485414505005,0,continue,-21.84252747879576,0
126,136,0,-0.14458050363040426,0.7605999999999999,5.739570818882525,1.353124976158142,0,continue,-21.987107982426163,0
126,137,0,-0.007951248830247778,0.7605999999999999,5.750082423575937,1.3038020133972168,0,continue,-21.995059231256413,0
126,138,0,-0.11857332297138247,0.7605999999999999,5.770304120885631,1.138444185256958,0,continue,-22.113632554227795,0
126,139,0,-0.20808934428767603,0.7605999999999999,5.813451068076534,1.0050122737884521,0,continue,-22.32172189851547,0
126,140,0,-0.20889847007132548,0.7605999999999999,5.858538915146538,0.9378786683082581,0,continue,-22.530620368586796,0
126,141,0,-0.09059250131009068,0.7605999999999999,5.877432107953289,0.9322367310523987,0,continue,-22.621212869896887,0
126,142,0,-0.08768030874297121,0.7605999999999999,5.894512075001583,0.8129771947860718,0,continue,-22.70889317863986,0
126,143,0,-0.11273761369087358,0.7605999999999999,5.90944834660329,0.6487616896629333,0,continue,-22.821630792330733,0
126,144,0,0.08849265053053773,0.7605999999999999,5.882904464838349,0.5484225749969482,0,continue,-22.733138141800197,0
126,145,0,0.09714031442386738,0.7605999999999999,5.860785240546937,0.499345600605011,0,continue,-22.63599782737633,0
126,146,0,0.14988058177541966,0.7605999999999999,5.812390336428831,0.4166346788406372,0,continue,-22.48611724560091,0
126,147,1,0.18343163207519114,0.7605999999999999,5.752202418153712,0.34886738657951355,0,continue,-22.302685613525718,0
126,148,2,-0.2313022044239414,0.7605999999999999,5.74343428104038,0.3472062349319458,0,continue,-22.533987817949658,0
126,149,0,-1.0372424894839973,0.7605999999999999,5.68399989688076,0.32994669675827026,0,continue,-23.571230307433655,0
126,150,0,-1.5381395433976932,0.7605999999999999,5.572509868216047,0.2999275028705597,0,continue,-25.10936985083135,0
126,151,0,-2.2624805273356317,0.7605999999999999,5.497529110613468,0.2816045582294464,0,continue,-27.371850378166982,0
126,152,0,-2.13651992994581,0.7605999999999999,5.436211587019321,0.29660913348197937,0,continue,-29.50837030811279,0
126,153,1,0.006041460346566607,0.7605999999999999,5.408393633695098,0.3358202576637268,0,continue,-29.502328847766226,0
126,154,0,-1.5775329384432386,0.7605999999999999,5.323213997553991,0.346867173910141,0,continue,-31.079861786209463,0
126,155,1,0.40345551386488376,0.7605999999999999,5.225725691127299,0.3791857957839966,0,continue,-30.67640627234458,0
126,156,2,0.026343193666473586,0.7605999999999999,5.182594497880738,0.3977413475513458,0,continue,-30.650063078678105,0
126,157,0,-0.9665760362483015,0.7605999999999999,5.092791122682017,0.3643069565296173,0,continue,-31.616639114926407,0
126,158,2,0.4781502380702865,0.7605999999999999,4.997691635595634,0.3524969518184662,0,continue,-31.13848887685612,0
126,159,0,-1.3704076834181769,0.7605999999999999,4.919240992119565,0.33302703499794006,0,continue,-32.508896560274295,0
126,160,0,-1.3573138115085657,0.7605999999999999,4.833255698560001,0.32713091373443604,0,continue,-33.86621037178286,0
126,161,0,-1.372817436757481,0.7605999999999999,4.772647233098479,0.33565813302993774,0,continue,-35.23902780854034,0
126,162,0,-1.991693302428677,0.7605999999999999,4.77362842684119,0.3145540952682495,0,continue,-37.23072111096902,0
126,163,2,-0.2534774785570819,0.7605999999999999,4.772624916230348,0.24378247559070587,0,continue,-37.4841985895261,0
126,164,2,-30.46802479086216,0.7605999999999999,4.772530780565597,0.11999999731779099,1,crush,-67.95222338038826,0
127,1,0,-0.9852450926037706,0.7587,3.1053074875371216,0.11999999731779099,0,continue,-0.9852450926037706,0
127,2,2,-0.46701977218759627,0.7587,3.1051882428891058,0.11999999731779099,0,continue,-1.452264864791367,0
127,3,0,-1.3933142586095977,0.7587,3.1049511220798203,0.11999999731779099,0,continue,-2.845579123400965,0
127,4,0,-30.956777590472193,0.7587,3.105085243285685,0.11999999731779099,1,crush,-33.80235671387316,0
128,1,0,0.0,0.7568,5.396921814757776,1.639991283416748,0,continue,0.0,0
128,2,0,-3.3792702124291194e-05,0.7568,5.396913911321612,1.6302814483642578,0,continue,-3.3792702124291194e-05,0
128,3,0,0.00704278352450789,0.7568,5.396419685024683,1.6412384510040283,0,continue,0.007008990822383598,0
128,4,2,0.18539375244914189,0.7568,5.394547113699759,1.638968586921692,0,continue,0.19240274327152548,0
128,5,2,-0.01942732271819354,0.7568,5.397345487890104,1.6384391784667969,0,continue,0.17297542055333195,0
128,6,0,-0.033487024985460634,0.7568,5.40074822440446,1.634805679321289,0,continue,0.13948839556787132,0
128,7,0,-0.07175084173322815,0.7568,5.406579173446919,1.6146830320358276,0,continue,0.06773755383464317,0
128,8,0,-0.06650123585090473,0.7568,5.419455966730877,1.5857419967651367,0,continue,0.0012363179837384386,0
128,9,0,-0.09405740423942541,0.7568,5.431023253400247,1.578231930732727,0,continue,-0.09282108625568697,0
128,10,2,-0.06188403551042119,0.7568,5.442892891744036,1.5496128797531128,0,continue,-0.15470512176610815,0
128,11,0,-0.10110079535353932,0.7568,5.46099178947367,1.5258665084838867,0,continue,-0.25580591711964745,0
128,12,0,-0.14005528516057253,0.7568,5.4836947962477725,1.5111714601516724,0,continue,-0.39586120228022,0
128,13,2,-0.09025607755611978,0.7568,5.501247795940012,1.5159108638763428,0,continue,-0.4861172798363398,0
128,14,1,-0.4888690428334137,0.7568,5.530439782163703,1.4846616983413696,0,continue,-0.9749863226697535,0
128,15,1,-0.4270720508756276,0.7568,5.600887192915968,1.4452099800109863,0,continue,-1.402058373545381,0
128,16,0,-0.4130718737359783,0.7568,5.672522258309002,1.4392509460449219,0,continue,-1.8151302472813593,0
128,17,1,-0.07347704797058618,0.7568,5.684386028300942,1.4134490489959717,0,continue,-1.8886072952519455,0
128,18,0,-0.557435611615459,0.7568,5.7687785648290975,1.3814873695373535,0,continue,-2.4460429068674046,0
128,19,0,-1.288960275097915,0.7568,5.8442210722569845,1.320688247680664,0,continue,-3.7350031819653196,0
128,20,0,-0.3752668231367024,0.7568,5.912807466591423,1.319274663925171,0,continue,-4.110270005102022,0
128,21,0,-0.3264672750332615,0.7568,5.9355393679031785,1.2450131177902222,0,continue,-4.436737280135283,0
128,22,0,-1.0051359536021682,0.7568,6.106120132006584,1.1459392309188843,0,continue,-5.441873233737451,0
128,23,0,-0.37607236237959546,0.7568,6.144503502361725,1.0849107503890991,0,continue,-5.817945596117046,0
128,24,0,-0.45469795837474003,0.7568,6.203202684691674,1.0599145889282227,0,continue,-6.272643554491786,0
128,25,0,-0.6527333316184394,0.7568,6.300663165966859,0.977295458316803,0,continue,-6.925376886110225,0
128,26,0,-0.448863442690677,0.7568,6.3535731294678435,0.9020178914070129,0,continue,-7.374240328800902,0
128,27,2,-0.3891603201434386,0.7568,6.39125898961353,0.8276807069778442,0,continue,-7.763400648944341,0
128,28,0,-0.602371419820661,0.7568,6.481890400946249,0.7416589856147766,0,continue,-8.365772068765002,0
128,29,0,-0.5451267923621692,0.7568,6.557739223108002,0.6632289290428162,0,continue,-8.910898861127171,0
128,30,0,-0.3838349533762067,0.7568,6.596753346081342,0.6128863096237183,0,continue,-9.294733814503378,0
128,31,0,-0.7320276970111348,0.7568,6.704289227111514,0.5982507467269897,0,continue,-10.026761511514513,0
128,32,0,-0.6232732095076303,0.7568,6.797823052698911,0.48598989844322205,0,continue,-10.650034721022143,0
128,33,0,-0.5178933499480152,0.7568,6.840215176712513,0.4033723473548889,0,continue,-11.167928070970158,0
128,34,0,-0.46102623318575825,0.7568,6.865955468998172,0.3403289020061493,0,continue,-11.628954304155917,0
128,35,1,-30.543077608072668,0.7568,6.867660945070344,0.19948279857635498,1,crush,-42.17203191222858,0
129,1,0,-1.027281745168773,0.7549,5.250454180061583,0.11999999731779099,0,continue,-1.027281745168773,0
129,2,1,-0.4628113072898728,0.7549,5.250453418318699,0.11999999731779099,0,continue,-1.4900930524586458,0
129,3,0,-0.9858961440146365,0.7549,5.250453711735778,0.11999999731779099,0,continue,-2.4759891964732823,0
129,4,0,-31.001916641951425,0.7549,5.250454630263198,0.11999999731779099,1,crush,-33.477905838424704,0
130,1,0,0.0,0.753,5.777897496019604,1.1418851613998413,0,continue,0.0,0
130,2,0,-0.007928364777225227,0.753,5.778031768036458,1.1366605758666992,0,continue,-0.007928364777225227,0
130,3,0,0.005327618292547688,0.753,5.7779989196777635,1.1354745626449585,0,continue,-0.0026007464846775396,0
130,4,0,0.17016011630465852,0.753,5.741114512391633,1.1400667428970337,0,continue,0.16755936981998099,0
130,5,2,0.3680915747162596,0.753,5.6670845306497,1.140035629272461,0,continue,0.5356509445362405,0
130,6,0,0.3526673584583057,0.753,5.594909698906002,1.1389291286468506,0,continue,0.8883183029945463,0
130,7,2,0.34565363245967895,0.753,5.52518764938072,1.1372952461242676,0,continue,1.2339719354542251,0
130,8,0,0.1837411144700463,0.753,5.495479822442394,1.2016830444335938,0,continue,1.4177130499242714,0
130,9,0,0.36671973296021193,0.753,5.4285420671058455,1.2805448770523071,0,continue,1.7844327828844833,0
130,10,2,0.28823109972755756,0.753,5.370377319086413,1.3991003036499023,0,continue,2.0726638826120407,0
130,11,2,0.38881195544029246,0.753,5.2918359851373395,1.4572449922561646,0,continue,2.4614758380523334,0
130,12,2,0.3188434183460657,0.753,5.227394266886783,1.5237687826156616,0,continue,2.780319256398399,0
130,13,0,0.3094157807882762,0.753,5.169714412762334,1.573030710220337,0,continue,3.089735037186675,0
130,14,2,0.11043496605017958,0.753,5.147405811250189,1.6381744146347046,0,continue,3.2001700032368547,0
130,15,2,0.17088451586830647,0.753,5.106595409163777,1.7148454189300537,0,continue,3.371054519105161,0
130,16,1,-0.0086223253666129,0.753,5.050185359254857,1.7965627908706665,0,continue,3.362432193738548,0
130,17,0,0.025173210503551063,0.753,5.048592847971523,1.8568201065063477,0,continue,3.387605404242099,0
130,18,0,0.313560259887906,0.753,4.97968590054589,1.8751863241195679,0,continue,3.7011656641300053,0
130,19,2,0.5194043447801234,0.753,4.875482247070532,1.9312244653701782,0,continue,4.220570008910129,0
130,20,0,0.5814172730546023,0.753,4.759084980231504,1.8953510522842407,0,continue,4.801987281964731,0
130,21,0,0.20576898833641258,0.753,4.716577342344668,1.8816392421722412,0,continue,5.007756270301144,0
130,22,0,0.4599357024930194,0.753,4.625416557875333,1.7346429824829102,0,continue,5.467691972794163,0
130,23,2,0.19170789229725047,0.753,4.576560716625889,1.6119850873947144,0,continue,5.659399865091413,0
130,24,0,0.45286218185979105,0.753,4.488266626399977,1.542142391204834,0,continue,6.112262046951204,0
130,25,1,0.848199753648584,0.753,4.3176637969819645,1.4242196083068848,0,continue,6.960461800599788,0
130,26,0,0.33768398605353606,0.753,4.24523435186052,1.3755229711532593,0,continue,7.298145786653324,0
130,27,0,0.6859685978192605,0.753,4.110676578969342,1.2596275806427002,0,continue,7.984114384472584,0
130,28,0,0.5380046306634614,0.753,4.011654381464267,1.1780937910079956,0,continue,8.522119015136045,0
130,29,0,0.16600044287510396,0.753,3.9831026293983327,1.0925687551498413,0,continue,8.68811945801115,0
130,30,0,0.24657229846304302,0.753,3.9343787961460968,1.070277452468872,0,continue,8.934691756474193,0
130,31,0,0.2808082806529593,0.753,3.8823773759175575,0.9849287271499634,0,continue,9.215500037127152,0
130,32,1,0.09938086003086594,0.753,3.852698585238631,0.8918970227241516,0,continue,9.314880897158018,0
130,33,2,0.007225650758422976,0.753,3.789500666981162,0.8041688203811646,0,continue,9.322106547916441,0
130,34,0,0.17012946424747466,0.753,3.7507284620280434,0.7447396516799927,0,continue,9.492236012163916,0
130,35,2,0.03638748341614302,0.753,3.7377308209778484,0.6955937743186951,0,continue,9.528623495580058,0
130,36,2,0.1595804214128914,0.753,3.704321414685086,0.683044970035553,0,continue,9.68820391699295,0
130,37,1,-0.20067344327208125,0.753,3.6884998096590698,0.6119228005409241,0,continue,9.48753047372087,0
130,38,0,-0.07711974536230728,0.753,3.690054726177609,0.5733904838562012,0,continue,9.410410728358563,0
130,39,0,0.08885338996241138,0.753,3.6743113346461143,0.5623155236244202,0,continue,9.499264118320975,0
130,40,0,0.13032929495499235,0.753,3.656627431916957,0.5335137248039246,0,continue,9.629593413275966,0
130,41,2,-0.00477657432934837,0.753,3.6560964403856095,0.5336184501647949,0,continue,9.624816838946618,0
130,42,0,0.972727705926514,0.753,3.6632969902134485,0.549808919429779,0,continue,10.597544544873132,0
130,43,1,-0.2648947615563621,0.753,3.7024775857629066,0.5505985021591187,0,continue,10.33264978331677,0
130,44,0,-0.1462531367862573,0.753,3.706665018871098,0.547624945640564,0,continue,10.186396646530513,0
130,45,2,-0.23393006319405676,0.753,3.751644560539938,0.5594851970672607,0,continue,9.952466583336456,0
130,46,2,-0.29454965521285015,0.753,3.810554491582508,0.5751423835754395,0,continue,9.657916928123605,0
130,47,0,-0.6974694403438548,0.753,3.87917692159769,0.6072378754615784,0,continue,8.96044748777975,0
130,48,2,-0.32459342750316367,0.753,3.9440956070983226,0.6054705381393433,0,continue,8.635854060276586,0
130,49,1,-0.4611396189834191,0.753,3.9763235308950065,0.6632215976715088,0,continue,8.174714441293167,0
130,50,2,-0.5525327316471125,0.753,3.986830077224429,0.7088456153869629,0,continue,7.622181709646055,0
130,51,1,-0.8752230740800988,0.753,4.053177115387095,0.7588246464729309,0,continue,6.7469586355659565,0
130,52,1,-1.4546590205623735,0.753,4.127577703346868,0.8232700228691101,0,continue,5.292299615003583,0
130,53,2,-0.6508395820654188,0.753,4.153169982748172,0.8726714849472046,0,continue,4.641460032938165,0
130,54,0,-0.44539854953589975,0.753,4.201742202280384,0.8875246047973633,0,continue,4.196061483402265,0
130,55,1,-0.8022559421531363,0.753,4.3206186363378505,0.9801318049430847,0,continue,3.3938055412491286,0
130,56,1,-0.7673718069280595,0.753,4.432948389284111,1.0298839807510376,0,continue,2.6264337343210693,0
130,57,0,-0.369095564247903,0.753,4.4654208343866975,1.046330451965332,0,continue,2.257338170073166,0
130,58,0,-0.7926613659544115,0.753,4.593617494005398,1.163651704788208,0,continue,1.4646768041187546,0
130,59,2,-0.7578788528075009,0.753,4.704811389749512,1.2608871459960938,0,continue,0.7067979513112537,0
130,60,0,-0.7245991909173233,0.753,4.815926003388718,1.3374518156051636,0,continue,-0.017801239606069608,0
130,61,0,-0.7224237650619323,0.753,4.924660298974126,1.4082796573638916,0,continue,-0.7402250046680019,0
130,62,2,-0.23708546871954514,0.753,4.931983056510109,1.4968032836914062,0,continue,-0.9773104733875471,0
130,63,1,-0.8684502308462432,0.753,5.002422349015714,1.6461215019226074,0,continue,-1.8457607042337902,0
130,64,1,-1.6658288232616278,0.753,5.125795699906613,1.8221689462661743,0,continue,-3.511589527495418,0
130,65,0,-0.5119904838937651,0.753,5.189980282647541,1.8418110609054565,0,continue,-4.023580011389183,0
130,66,2,-0.834356262509768,0.753,5.313405786899489,1.9314630031585693,0,continue,-4.857936273898951,0
130,67,0,-0.4529980476504936,0.753,5.364516063045067,1.8570655584335327,0,continue,-5.3109343215494444,0
130,68,0,-0.5066075056539147,0.753,5.429736848613771,1.8461050987243652,0,continue,-5.817541827203359,0
130,69,0,-0.8506970639483247,0.753,5.563824077215719,1.7380335330963135,0,continue,-6.6682388911516846,0
130,70,2,-0.667670881292005,0.753,5.656724340318369,1.61508047580719,0,continue,-7.3359097724436895,0
130,71,2,-0.4122636617033122,0.753,5.6982432962743,1.5273104906082153,0,continue,-7.748173434147001,0
130,72,2,-0.8737549307673269,0.753,5.832992083730207,1.4312431812286377,0,continue,-8.621928364914329,0
130,73,0,-0.8732173017321525,0.753,5.976522653790756,1.3121111392974854,0,continue,-9.495145666646481,0
130,74,0,-0.3742618893824596,0.753,6.014093888500292,1.3156732320785522,0,continue,-9.869407556028941,0
130,75,2,-0.596083400999653,0.753,6.087901128807193,1.1872416734695435,0,continue,-10.465490957028594,0
130,76,2,-0.5418973044546025,0.753,6.144557251561671,1.0602385997772217,0,continue,-11.007388261483197,0
130,77,2,-0.2620428440337263,0.753,6.151613089143272,0.9800328612327576,0,continue,-11.269431105516922,0
130,78,0,-0.4208763728380984,0.753,6.195057360606933,0.9629144668579102,0,continue,-11.69030747835502,0
130,79,1,-0.5826074103143581,0.753,6.267964091469207,0.9022713303565979,0,continue,-12.272914888669378,0
130,80,0,-0.2201659429605494,0.753,6.273997418570371,0.8244171738624573,0,continue,-12.493080831629928,0
130,81,0,-0.36259806000100203,0.753,6.306362987595874,0.8208874464035034,0,continue,-12.85567889163093,0
130,82,0,-0.4268856493861554,0.753,6.345735465473243,0.790348470211029,0,continue,-13.282564541017086,0
130,83,2,-0.3862885003297778,0.753,6.3724785370591315,0.7362160086631775,0,continue,-13.668853041346864,0
130,84,0,-0.27861069610033196,0.753,6.389188419582929,0.7272602319717407,0,continue,-13.947463737447196,0
130,85,0,-0.664856412007073,0.753,6.47686099048127,0.6987382173538208,0,continue,-14.612320149454268,0
130,86,2,-0.6440642772988953,0.753,6.565296336212191,0.6612722277641296,0,continue,-15.256384426753163,0
130,87,0,-0.5077895866614537,0.753,6.622571700196792,0.6323162317276001,0,continue,-15.764174013414618,0
130,88,0,-0.8581142397210291,0.753,6.7526340688666,0.6090735793113708,0,continue,-16.622288253135647,0
130,89,0,-0.448538383326825,0.753,6.816811293364504,0.48114362359046936,0,continue,-17.07082663646247,0
130,90,2,-0.8866265408875671,0.753,6.945543708173906,0.42815345525741577,0,continue,-17.957453177350036,0
130,91,0,-0.6420896956569082,0.753,6.9842330526369185,0.30531585216522217,0,continue,-18.599542873006943,0
130,92,0,-0.7421216404999642,0.753,6.977070344724843,0.2288648784160614,0,continue,-19.341664513506906,0
130,93,0,-32.11891102644922,0.753,7.0007215271351,0.16744184494018555,1,crush,-51.460575539956125,0
131,1,1,-0.46147774496993194,0.7511,3.3735803534414024,0.11999999731779099,0,continue,-0.46147774496993194,0
131,2,0,-0.9807676053865948,0.7511,3.373117577362316,0.11999999731779099,0,continue,-1.4422453503565267,0
131,3,0,-1.007123492617884,0.7511,3.3734057884457966,0.11999999731779099,0,continue,-2.449368842974411,0
131,4,1,-30.466578346440055,0.7511,3.3733905802591937,0.11999999731779099,1,crush,-32.91594718941447,0
132,1,2,0.0,0.7492,5.866182973057163,1.037838339805603,0,continue,0.0,0
132,2,2,0.04940993833941474,0.7492,5.856287652525714,1.0349360704421997,0,continue,0.04940993833941474,0
132,3,0,0.24062383022491451,0.7492,5.801479981958106,1.0427334308624268,0,continue,0.2900337685643293,0
132,4,2,0.30452233066683015,0.7492,5.737011336915341,1.0493122339248657,0,continue,0.5945560992311594,0
132,5,2,0.44218339854552036,0.7492,5.6356820440422215,1.062721848487854,0,continue,1.0367394977766797,0
132,6,0,0.2647338151866167,0.7492,5.581693210520144,1.0981231927871704,0,continue,1.3014733129632965,0
132,7,0,0.6338260672043925,0.7492,5.4515415241564975,1.1651568412780762,0,continue,1.935299380167689,0
132,8,0,0.7256626179441975,0.7492,5.305857814084772,1.2542634010314941,0,continue,2.6609619981118864,0
132,9,0,0.28028885369681716,0.7492,5.255149239758509,1.332034707069397,0,continue,2.9412508518087037,0
132,10,0,0.28937626703398084,0.7492,5.201051300919957,1.4231950044631958,0,continue,3.2306271188426847,0
132,11,0,0.1343425111428788,0.7492,5.169379276302073,1.5166124105453491,0,continue,3.3649696299855636,0
132,12,1,0.19501296329693382,0.7492,5.128611137130478,1.5892149209976196,0,continue,3.5599825932824976,0
132,13,2,-0.015534842340516816,0.7492,5.090725146750514,1.6467320919036865,0,continue,3.544447750941981,0
132,14,0,0.022680594575963706,0.7492,5.082578960650946,1.7109674215316772,0,continue,3.5671283455179448,0
132,15,2,0.09967896239727558,0.7492,5.079143104167884,1.763657808303833,0,continue,3.6668073079152204,0
132,16,0,0.24201849241757006,0.7492,5.029626809333422,1.806536316871643,0,continue,3.9088258003327905,0
132,17,0,0.20373635996481443,0.7492,5.000921390737535,1.841532588005066,0,continue,4.112562160297605,0
132,18,0,0.06717467472867567,0.7492,4.992931949502568,1.8587369918823242,0,continue,4.179736835026281,0
132,19,0,0.0014656979737488085,0.7492,4.967116329544861,1.8726105690002441,0,continue,4.18120253300003,0
132,20,0,0.12536905678586177,0.7492,4.946765321969965,1.93617844581604,0,continue,4.306571589785891,0
132,21,0,0.05198960803732962,0.7492,4.941818247551748,1.8971171379089355,0,continue,4.358561197823221,0
132,22,0,0.11728409856293535,0.7492,4.918223045478221,1.8534436225891113,0,continue,4.475845296386156,0
132,23,1,0.1049852823969422,0.7492,4.910133275499488,1.8306242227554321,0,continue,4.5808305787830985,0
132,24,0,0.016908602672780448,0.7492,4.906533064691826,1.817539095878601,0,continue,4.597739181455879,0
132,25,0,0.04836762634856697,0.7492,4.90079731678942,1.7603322267532349,0,continue,4.646106807804445,0
132,26,2,0.004504021766986943,0.7492,4.899404408556851,1.7319700717926025,0,continue,4.650610829571432,0
132,27,2,-0.008255036379695067,0.7492,4.900209413662521,1.6846232414245605,0,continue,4.642355793191737,0
132,28,1,-0.32614548011435934,0.7492,4.904629670657162,1.655187726020813,0,continue,4.316210313077378,0
132,29,0,-0.03152814095203991,0.7492,4.912703537137706,1.6236809492111206,0,continue,4.284682172125338,0
132,30,0,0.010094955208942127,0.7492,4.9141607975978365,1.6009595394134521,0,continue,4.29477712733428,0
132,31,0,-0.030603903758878958,0.7492,4.9210897839491645,1.5636717081069946,0,continue,4.264173223575401,0
132,32,0,-0.06868449937231613,0.7492,4.938809450562149,1.5202754735946655,0,continue,4.195488724203085,0
132,33,0,-0.09921616001250486,0.7492,4.959007323596589,1.4809130430221558,0,continue,4.09627256419058,0
132,34,0,-0.02237752299494713,0.7492,4.966263387836507,1.4693704843521118,0,continue,4.073895041195633,0
132,35,0,-0.06892210640173871,0.7492,4.97831640360681,1.4056142568588257,0,continue,4.004972934793894,0
132,36,1,0.1394125132965375,0.7492,4.960127406663179,1.3633731603622437,0,continue,4.144385448090432,0
132,37,0,0.10342580306287688,0.7492,4.93422479100707,1.3554656505584717,0,continue,4.247811251153309,0
132,38,0,0.09862870185201965,0.7492,4.913397732320036,1.3405554294586182,0,continue,4.346439953005329,0
132,39,0,0.1310402389778273,0.7492,4.876185143633332,1.3211684226989746,0,continue,4.477480191983156,0
132,40,0,0.06224393909433705,0.7492,4.859660329334224,1.266553282737732,0,continue,4.539724131077493,0
132,41,0,-0.2572189942080874,0.7492,4.864582257307873,1.2527880668640137,0,continue,4.282505136869406,0
132,42,1,-0.16658551407288114,0.7492,4.895807029693253,1.1673492193222046,0,continue,4.115919622796525,0
132,43,0,-0.4612890448272543,0.7492,4.951038752484407,1.0546205043792725,0,continue,3.654630577969271,0
132,44,0,-0.19900080355913002,0.7492,4.9623603928720925,1.0264389514923096,0,continue,3.455629774410141,0
132,45,0,-0.4829813565356528,0.7492,5.003192389185953,1.0164862871170044,0,continue,2.9726484178744883,0
132,46,2,-0.5326956806369001,0.7492,5.05845360974535,0.9711260795593262,0,continue,2.439952737237588,0
132,47,0,-0.3147096032595389,0.7492,5.081161615568956,0.9583517909049988,0,continue,2.1252431339780493,0
132,48,0,-0.754866294160109,0.7492,5.191008065679732,0.9427879452705383,0,continue,1.3703768398179403,0
132,49,0,-1.3907038107938254,0.7492,5.296150878998483,0.9127999544143677,0,continue,-0.020326970975885095,0
132,50,0,-1.171080487599912,0.7492,5.415732380049494,0.8706434965133667,0,continue,-1.191407458575797,0
132,51,2,-0.3852630016195822,0.7492,5.450605889466447,0.8209701776504517,0,continue,-1.5766704601953792,0
132,52,2,-0.898934987016017,0.7492,5.589941214587942,0.6394097208976746,0,continue,-2.475605447211396,0
132,53,0,-0.7682677655688628,0.7492,5.69342830853135,0.5060156583786011,0,continue,-3.243873212780259,0
132,54,0,-0.7066203797745305,0.7492,5.8040827176452785,0.42633384466171265,0,continue,-3.9504935925547895,0
132,55,1,-0.6073103587226727,0.7492,5.825107548610414,0.2777726948261261,0,continue,-4.557803951277462,0
132,56,1,-0.5019153492493633,0.7492,5.8192510509338895,0.20209276676177979,0,continue,-5.059719300526825,0
132,57,2,-31.049132544739646,0.7492,5.821456569007523,0.11999999731779099,1,crush,-36.10885184526647,0
133,1,1,-0.4684954691859163,0.7473000000000001,3.111736367267449,0.11999999731779099,0,continue,-0.4684954691859163,0
133,2,0,-0.9906091503264531,0.7473000000000001,3.111736256745064,0.11999999731779099,0,continue,-1.4591046195123694,0
133,3,1,-0.46752736753466034,0.7473000000000001,3.1115267093662795,0.11999999731779099,0,continue,-1.9266319870470296,0
133,4,0,-30.99335289276348,0.7473000000000001,3.111444494086831,0.11999999731779099,1,crush,-32.91998487981051,0
134,1,0,0.0,0.7454000000000001,5.855505847148262,1.0593953132629395,0,continue,0.0,0
134,2,0,0.005382473787520881,0.7454000000000001,5.855222301380289,1.0532920360565186,0,continue,0.005382473787520881,0
134,3,0,0.007446408855773746,0.7454000000000001,5.855046551890343,1.0424511432647705,0,continue,0.012828882643294626,0
134,4,0,0.1996308984376816,0.7454000000000001,5.810588138717404,1.045314908027649,0,continue,0.2124597810809762,0
134,5,1,0.8766273479752025,0.7454000000000001,5.66938702053027,1.0520246028900146,0,continue,1.0890871290561788,0
134,6,1,0.6430317242296639,0.7454000000000001,5.572922960004984,1.0596522092819214,0,continue,1.7321188532858427,0
134,7,1,0.5204940391373681,0.7454000000000001,5.50213352758717,1.068555235862732,0,continue,2.252612892423211,0
134,8,2,-0.13996627727562883,0.7454000000000001,5.469959474620341,1.1016052961349487,0,continue,2.112646615147582,0
134,9,0,0.7173706579094052,0.7454000000000001,5.337625656926742,1.2611290216445923,0,continue,2.8300172730569875,0
134,10,0,0.36501837061667014,0.7454000000000001,5.272719358063895,1.3587102890014648,0,continue,3.1950356436736578,0
134,11,1,0.3838497676047261,0.7454000000000001,5.236935475051326,1.4208006858825684,0,continue,3.578885411278384,0
134,12,1,0.6729728122211933,0.7454000000000001,5.144305135580688,1.5022608041763306,0,continue,4.251858223499577,0
134,13,1,0.672277917092163,0.7454000000000001,5.038430186635055,1.6397091150283813,0,continue,4.924136140591741,0
134,14,0,0.1870944851264361,0.7454000000000001,5.00236518934207,1.6598427295684814,0,continue,5.111230625718177,0
134,15,0,0.23596625202377325,0.7454000000000001,4.96029468487344,1.7400290966033936,0,continue,5.34719687774195,0
134,16,0,0.24596079438214727,0.7454000000000001,4.910934729660226,1.8624542951583862,0,continue,5.5931576721240965,0
134,17,1,0.04194651715814364,0.7454000000000001,4.890449499827055,1.9386167526245117,0,continue,5.63510418928224,0
134,18,2,-0.23817215541420064,0.7454000000000001,4.8841209457097365,1.8867418766021729,0,continue,5.3969320338680395,0
134,19,0,0.03362730739523238,0.7454000000000001,4.887462944504821,1.8382219076156616,0,continue,5.4305593412632716,0
134,20,0,0.05214730975992051,0.7454000000000001,4.90654139712518,1.7751588821411133,0,continue,5.482706651023192,0
134,21,0,-0.41270097059216365,0.7454000000000001,4.951465393138901,1.7839667797088623,0,continue,5.070005680431028,0
134,22,0,-0.5042785405804757,0.7454000000000001,5.008060352057997,1.757001519203186,0,continue,4.565727139850552,0
134,23,0,-0.40723024729749524,0.7454000000000001,5.034537204178809,1.7464238405227661,0,continue,4.158496892553057,0
134,24,0,-0.5408189836449143,0.7454000000000001,5.128195127131621,1.768990397453308,0,continue,3.6176779089081426,0
134,25,0,-0.13076649853873634,0.7454000000000001,5.152004325487024,1.809987187385559,0,continue,3.486911410369406,0
134,26,0,-0.32161913013058135,0.7454000000000001,5.2126638970874435,1.8312034606933594,0,continue,3.1652922802388246,0
134,27,0,-0.3782639297427708,0.7454000000000001,5.291194021166673,1.8915441036224365,0,continue,2.787028350496054,0
134,28,0,-0.3798884760455414,0.7454000000000001,5.363510320909714,1.9231314659118652,0,continue,2.4071398744505124,0
134,29,0,-0.731549608273359,0.7454000000000001,5.471596049158734,1.9087529182434082,0,continue,1.6755902661771533,0
134,30,0,-0.6297520808545258,0.7454000000000001,5.5615013761503445,1.8455572128295898,0,continue,1.0458381853226275,0
134,31,0,-0.6036361159386026,0.7454000000000001,5.642085030739816,1.7554821968078613,0,continue,0.44220206938402495,0
134,32,0,-1.5628631063102574,0.7454000000000001,5.749302799941409,1.6791280508041382,0,continue,-1.1206610369262324,0
134,33,1,-0.6702470566570373,0.7454000000000001,5.833723177240581,1.6215728521347046,0,continue,-1.7909080935832697,0
134,34,0,-0.3809759992738749,0.7454000000000001,5.883343890940414,1.5836197137832642,0,continue,-2.1718840928571446,0
134,35,0,-0.7177422078190199,0.7454000000000001,5.9890518954413645,1.4558765888214111,0,continue,-2.8896263006761647,0
134,36,0,-0.6839466239400384,0.7454000000000001,6.026123592600506,1.4398503303527832,0,continue,-3.573572924616203,0
134,37,0,-0.35956185417953235,0.7454000000000001,6.033893488703585,1.3046810626983643,0,continue,-3.9331347787957354,0
134,38,0,-0.19895853031921013,0.7454000000000001,6.033305377232005,1.2162835597991943,0,continue,-4.132093309114945,0
134,39,0,-0.14396387094218244,0.7454000000000001,5.998923849301238,1.1791883707046509,0,continue,-4.276057180057128,0
134,40,2,0.2721455275179466,0.7454000000000001,5.973723501072971,1.172697901725769,0,continue,-4.003911652539181,0
134,41,2,0.4741865933393316,0.7454000000000001,5.928095293676001,1.1412185430526733,0,continue,-3.52972505919985,0
134,42,0,-0.007493529338371024,0.7454000000000001,5.819010578970625,1.1127756834030151,0,continue,-3.537218588538221,0
134,43,0,0.13905556952602532,0.7454000000000001,5.744379741353163,1.1329916715621948,0,continue,-3.3981630190121956,0
134,44,2,0.35876130135593304,0.7454000000000001,5.7009171504386575,1.1321778297424316,0,continue,-3.0394017176562627,0
134,45,0,0.1783333418554388,0.7454000000000001,5.628513388989294,1.201760172843933,0,continue,-2.8610683758008237,0
134,46,2,0.5405068726902325,0.7454000000000001,5.551891075806927,1.245660424232483,0,continue,-2.320561503110591,0
134,47,0,0.1699691023775226,0.7454000000000001,5.483552852632277,1.3003545999526978,0,continue,-2.1505924007330686,0
134,48,2,0.2662018914170926,0.7454000000000001,5.458007897261767,1.3102658987045288,0,continue,-1.8843905093159758,0
134,49,2,0.5296592160667728,0.7454000000000001,5.373113124791546,1.4040563106536865,0,continue,-1.354731293249203,0
134,50,0,0.26957159724115787,0.7454000000000001,5.32537745031856,1.4686486721038818,0,continue,-1.0851596960080452,0
134,51,0,0.31550336239707255,0.7454000000000001,5.253345947632479,1.5117394924163818,0,continue,-0.7696563336109726,0
134,52,0,0.39863536883453776,0.7454000000000001,5.173779892583992,1.6290173530578613,0,continue,-0.37102096477643487,0
134,53,0,0.4723266647929635,0.7454000000000001,5.069619988855421,1.679495096206665,0,continue,0.10130570001652861,0
134,54,2,0.2461950459270263,0.7454000000000001,5.0347774114579815,1.7108051776885986,0,continue,0.3475007459435549,0
134,55,2,0.16732559947434028,0.7454000000000001,5.017203547987017,1.779852271080017,0,continue,0.5148263454178952,0
134,56,2,0.40657528155836775,0.7454000000000001,4.944058984899845,1.8723382949829102,0,continue,0.9214016269762629,0
134,57,1,-0.11824439925907473,0.7454000000000001,4.904997592044528,1.911813497543335,0,continue,0.8031572277171882,0
134,58,2,-0.013046824550021253,0.7454000000000001,4.8481235329662535,1.936293601989746,0,continue,0.790110403167167,0
134,59,2,0.2527829719428993,0.7454000000000001,4.796188754963712,1.8735172748565674,0,continue,1.0428933751100662,0
134,60,2,0.16944964529282056,0.7454000000000001,4.761761012757498,1.847286343574524,0,continue,1.2123430204028867,0
134,61,1,-0.05882754769942683,0.7454000000000001,4.724950793451263,1.813273310661316,0,continue,1.1535154727034598,0
134,62,2,-0.05779422525544916,0.7454000000000001,4.675218115162807,1.7304059267044067,0,continue,1.0957212474480107,0
134,63,0,0.1266425816731617,0.7454000000000001,4.651085764276266,1.7052335739135742,0,continue,1.2223638291211725,0
134,64,0,0.3193269348498413,0.7454000000000001,4.591464081542307,1.616884469985962,0,continue,1.5416907639710138,0
134,65,0,0.11140748298780667,0.7454000000000001,4.570638135580002,1.6053038835525513,0,continue,1.6530982469588205,0
134,66,0,0.205632745886081,0.7454000000000001,4.535413771776142,1.5200074911117554,0,continue,1.8587309928449014,0
134,67,1,0.32294548990524674,0.7454000000000001,4.517335626076532,1.4743633270263672,0,continue,2.1816764827501482,0
134,68,2,-0.2748555528645659,0.7454000000000001,4.512100116843469,1.4351956844329834,0,continue,1.9068209298855823,0
134,69,0,0.09536474532446686,0.7454000000000001,4.4964485473145155,1.3740025758743286,0,continue,2.002185675210049,0
134,70,0,0.0799008275654055,0.7454000000000001,4.4829504837735215,1.3540922403335571,0,continue,2.0820865027754545,0
134,71,2,0.035202805430816754,0.7454000000000001,4.475246834889547,1.3400315046310425,0,continue,2.117289308206271,0
134,72,0,0.05671915489351652,0.7454000000000001,4.467951124365395,1.249618649482727,0,continue,2.1740084630997876,0
134,73,0,0.03561822154262538,0.7454000000000001,4.46415811451665,1.2170357704162598,0,continue,2.209626684642413,0
134,74,0,0.006597225565025733,0.7454000000000001,4.4635333270657,1.1850731372833252,0,continue,2.2162239102074386,0
134,75,2,-0.008460689565259782,0.7454000000000001,4.464696244337379,1.1680394411087036,0,continue,2.2077632206421787,0
134,76,0,0.004413139924037381,0.7454000000000001,4.4679076711239505,1.1223677396774292,0,continue,2.212176360566216,0
134,77,1,-0.030970575068316953,0.7454000000000001,4.473396059334339,1.0786018371582031,0,continue,2.181205785497899,0
134,78,2,-0.3086204930486594,0.7454000000000001,4.474833758389844,1.0486557483673096,0,continue,1.8725852924492397,0
134,79,0,-0.07354663551856455,0.7454000000000001,4.491431949947359,1.0024431943893433,0,continue,1.799038656930675,0
134,80,0,-0.026243781046482617,0.7454000000000001,4.501073700429536,0.9436430335044861,0,continue,1.7727948758841925,0
134,81,1,-0.044776732478799854,0.7454000000000001,4.5095604998555014,0.9303940534591675,0,continue,1.7280181434053927,0
134,82,0,-0.11228798353553332,0.7454000000000001,4.535362239085024,0.8767313957214355,0,continue,1.6157301598698595,0
134,83,2,-0.16133351812047966,0.7454000000000001,4.566526147954708,0.8340960741043091,0,continue,1.4543966417493799,0
134,84,1,-0.3518985061909066,0.7454000000000001,4.576564022743187,0.8073447346687317,0,continue,1.1024981355584733,0
134,85,2,-0.6720285245134542,0.7454000000000001,4.610153673689852,0.7548088431358337,0,continue,0.43046961104501913,0
134,86,0,-0.3941290881060646,0.7454000000000001,4.650754919617864,0.6954185366630554,0,continue,0.03634052293895451,0
134,87,0,-0.32666729995736593,0.7454000000000001,4.679374548643213,0.6549487709999084,0,continue,-0.2903267770184114,0
134,88,2,-0.4979978028379174,0.7454000000000001,4.737952321410624,0.5720903873443604,0,continue,-0.7883245798563288,0
134,89,0,-0.3419928067810661,0.7454000000000001,4.766944455570396,0.5459613800048828,0,continue,-1.1303173866373948,0
134,90,0,-0.4195021437146451,0.7454000000000001,4.81582030446276,0.4972805976867676,0,continue,-1.54981953035204,0
134,91,1,-0.4065979192406439,0.7454000000000001,4.8506577359176655,0.43984338641166687,0,continue,-1.9564174495926838,0
134,92,0,-0.47251386539825,0.7454000000000001,4.896973685164524,0.4176217317581177,0,continue,-2.4289313149909337,0
134,93,1,-0.6110666710138617,0.7454000000000001,4.957953915821637,0.36197924613952637,0,continue,-3.0399979860047956,0
134,94,0,-0.5697898546059357,0.7454000000000001,4.987782110597391,0.31327739357948303,0,continue,-3.609787840610731,0
134,95,1,-0.6218101292496936,0.7454000000000001,5.002861569039439,0.2402781993150711,0,continue,-4.231597969860425,0
134,96,1,-0.38975107743423737,0.7454000000000001,4.975194424831992,0.20941202342510223,0,continue,-4.621349047294662,0
134,97,1,-30.849931656560663,0.7454000000000001,5.011481662306942,0.11999999731779099,1,crush,-35.47128070385533,0
135,1,1,-0.4681327860983289,0.7435,3.664263275342111,0.11999999731779099,0,continue,-0.4681327860983289,0
135,2,0,-1.074513382771788,0.7435,3.6641978362571908,0.11999999731779099,0,continue,-1.542646168870117,0
135,3,0,-1.0660556135402792,0.7435,3.6641479464047326,0.11999999731779099,0,continue,-2.608701782410396,0
135,4,0,-30.995350806136994,0.7435,3.6642397618572335,0.11999999731779099,1,crush,-33.60405258854739,0
136,1,0,0.0,0.7416,4.894752089328978,1.8813068866729736,0,continue,0.0,0
136,2,0,0.001120331788404161,0.7416,4.895073447810731,1.8717797994613647,0,continue,0.001120331788404161,0
136,3,0,0.43791675091363164,0.7416,4.806914605888882,1.8709126710891724,0,continue,0.4390370827020358,0
136,4,2,0.046661183478989954,0.7416,4.79781936218427,1.861568808555603,0,continue,0.48569826618102574,0
136,5,0,0.6374469252514147,0.7416,4.670400510678015,1.871991515159607,0,continue,1.1231451914324404,0
136,6,0,0.5887300321541292,0.7416,4.553008808830748,1.8631646633148193,0,continue,1.7118752235865697,0
136,7,0,0.5311254565861007,0.7416,4.454103176512453,1.782012939453125,0,continue,2.2430006801726705,0
136,8,0,0.42171800067227494,0.7416,4.374017456546292,1.7024074792861938,0,continue,2.6647186808449455,0
136,9,0,0.7510703652612145,0.7416,4.239297012311835,1.5623668432235718,0,continue,3.41578904610616,0
136,10,0,0.7269693020337098,0.7416,4.104192818366941,1.4310917854309082,0,continue,4.1427583481398695,0
136,11,0,0.18682598595920366,0.7416,4.0671546498056665,1.421530842781067,0,continue,4.329584334099073,0
136,12,2,0.36696538790122313,0.7416,3.9905233501949056,1.2949825525283813,0,continue,4.696549722000297,0
136,13,2,0.3178616285292708,0.7416,3.9138287683414594,1.1439744234085083,0,continue,5.014411350529568,0
136,14,0,0.3286863526563955,0.7416,3.8466344880197108,1.033360481262207,0,continue,5.343097703185964,0
136,15,0,0.004845443186353736,0.7416,3.8422046247450186,0.9740241765975952,0,continue,5.347943146372318,0
136,16,2,0.2902428236822073,0.7416,3.783185125269545,0.9126641154289246,0,continue,5.638185970054525,0
136,17,0,0.42492613870375573,0.7416,3.714279026360062,0.8565115332603455,0,continue,6.063112108758281,0
136,18,2,0.2683865521770453,0.7416,3.6588811994265535,0.7994034290313721,0,continue,6.331498660935326,0
136,19,2,0.2957837420737067,0.7416,3.5995428334125656,0.780606746673584,0,continue,6.6272824030090325,0
136,20,1,0.11660926045197383,0.7416,3.536652092835887,0.7196817994117737,0,continue,6.743891663461007,0
136,21,0,0.1307051754498292,0.7416,3.516112264357686,0.6248043775558472,0,continue,6.874596838910836,0
136,22,2,0.29547546033439304,0.7416,3.4564944677779317,0.597632884979248,0,continue,7.17007229924523,0
136,23,0,0.35101616245134304,0.7416,3.3927311347628546,0.5032556056976318,0,continue,7.521088461696573,0
136,24,0,0.28089781208111875,0.7416,3.333553185591573,0.426535427570343,0,continue,7.8019862737776915,0
136,25,0,-0.02138750694057636,0.7416,3.3220609067251954,0.38313835859298706,0,continue,7.780598766837115,0
136,26,2,0.007343791537687272,0.7416,3.288947015951263,0.3181786835193634,0,continue,7.7879425583748025,0
136,27,2,-0.2751582445235303,0.7416,3.2835661698347995,0.22659510374069214,0,continue,7.512784313851272,0
136,28,2,-30.439871722041598,0.7416,3.2755736888504834,0.15707063674926758,1,crush,-22.927087408190324,0
137,1,0,0.0,0.7397,6.362079633287178,1.0937354564666748,0,continue,0.0,0
137,2,0,-0.009749914714032259,0.7397,6.362123498647686,1.1037126779556274,0,continue,-0.009749914714032259,0
137,3,2,-0.06035586677552427,0.7397,6.373648695438549,1.0896927118301392,0,continue,-0.07010578148955653,0
137,4,2,-0.022434968885070128,0.7397,6.377044866120231,1.0988978147506714,0,continue,-0.09254075037462665,0
137,5,0,-0.07161008899902215,0.7397,6.390474722748098,1.103334903717041,0,continue,-0.1641508393736488,0
137,6,2,-0.09518130080349867,0.7397,6.408888510598177,1.0930886268615723,0,continue,-0.25933214017714745,0
137,7,1,-0.3288877723064612,0.7397,6.414242700589319,1.0508168935775757,0,continue,-0.5882199124836087,0
137,8,0,-0.0171642259205979,0.7397,6.417614621225133,0.9987730979919434,0,continue,-0.6053841384042066,0
137,9,0,0.0973334575494566,0.7397,6.394038286062214,0.9509909152984619,0,continue,-0.50805068085475,0
137,10,0,0.06279324562866323,0.7397,6.38034140409694,0.9281885623931885,0,continue,-0.4452574352260868,0
137,11,0,0.11364719811780237,0.7397,6.357984555516392,0.8967435956001282,0,continue,-0.3316102371082844,0
137,12,0,0.28831547089655474,0.7397,6.307689114080626,0.8561962246894836,0,continue,-0.043294766211729674,0
137,13,2,0.2753640921330142,0.7397,6.2403603343635154,0.8532766103744507,0,continue,0.23206932592128454,0
137,14,1,0.28661168024754374,0.7397,6.172361112215123,0.8531641364097595,0,continue,0.5186810061688283,0
137,15,0,0.043357085160529024,0.7397,6.165621334304516,0.8690144419670105,0,continue,0.5620380913293573,0
137,16,0,0.294846610480324,0.7397,6.067288099549128,0.8819546103477478,0,continue,0.8568847018096813,0
137,17,2,0.6198361829004322,0.7397,5.9411701229713705,0.9426372647285461,0,continue,1.4767208847101134,0
137,18,0,0.35665248660971144,0.7397,5.8695153276703955,0.9895996451377869,0,continue,1.8333733713198248,0
137,19,0,0.26124922561270775,0.7397,5.820434115244647,1.0128731727600098,0,continue,2.0946225969325325,0
137,20,2,0.3253820976741557,0.7397,5.746396636458124,1.1229767799377441,0,continue,2.420004694606688,0
137,21,1,-0.030374776524585145,0.7397,5.696330536831324,1.2635198831558228,0,continue,2.389629918082103,0
137,22,1,0.489016419403831,0.7397,5.594145450908698,1.318512201309204,0,continue,2.878646337485934,0
137,23,0,0.19056981494305864,0.7397,5.559310691907872,1.4455581903457642,0,continue,3.069216152428993,0
137,24,2,0.7019276285891463,0.7397,5.444094830944883,1.4991012811660767,0,continue,3.7711437810181394,0
137,25,0,0.7973729452150167,0.7397,5.29144418182746,1.5780396461486816,0,continue,4.568516726233156,0
137,26,0,0.6008134348110117,0.7397,5.1739402168269,1.6132310628890991,0,continue,5.169330161044168,0
137,27,0,0.7157785890117135,0.7397,5.039462881980509,1.730218529701233,0,continue,5.885108750055881,0
137,28,1,0.6917403368404639,0.7397,4.913074152509712,1.867951512336731,0,continue,6.576849086896345,0
137,29,1,0.3579525959635015,0.7397,4.841950544888638,1.8989464044570923,0,continue,6.934801682859847,0
137,30,1,0.8978336807540521,0.7397,4.662243531616473,1.7490342855453491,0,continue,7.8326353636139,0
137,31,0,0.4433142920505787,0.7397,4.58077112756053,1.6483020782470703,0,continue,8.275949655664478,0
137,32,0,0.964410821571704,0.7397,4.400489281571149,1.5268601179122925,0,continue,9.240360477236182,0
137,33,0,0.4558291747425808,0.7397,4.319665583384399,1.3813259601593018,0,continue,9.696189651978763,0
137,34,2,0.17815232483910023,0.7397,4.283958508741538,1.3622422218322754,0,continue,9.874341976817863,0
137,35,0,0.5248183851704747,0.7397,4.185326013508863,1.267625093460083,0,continue,10.399160361988338,0
137,36,0,0.41621339862234935,0.7397,4.104459499733759,1.1683624982833862,0,continue,10.815373760610688,0
137,37,0,0.5025203273241029,0.7397,4.005454416904888,1.1232343912124634,0,continue,11.317894087934791,0
137,38,2,0.23011435879280084,0.7397,3.959387903618288,1.0873472690582275,0,continue,11.548008446727591,0
137,39,2,0.0870377639893171,0.7397,3.942253862714091,1.0456894636154175,0,continue,11.635046210716908,0
137,40,0,0.3387313833875074,0.7397,3.872091499075607,0.9106661081314087,0,continue,11.973777594104416,0
137,41,0,0.152869880991243,0.7397,3.83604807037456,0.8080534934997559,0,continue,12.126647475095659,0
137,42,0,0.03972723609832651,0.7397,3.8262249149039107,0.7421493530273438,0,continue,12.166374711193985,0
137,43,0,0.2126198646556846,0.7397,3.7739156866795267,0.733719527721405,0,continue,12.378994575849669,0
137,44,0,0.2538317148508713,0.7397,3.716029266445982,0.6687074899673462,0,continue,12.63282629070054,0
137,45,0,0.4181228435008329,0.7397,3.6600178811126254,0.6185860633850098,0,continue,13.050949134201373,0
137,46,0,0.1418768670264817,0.7397,3.6280330305306547,0.6121781468391418,0,continue,13.192826001227855,0
137,47,0,0.4424334126165332,0.7397,3.5425142453611524,0.552200436592102,0,continue,13.635259413844388,0
137,48,0,0.21808418828928708,0.7397,3.4305177696074254,0.5074923038482666,0,continue,13.853343602133675,0
137,49,0,0.04199210742645061,0.7397,3.40702508222529,0.4260082244873047,0,continue,13.895335709560126,0
137,50,2,0.6280472975654643,0.7397,3.2594163713847673,0.327737420797348,0,continue,14.52338300712559,0
137,51,2,-0.13586111405427845,0.7397,3.2313784406412633,0.23996034264564514,0,continue,14.38752189307131,0
137,52,2,-0.27220753616488413,0.7397,3.2155350137410004,0.2011232078075409,0,continue,14.115314356906426,0
137,53,0,-32.772162441842426,0.7397,3.2050403982138995,0.11999999731779099,1,crush,-18.656848084936,0
138,1,0,-1.04360942432603,0.7378,3.3697896283135655,0.11999999731779099,0,continue,-1.04360942432603,0
138,2,0,-0.9993101009664738,0.7378,3.3697898620804523,0.11999999731779099,0,continue,-2.042919525292504,0
138,3,0,-0.9720002026176409,0.7378,3.369789779024032,0.11999999731779099,0,continue,-3.014919727910145,0
138,4,1,-30.46849620245069,0.7378,3.3697898986275754,0.11999999731779099,1,crush,-33.483415930360835,0
139,1,0,0.0,0.7359,5.847945910416494,1.0650526285171509,0,continue,0.0,0
139,2,2,0.14570335669277668,0.7359,5.818802437187748,1.056609034538269,0,continue,0.14570335669277668,0
139,3,0,0.23828506981986647,0.7359,5.770825944540166,1.0555158853530884,0,continue,0.38398842651264314,0
139,4,1,0.475925864481761,0.7359,5.705421311557583,1.0636849403381348,0,continue,0.8599142909944042,0
139,5,0,0.26763841068370803,0.7359,5.638645251778804,1.0391945838928223,0,continue,1.1275527016781122,0
139,6,2,0.20973256454400407,0.7359,5.59400516151545,1.1289081573486328,0,continue,1.3372852662221162,0
139,7,1,0.5228726504824466,0.7359,5.451635736475901,1.1659094095230103,0,continue,1.8601579167045628,0
139,8,0,0.4843899752814494,0.7359,5.3610739949633865,1.2489532232284546,0,continue,2.344547891986012,0
139,9,0,0.2394636182099511,0.7359,5.311207031663109,1.2808854579925537,0,continue,2.584011510195963,0
139,10,0,0.4540612645461723,0.7359,5.2195161914395145,1.4465311765670776,0,continue,3.0380727747421354,0
139,11,2,0.09114374498487596,0.7359,5.194141736797609,1.5460375547409058,0,continue,3.129216519727011,0
139,12,0,0.6150307847071316,0.7359,5.067354869641499,1.598904013633728,0,continue,3.744247304434143,0
139,13,0,0.36824839419911887,0.7359,4.994727480807514,1.695894718170166,0,continue,4.1124956986332615,0
139,14,0,0.34736044486407125,0.7359,4.933516345416745,1.7130720615386963,0,continue,4.4598561434973325,0
139,15,0,0.27592973742907345,0.7359,4.86356312521537,1.8143234252929688,0,continue,4.7357858809264055,0
139,16,1,0.04155953918896682,0.7359,4.852160257653185,1.8993120193481445,0,continue,4.777345420115372,0
139,17,0,0.3071541408660747,0.7359,4.792142389517183,1.9331550598144531,0,continue,5.084499560981447,0
139,18,2,0.290544449001977,0.7359,4.7269247641041074,1.8690202236175537,0,continue,5.375044009983424,0
139,19,0,0.23473263847178477,0.7359,4.684376806976674,1.806037187576294,0,continue,5.609776648455209,0
139,20,2,0.3113658032520407,0.7359,4.622560998184579,1.7695869207382202,0,continue,5.921142451707249,0
139,21,0,0.40635280447165145,0.7359,4.537874927799004,1.7250254154205322,0,continue,6.3274952561789,0
139,22,2,0.2284896242082764,0.7359,4.510726819947245,1.6380032300949097,0,continue,6.555984880387177,0
139,23,1,0.23787353378793774,0.7359,4.402913393360144,1.5869196653366089,0,continue,6.793858414175115,0
139,24,0,0.29555207685495966,0.7359,4.344395694490796,1.4758812189102173,0,continue,7.089410491030074,0
139,25,2,0.16993311622357504,0.7359,4.33256560163909,1.4412885904312134,0,continue,7.2593436072536495,0
139,26,0,0.40041732888697196,0.7359,4.255798352488944,1.4012123346328735,0,continue,7.659760936140621,0
139,27,2,0.5231256606152227,0.7359,4.169505477691487,1.289407730102539,0,continue,8.182886596755845,0
139,28,1,-0.03800083677605039,0.7359,4.116540264423517,1.2359740734100342,0,continue,8.144885759979795,0
139,29,0,0.1418282951327469,0.7359,4.091325404471618,1.2065980434417725,0,continue,8.286714055112542,0
139,30,0,0.2582739139378619,0.7359,4.040809551583681,1.076717734336853,0,continue,8.544987969050403,0
139,31,2,0.1826166426670172,0.7359,4.0086534966704335,0.9734126925468445,0,continue,8.727604611717421,0
139,32,0,0.5741263982430759,0.7359,3.8922434675687954,0.9223601222038269,0,continue,9.301731009960497,0
139,33,2,0.6475142011617194,0.7359,3.768873879471061,0.8908100724220276,0,continue,9.949245211122216,0
139,34,2,0.39303795800152824,0.7359,3.688638712475459,0.8197768330574036,0,continue,10.342283169123744,0
139,35,2,0.4820944419276455,0.7359,3.5889650801413238,0.694291353225708,0,continue,10.82437761105139,0
139,36,0,0.6484967425304704,0.7359,3.4687734820528244,0.5566619634628296,0,continue,11.47287435358186,0
139,37,1,0.287588334486465,0.7359,3.4088664725202067,0.47549131512641907,0,continue,11.760462688068325,0
139,38,0,0.19482900407413914,0.7359,3.3482848386203727,0.3590868413448334,0,continue,11.955291692142463,0
139,39,1,-0.3170519323601217,0.7359,3.3528615290396204,0.259077250957489,0,continue,11.638239759782342,0
139,40,1,-0.3029945371079628,0.7359,3.351292633683113,0.21096421778202057,0,continue,11.335245222674379,0
139,41,2,-30.729725149426386,0.7359,3.3369742356405845,0.11999999731779099,1,crush,-19.394479926752005,0
140,1,2,0.0049848854541778564,0.734,6.17904709343404,1.1258386373519897,0,continue,0.0049848854541778564,0
140,2,0,-0.006395137362985759,0.734,6.179932064443826,1.1217628717422485,0,continue,-0.0014102519088079026,0
140,3,1,-0.38027292764617854,0.734,6.253053963945634,1.129966378211975,0,continue,-0.38168317955498643,0
140,4,0,-0.17519600677422376,0.734,6.274611091706916,1.1298116445541382,0,continue,-0.5568791863292102,0
140,5,2,-0.6399096841391437,0.734,6.397772662981921,1.1219720840454102,0,continue,-1.196788870468354,0
140,6,0,-0.6388824077859293,0.734,6.534877003145294,1.0650614500045776,0,continue,-1.8356712782542832,0
140,7,0,-0.3629470015276212,0.734,6.598964036125853,1.0204390287399292,0,continue,-2.1986182797819045,0
140,8,0,-1.3132793171773185,0.734,6.7064910070009285,0.8487530946731567,0,continue,-3.5118975969592228,0
140,9,0,-0.16605189699237755,0.734,6.740041917969844,0.7013715505599976,0,continue,-3.6779494939516004,0
140,10,0,-0.7126368176280542,0.734,6.885573965498233,0.6499102711677551,0,continue,-4.390586311579654,0
140,11,0,-0.7420035134057589,0.734,7.037704877365468,0.5702661275863647,0,continue,-5.132589824985414,0
140,12,0,-0.35218746599628686,0.734,7.11058671810162,0.5266234874725342,0,continue,-5.4847772909817,0
140,13,1,-0.19949053883791668,0.734,7.1437867657512015,0.4436085820198059,0,continue,-5.684267829819617,0
140,14,0,-1.3237602033973073,0.734,7.207762257623434,0.3564494848251343,0,continue,-7.008028033216924,0
140,15,0,-0.5487158949089225,0.734,7.2349307757826935,0.2670384645462036,0,continue,-7.556743928125846,0
140,16,0,-30.890289559673658,0.734,7.23743727783301,0.17135272920131683,1,crush,-38.4470334877995,0
141,1,0,-0.13670851554888222,0.7321,3.383638697041014,0.3328227996826172,0,continue,-0.13670851554888222,0
141,2,1,0.38898813960813156,0.7321,3.2788162169978508,0.3368876278400421,0,continue,0.2522796240592493,0
141,3,0,0.4986886021845651,0.7321,3.153103053715876,0.34214451909065247,0,continue,0.7509682262438144,0
141,4,0,-0.0961076581156483,0.7321,3.1299305941865354,0.3338661193847656,0,continue,0.6548605681281662,0
141,5,2,-0.44103415136409096,0.7321,3.1587369319064353,0.2781889736652374,0,continue,0.2138264167640752,0
141,6,2,-30.38451328319757,0.7321,3.1608433229317563,0.17584997415542603,1,crush,-30.170686866433496,0
142,1,0,0.0,0.7302,5.061764454790448,1.848662257194519,0,continue,0.0,0
142,2,0,0.17580651867874522,0.7302,5.025109548378448,1.85960054397583,0,continue,0.17580651867874522,0
142,3,0,0.363733061991767,0.7302,4.950713153071644,1.8498969078063965,0,continue,0.5395395806705122,0
142,4,0,0.33710570705049725,0.7302,4.8831844540236595,1.8582323789596558,0,continue,0.8766452877210095,0
142,5,2,0.4270646556713422,0.7302,4.808652545759865,1.8491448163986206,0,continue,1.3037099433923518,0
142,6,0,0.36105243941714626,0.7302,4.741073879246244,1.9104098081588745,0,continue,1.664762382809498,0
142,7,0,0.41871896829753696,0.7302,4.663793137985911,1.8722691535949707,0,continue,2.083481351107035,0
142,8,0,0.07041094868930178,0.7302,4.656789418225195,1.7917543649673462,0,continue,2.1538922997963366,0
142,9,0,0.2773450207684837,0.7302,4.603961429239343,1.7356330156326294,0,continue,2.4312373205648203,0
142,10,2,0.2978109949690932,0.7302,4.543610796307291,1.6477978229522705,0,continue,2.7290483155339134,0
142,11,0,0.12193772285390958,0.7302,4.522128191291615,1.5975548028945923,0,continue,2.850986038387823,0
142,12,2,0.15807337480814249,0.7302,4.490109945115609,1.5555437803268433,0,continue,3.0090594131959656,0
142,13,2,0.28986449900412714,0.7302,4.431370349943607,1.492409110069275,0,continue,3.2989239122000926,0
142,14,1,0.21534784229531098,0.7302,4.375960381190879,1.434984564781189,0,continue,3.5142717544954034,0
142,15,2,-0.09498487728883774,0.7302,4.334265083940991,1.41274094581604,0,continue,3.4192868772065657,0
142,16,0,0.10350445318286515,0.7302,4.319249887948991,1.3670721054077148,0,continue,3.5227913303894307,0
142,17,0,0.2266235539835993,0.7302,4.276144987968691,1.3050352334976196,0,continue,3.74941488437303,0
142,18,0,0.23552689107720864,0.7302,4.237348952466089,1.2284432649612427,0,continue,3.9849417754502388,0
142,19,0,0.19407663483358337,0.7302,4.201413933057454,1.168797254562378,0,continue,4.179018410283822,0
142,20,2,0.1498354851253927,0.7302,4.170679619502513,1.0974090099334717,0,continue,4.328853895409215,0
142,21,2,0.06397693623083782,0.7302,4.155823757356687,1.045196294784546,0,continue,4.392830831640053,0
142,22,1,-0.15568938015702272,0.7302,4.152058603630991,0.9902300834655762,0,continue,4.23714145148303,0
142,23,1,-0.09355422012838202,0.7302,4.160247826866756,0.8938660025596619,0,continue,4.143587231354648,0
142,24,0,-0.2520626282090269,0.7302,4.209118359913583,0.8684719800949097,0,continue,3.8915246031456205,0
142,25,0,-0.16922381665379005,0.7302,4.2488534310943455,0.8117390871047974,0,continue,3.7223007864918305,0
142,26,0,-0.4517815880789565,0.7302,4.264007762688361,0.7923152446746826,0,continue,3.270519198412874,0
142,27,0,-0.5432520499502047,0.7302,4.2958306885027335,0.7833397388458252,0,continue,2.727267148462669,0
142,28,0,0.36124530242451025,0.7302,4.336512785734057,0.797054648399353,0,continue,3.0885124508871793,0
142,29,0,-0.3948000249312635,0.7302,4.357275746152359,0.7756271958351135,0,continue,2.693712425955916,0
142,30,2,-0.22244723636471084,0.7302,4.40161662729465,0.7663575410842896,0,continue,2.4712651895912052,0
142,31,2,-0.23194489222931497,0.7302,4.447686178697204,0.7655465602874756,0,continue,2.2393202973618904,0
142,32,1,-0.39345582825328723,0.7302,4.465618688534725,0.739631712436676,0,continue,1.8458644691086032,0
142,33,0,-0.6572965693439121,0.7302,4.519655558025179,0.7325690388679504,0,continue,1.1885678997646911,0
142,34,0,-0.35246132990826884,0.7302,4.575080097033465,0.718988835811615,0,continue,0.8361065698564223,0
142,35,0,-0.30488062137279653,0.7302,4.585485576258342,0.6885507106781006,0,continue,0.5312259484836257,0
142,36,0,-0.4744678193103112,0.7302,4.6214298079612295,0.6884114742279053,0,continue,0.05675812917331452,0
142,37,0,-0.46680279619765075,0.7302,4.6686909387825954,0.6807847023010254,0,continue,-0.41004466702433623,0
142,38,2,-0.8068456810029889,0.7302,4.789685016423662,0.6563104391098022,0,continue,-1.2168903480273252,0
142,39,1,-1.0150389873936279,0.7302,4.891158675638718,0.648777186870575,0,continue,-2.2319293354209533,0
142,40,0,-1.4690560884829298,0.7302,4.990361010213506,0.6326202154159546,0,continue,-3.700985423903883,0
142,41,0,-0.4575190053189207,0.7302,5.03025696629733,0.6456953287124634,0,continue,-4.158504429222804,0
142,42,0,-0.34233896222142995,0.7302,5.085701795288311,0.7210583686828613,0,continue,-4.500843391444234,0
142,43,2,-0.6587423311178455,0.7302,5.162671522287718,0.7454014420509338,0,continue,-5.159585722562079,0
142,44,2,-1.469885793038215,0.7302,5.237130156572553,0.7591181993484497,0,continue,-6.629471515600295,0
142,45,0,-0.36837020631667905,0.7302,5.273244069305161,0.7406221628189087,0,continue,-6.9978417219169735,0
142,46,1,-0.2887435890992104,0.7302,5.288182144303108,0.6628345251083374,0,continue,-7.286585311016184,0
142,47,0,-0.6380750798006258,0.7302,5.349296490753984,0.5978605151176453,0,continue,-7.924660390816809,0
142,48,0,-0.4876020490348874,0.7302,5.39809731539636,0.5653681755065918,0,continue,-8.412262439851697,0
142,49,1,-0.3764720994069864,0.7302,5.424982262991604,0.5465611815452576,0,continue,-8.788734539258684,0
142,50,2,-0.5766933185058254,0.7302,5.44022699042202,0.5392628908157349,0,continue,-9.365427857764509,0
142,51,0,-0.4705235536212475,0.7302,5.484418369835384,0.5146828889846802,0,continue,-9.835951411385755,0
142,52,2,-0.5023442466947887,0.7302,5.535682455519282,0.506589412689209,0,continue,-10.338295658080543,0
142,53,0,-0.6383504517729677,0.7302,5.5518439880773975,0.5100994110107422,0,continue,-10.976646109853512,0
142,54,0,-0.44959655886688854,0.7302,5.615557450859339,0.550795316696167,0,continue,-11.4262426687204,0
142,55,0,-0.38471160108459407,0.7302,5.672644449547396,0.582557737827301,0,continue,-11.810954269804995,0
142,56,2,-0.3397610193328368,0.7302,5.693445015027885,0.5858251452445984,0,continue,-12.150715289137832,0
142,57,0,-0.5063654563917536,0.7302,5.755526000200483,0.5599000453948975,0,continue,-12.657080745529585,0
142,58,2,-0.4618443592831763,0.7302,5.806590699077605,0.5448511242866516,0,continue,-13.118925104812762,0
142,59,0,-0.7643796931719198,0.7302,5.836974004972713,0.5505127906799316,0,continue,-13.883304797984682,0
142,60,2,-0.4700317139347286,0.7302,5.890980347759658,0.5508090257644653,0,continue,-14.35333651191941,0
142,61,1,-0.7144640279400674,0.7302,5.932693033237118,0.6004320979118347,0,continue,-15.067800539859478,0
142,62,2,-0.6867673340355556,0.7302,5.96975782591313,0.6418841481208801,0,continue,-15.754567873895034,0
142,63,0,-0.5054959418951608,0.7302,6.023290199285058,0.6507561206817627,0,continue,-16.260063815790197,0
142,64,0,-0.41770951720271066,0.7302,6.071001636076767,0.6841025948524475,0,continue,-16.677773332992906,0
142,65,2,-0.8746959980728795,0.7302,6.2050981508732574,0.7522154450416565,0,continue,-17.552469331065787,0
142,66,0,-0.4152708686281461,0.7302,6.250842534062655,0.784824550151825,0,continue,-17.96774019969393,0
142,67,2,-0.5198074408581579,0.7302,6.309055329411298,0.8336871266365051,0,continue,-18.48754764055209,0
142,68,0,-0.33450648299873786,0.7302,6.330626618335969,0.8956365585327148,0,continue,-18.822054123550828,0
142,69,0,-0.20612954678641335,0.7302,6.3299936947820195,0.9193587303161621,0,continue,-19.028183670337242,0
142,70,0,-0.2129691259369086,0.7302,6.330213730897004,0.9423751831054688,0,continue,-19.24115279627415,0
142,71,0,-0.3971210039071346,0.7302,6.3190707010101415,0.9816105365753174,0,continue,-19.638273800181285,0
142,72,0,-0.061513207760084676,0.7302,6.2761009341943295,1.0101642608642578,0,continue,-19.69978700794137,0
142,73,0,-0.25404320383366746,0.7302,6.277286823341682,1.074756383895874,0,continue,-19.95383021177504,0
142,74,2,-0.3212152058793432,0.7302,6.300777284743389,1.144953966140747,0,continue,-20.275045417654383,0
142,75,2,-0.45481104516953524,0.7302,6.340185955499094,1.2317641973495483,0,continue,-20.729856462823918,0
142,76,2,-0.367321033203143,0.7302,6.365701891557876,1.2530337572097778,0,continue,-21.09717749602706,0
142,77,2,-0.7830471699883612,0.7302,6.4766256424268045,1.2075296640396118,0,continue,-21.880224666015422,0
142,78,0,-0.3475812710894899,0.7302,6.55008740265343,1.1497852802276611,0,continue,-22.22780593710491,0
142,79,2,-0.7483282807336105,0.7302,6.659381290167076,1.1377055644989014,0,continue,-22.97613421783852,0
142,80,2,-0.649963462828981,0.7302,6.74924509393665,0.992120087146759,0,continue,-23.626097680667502,0
142,81,2,-0.4072163226852257,0.7302,6.790236369530831,0.88108229637146,0,continue,-24.03331400335273,0
142,82,0,-0.7249517893512514,0.7302,6.901624415502577,0.8250554203987122,0,continue,-24.75826579270398,0
142,83,0,-0.8135272756099932,0.7302,7.025678998162658,0.6468058824539185,0,continue,-25.571793068313973,0
142,84,0,-0.2225683657087887,0.7302,7.03162640668321,0.6213873624801636,0,continue,-25.79436143402276,0
142,85,0,-0.6193810887315007,0.7302,7.120730425019041,0.49196094274520874,0,continue,-26.413742522754262,0
142,86,0,-0.6719975447053609,0.7302,7.206510314974028,0.3955838680267334,0,continue,-27.08574006745962,0
142,87,0,-0.5063253219201416,0.7302,7.225288502275804,0.3045438826084137,0,continue,-27.592065389379762,0
142,88,1,-0.4337698347963638,0.7302,7.2294812957986485,0.2981572449207306,0,continue,-28.025835224176127,0
142,89,1,-30.561968616035383,0.7302,7.231928945553492,0.19815999269485474,1,crush,-58.58780384021151,0
143,1,0,-1.0498342056008256,0.7283000000000001,6.227323401883006,0.11999999731779099,0,continue,-1.0498342056008256,0
143,2,1,-0.46946455710631624,0.7283000000000001,6.227503729120854,0.11999999731779099,0,continue,-1.519298762707142,0
143,3,0,-1.046907373835278,0.7283000000000001,6.227896045219793,0.11999999731779099,0,continue,-2.5662061365424202,0
143,4,0,-30.975233289385464,0.7283000000000001,6.227346942221102,0.11999999731779099,1,crush,-33.541439425927884,0
144,1,0,0.0,0.7264,5.787169102586813,1.1303421258926392,0,continue,0.0,0
144,2,1,0.4089313064551352,0.7264,5.78697415295082,1.1343132257461548,0,continue,0.4089313064551352,0
144,3,2,-0.18917954757309807,0.7264,5.764710565748515,1.1298906803131104,0,continue,0.21975175888203713,0
144,4,0,0.3641432643352943,0.7264,5.691969394701906,1.1155411005020142,0,continue,0.5838950232173314,0
144,5,2,0.3773270133788335,0.7264,5.615932356669125,1.1248360872268677,0,continue,0.961222036596165,0
144,6,2,0.3483392500360448,0.7264,5.545623211937124,1.125267744064331,0,continue,1.30956128663221,0
144,7,0,0.033929199545561325,0.7264,5.540650255228684,1.1684061288833618,0,continue,1.3434904861777712,0
144,8,2,0.149838806661303,0.7264,5.509257451112835,1.2606496810913086,0,continue,1.4933292928390742,0
144,9,0,0.14967577037414698,0.7264,5.473956182676305,1.3323413133621216,0,continue,1.6430050632132212,0
144,10,0,-0.010343794836436535,0.7264,5.472291864799971,1.3809272050857544,0,continue,1.6326612683767847,0
144,11,0,-0.01921556066780028,0.7264,5.473131088114746,1.3933452367782593,0,continue,1.6134457077089843,0
144,12,1,0.2986352234264756,0.7264,5.458978271763775,1.437329649925232,0,continue,1.9120809311354598,0
144,13,0,0.33291644303742807,0.7264,5.440243005802834,1.4770103693008423,0,continue,2.244997374172888,0
144,14,0,0.28768095223698315,0.7264,5.403783145166798,1.4870154857635498,0,continue,2.532678326409871,0
144,15,1,0.5057653333844172,0.7264,5.340077290331722,1.493289589881897,0,continue,3.038443659794288,0
144,16,0,-0.3413302777216733,0.7264,5.2713634928433155,1.4879183769226074,0,continue,2.6971133820726148,0
144,17,2,0.2143748813034242,0.7264,5.228376764762641,1.5103111267089844,0,continue,2.911488263376039,0
144,18,0,0.12131429685377536,0.7264,5.206160730965419,1.5522927045822144,0,continue,3.0328025602298143,0
144,19,0,0.23802812101590853,0.7264,5.166123475723569,1.6638973951339722,0,continue,3.270830681245723,0
144,20,0,0.07062706812623504,0.7264,5.145144817071764,1.7244435548782349,0,continue,3.341457749371958,0
144,21,0,0.1368019965722803,0.7264,5.117063009598491,1.775348424911499,0,continue,3.4782597459442384,0
144,22,0,0.33349366609575326,0.7264,5.056022315845875,1.815963864326477,0,continue,3.811753412039992,0
144,23,0,0.10456120789801973,0.7264,4.999775708392734,1.843973159790039,0,continue,3.9163146199380114,0
144,24,2,0.09534303725950388,0.7264,4.971834037194681,1.8620892763137817,0,continue,4.0116576571975155,0
144,25,0,0.18243281742723966,0.7264,4.936321145956572,1.8573057651519775,0,continue,4.194090474624756,0
144,26,0,0.5139403183170603,0.7264,4.829628186228537,1.9143774509429932,0,continue,4.708030792941816,0
144,27,0,0.5345386143164311,0.7264,4.732497485056114,1.8730965852737427,0,continue,5.242569407258247,0
144,28,0,0.27688823454629385,0.7264,4.676632208619245,1.8041200637817383,0,continue,5.519457641804541,0
144,29,1,0.28785712019550513,0.7264,4.613741559897142,1.756856918334961,0,continue,5.807314762000046,0
144,30,0,0.2858254268337796,0.7264,4.556331890018761,1.6641205549240112,0,continue,6.093140188833826,0
144,31,2,0.10205023988308468,0.7264,4.528163218486494,1.5954862833023071,0,continue,6.19519042871691,0
144,32,2,0.27253939949206474,0.7264,4.4714859174591615,1.5351766347885132,0,continue,6.467729828208975,0
144,33,0,0.40192324436462773,0.7264,4.395856173687634,1.4805922508239746,0,continue,6.869653072573603,0
144,34,0,0.3427528874323382,0.7264,4.3267941724961085,1.3968477249145508,0,continue,7.212405960005941,0
144,35,1,0.346788672152769,0.7264,4.310042375018112,1.3744877576828003,0,continue,7.55919463215871,0
144,36,0,0.3878783205177788,0.7264,4.233044175496392,1.3431463241577148,0,continue,7.947072952676489,0
144,37,1,0.638026954520638,0.7264,4.153350443772202,1.2512151002883911,0,continue,8.585099907197128,0
144,38,0,0.5058244084122119,0.7264,4.0560252868046796,1.1830623149871826,0,continue,9.090924315609339,0
144,39,0,0.5021967514228628,0.7264,3.9605126179375096,1.0969957113265991,0,continue,9.593121067032202,0
144,40,0,0.4514220347471994,0.7264,3.8705051785029743,1.0848907232284546,0,continue,10.044543101779402,0
144,41,0,0.18428555997024013,0.7264,3.839549795816235,1.0075937509536743,0,continue,10.228828661749642,0
144,42,1,0.4535403312702627,0.7264,3.772500183321007,0.8910411596298218,0,continue,10.682368993019905,0
144,43,2,0.08214372974940173,0.7264,3.6844110382019957,0.821518063545227,0,continue,10.764512722769307,0
144,44,2,0.07359511281957021,0.7264,3.663761927838883,0.8018272519111633,0,continue,10.838107835588877,0
144,45,0,0.32828372446943227,0.7264,3.611110204500093,0.7562000155448914,0,continue,11.16639156005831,0
144,46,0,0.6694013209165455,0.7264,3.4683705804609386,0.6871634721755981,0,continue,11.835792880974855,0
144,47,0,0.405007014534258,0.7264,3.4004367560420534,0.6335103511810303,0,continue,12.240799895509113,0
144,48,0,0.8212431313025954,0.7264,3.2424129294718274,0.6088821291923523,0,continue,13.062043026811708,0
144,49,1,0.6076896040704713,0.7264,3.1173866271003945,0.45332151651382446,0,continue,13.669732630882178,0
144,50,1,0.016218384039802747,0.7264,3.092975040269719,0.37224939465522766,0,continue,13.685951014921981,0
144,51,1,-0.1794693438227291,0.7264,3.091888646446546,0.30328792333602905,0,continue,13.506481671099252,0
144,52,0,-30.74147857025724,0.7264,3.0914378120506227,0.19662605226039886,1,crush,-17.234996899157988,0
145,1,0,-1.0124824334116853,0.7245,5.476072954609856,0.11999999731779099,0,continue,-1.0124824334116853,0
145,2,0,-0.9934392109300747,0.7245,5.47607271961111,0.11999999731779099,0,continue,-2.0059216443417602,0
145,3,0,-1.0451384710416096,0.7245,5.476068879128114,0.11999999731779099,0,continue,-3.05106011538337,0
145,4,0,-31.010765840878943,0.7245,5.476064560091042,0.11999999731779099,1,crush,-34.06182595626231,0
146,1,0,0.0,0.7226,6.000291271076063,0.8996759653091431,0,continue,0.0,0
146,2,0,0.001064102846984838,0.7226,6.000291140536891,0.8950645327568054,0,continue,0.001064102846984838,0
146,3,0,0.005795379013210433,0.7226,6.000287487625803,0.8981209397315979,0,continue,0.0068594818601952715,0
146,4,0,0.3103076065773407,0.7226,5.93632228224649,0.8960629105567932,0,continue,0.31716708843753594,0
146,5,1,0.6275420990548711,0.7226,5.8108069047666975,0.8972322940826416,0,continue,0.9447091874924071,0
146,6,0,0.6125312038581404,0.7226,5.688124479144868,0.9062187075614929,0,continue,1.5572403913505475,0
146,7,0,0.6168449045433058,0.7226,5.567575200747568,0.9474742412567139,0,continue,2.1740852958938532,0
146,8,2,0.6317410388033374,0.7226,5.441785976254074,1.0861904621124268,0,continue,2.8058263346971906,0
146,9,2,0.22532022329706086,0.7226,5.397643286231146,1.1990283727645874,0,continue,3.0311465579942514,0
146,10,0,0.6016632015886766,0.7226,5.279977954118179,1.243997573852539,0,continue,3.632809759582928,0
146,11,1,0.6142178900539901,0.7226,5.157394385217463,1.3944381475448608,0,continue,4.247027649636918,0
146,12,0,0.23771042099896375,0.7226,5.11642486249392,1.4848153591156006,0,continue,4.484738070635881,0
146,13,0,0.4419364232198778,0.7226,5.024700713224603,1.5545681715011597,0,continue,4.926674493855759,0
146,14,0,0.17621740440395028,0.7226,4.9919004292854545,1.7019305229187012,0,continue,5.10289189825971,0
146,15,0,0.4718358598215718,0.7226,4.899958545370927,1.7704564332962036,0,continue,5.5747277580812815,0
146,16,1,0.7008283382508734,0.7226,4.768173173763611,1.864697813987732,0,continue,6.275556096332155,0
146,17,1,0.13301515038542838,0.7226,4.740873181151628,1.9187833070755005,0,continue,6.408571246717583,0
146,18,0,0.5386872939113256,0.7226,4.641419979852779,1.9126074314117432,0,continue,6.9472585406289085,0
146,19,0,0.48377987733539174,0.7226,4.54575607323675,1.812185525894165,0,continue,7.4310384179643005,0
146,20,0,0.04380437214008352,0.7226,4.5417074478786565,1.7378391027450562,0,continue,7.474842790104384,0
146,21,0,0.35511801099429446,0.7226,4.473347717727006,1.6882214546203613,0,continue,7.829960801098679,0
146,22,1,0.29857341161066986,0.7226,4.401838071609883,1.5644475221633911,0,continue,8.128534212709349,0
146,23,0,0.2714236864418696,0.7226,4.342480039273437,1.5074150562286377,0,continue,8.399957899151218,0
146,24,2,0.2244985064156693,0.7226,4.305282168096338,1.4643481969833374,0,continue,8.624456405566887,0
146,25,0,0.3277187027275477,0.7226,4.233589895458371,1.4139702320098877,0,continue,8.952175108294435,0
146,26,1,0.11309906613199934,0.7226,4.197403238501822,1.3434696197509766,0,continue,9.065274174426435,0
146,27,0,0.39080334012078644,0.7226,4.108746450898058,1.2947677373886108,0,continue,9.456077514547221,0
146,28,0,0.6779303978220591,0.7226,3.9778349112977684,1.2019000053405762,0,continue,10.134007912369281,0
146,29,0,0.08783581968136722,0.7226,3.962218969659979,1.1502894163131714,0,continue,10.221843732050647,0
146,30,2,0.2531318732418444,0.7226,3.9031386316445684,1.0905125141143799,0,continue,10.474975605292492,0
146,31,0,0.3691582208658718,0.7226,3.8281766336937917,0.9825993180274963,0,continue,10.844133826158364,0
146,32,0,0.15782727102718913,0.7226,3.791679273422893,0.9286821484565735,0,continue,11.001961097185553,0
146,33,1,0.43993972197921527,0.7226,3.7213462039245595,0.88795006275177,0,continue,11.441900819164768,0
146,34,1,0.9836615463267621,0.7226,3.523992090519651,0.8058749437332153,0,continue,12.42556236549153,0
146,35,0,0.5984985623265983,0.7226,3.4191198815952895,0.7591544389724731,0,continue,13.024060927818129,0
146,36,0,0.2083311252841641,0.7226,3.370390985135847,0.7461283802986145,0,continue,13.232392053102293,0
146,37,0,0.7237841688243534,0.7226,3.244789898689847,0.5960803627967834,0,continue,13.956176221926647,0
146,38,0,0.47821530330397793,0.7226,3.1449961302417315,0.4542026221752167,0,continue,14.434391525230625,0
146,39,0,0.20979076353396242,0.7226,3.0886790403719395,0.39192748069763184,0,continue,14.644182288764588,0
146,40,1,-0.1341948318162921,0.7226,3.088285408215467,0.33345967531204224,0,continue,14.509987456948297,0
146,41,0,-0.6011473401253877,0.7226,3.087828046948947,0.2286861091852188,0,continue,13.908840116822908,0
146,42,1,-30.471284162715673,0.7226,3.088182836478695,0.11999999731779099,1,crush,-16.562444045892764,0
147,1,0,-1.0127551246615327,0.7207,7.544337672401804,0.11999999731779099,0,continue,-1.0127551246615327,0
147,2,2,-0.46461880989388366,0.7207,7.544337629589459,0.11999999731779099,0,continue,-1.4773739345554164,0
147,3,1,-0.7630584132413493,0.7207,7.5443371585867665,0.11999999731779099,0,continue,-2.240432347796766,0
147,4,1,-30.46849848060055,0.7207,7.544337484010531,0.11999999731779099,1,crush,-32.708930828397314,0
148,1,0,0.0,0.7188000000000001,5.511340783091414,1.3998342752456665,0,continue,0.0,0
148,2,2,0.36053298739671313,0.7188000000000001,5.438191974305756,1.397505283355713,0,continue,0.36053298739671313,0
148,3,2,0.56805295602459,0.7188000000000001,5.324320449803817,1.411470651626587,0,continue,0.9285859434213032,0
148,4,0,0.4173550424391477,0.7188000000000001,5.239562522341225,1.405970573425293,0,continue,1.345940985860451,0
148,5,0,0.4247972458633878,0.7188000000000001,5.156612602494211,1.437461495399475,0,continue,1.7707382317238387,0
148,6,0,0.3519062975104955,0.7188000000000001,5.090953727486607,1.5412060022354126,0,continue,2.1226445292343343,0
148,7,0,0.37608990320806,0.7188000000000001,5.023976784901759,1.6790192127227783,0,continue,2.4987344324423946,0
148,8,0,0.34302388387592503,0.7188000000000001,4.952031507323104,1.7836188077926636,0,continue,2.8417583163183195,0
148,9,0,0.11639910260133701,0.7188000000000001,4.927993434865725,1.8349812030792236,0,continue,2.9581574189196567,0
148,10,0,0.35146265303684426,0.7188000000000001,4.858451677671661,1.8722041845321655,0,continue,3.309620071956501,0
148,11,0,0.2566696535974613,0.7188000000000001,4.789142184868649,1.9280893802642822,0,continue,3.566289725553962,0
148,12,0,0.07438035037452569,0.7188000000000001,4.776094919884821,1.8937199115753174,0,continue,3.6406700759284876,0
148,13,0,0.5217758773058935,0.7188000000000001,4.669237031243569,1.8732117414474487,0,continue,4.162445953234381,0
148,14,0,0.6072165090434315,0.7188000000000001,4.547335773430728,1.782986044883728,0,continue,4.769662462277813,0
148,15,0,0.36914232978242706,0.7188000000000001,4.477139091131275,1.7264171838760376,0,continue,5.13880479206024,0
148,16,0,0.32847848705251304,0.7188000000000001,4.4094865995302985,1.6412174701690674,0,continue,5.467283279112753,0
148,17,1,0.5992693261096923,0.7188000000000001,4.2888238607022435,1.5417155027389526,0,continue,6.066552605222445,0
148,18,0,0.5573413925779648,0.7188000000000001,4.186477040935624,1.418992042541504,0,continue,6.62389399780041,0
148,19,0,0.5129461955073752,0.7188000000000001,4.082705711189638,1.4350099563598633,0,continue,7.136840193307785,0
148,20,0,0.12430861857586974,0.7188000000000001,4.063734537811328,1.3383066654205322,0,continue,7.261148811883655,0
148,21,0,0.6190226755303191,0.7188000000000001,3.948639649992975,1.2488726377487183,0,continue,7.880171487413974,0
148,22,0,0.5707696188746253,0.7188000000000001,3.8460400415469245,1.1043622493743896,0,continue,8.4509411062886,0
148,23,0,0.7783247197315737,0.7188000000000001,3.6966601074666574,1.0212104320526123,0,continue,9.229265826020173,0
148,24,2,0.776697694697073,0.7188000000000001,3.5408289684960383,0.8358514308929443,0,continue,10.005963520717247,0
148,25,2,0.3069612068639663,0.7188000000000001,3.479259334908652,0.7856355905532837,0,continue,10.312924727581214,0
148,26,0,0.6317539434710417,0.7188000000000001,3.3635945923814847,0.6515878438949585,0,continue,10.944678671052255,0
148,27,2,0.5266213465767777,0.7188000000000001,3.257841063257455,0.5554444789886475,0,continue,11.471300017629034,0
148,28,1,-0.128545799629474,0.7188000000000001,3.224856743025507,0.4964216351509094,0,continue,11.342754217999559,0
148,29,1,0.4200356322927013,0.7188000000000001,3.109042651857666,0.32393980026245117,0,continue,11.762789850292261,0
148,30,2,-0.746333922217073,0.7188000000000001,3.119528130168558,0.22310884296894073,0,continue,11.016455928075189,0
148,31,1,-0.6303637357647945,0.7188000000000001,3.1212370408101116,0.20422104001045227,0,continue,10.386092192310395,0
148,32,1,-30.397761824387587,0.7188000000000001,3.09467435279912,0.11999999731779099,1,crush,-20.011669632077194,0
149,1,0,-1.0331177402468599,0.7169000000000001,3.1979901506440553,0.11999999731779099,0,continue,-1.0331177402468599,0
149,2,1,-0.4685216844888527,0.7169000000000001,3.197994926129413,0.11999999731779099,0,continue,-1.5016394247357125,0
149,3,0,-1.0301868896912594,0.7169000000000001,3.198000031969659,0.11999999731779099,0,continue,-2.531826314426972,0
149,4,0,-31.044717439924323,0.7169000000000001,3.1980044963886027,0.11999999731779099,1,crush,-33.57654375435129,0
150,1,2,0.0,0.7150000000000001,5.7945222421359635,1.1217597723007202,0,continue,0.0,0
150,2,0,0.22846581487926695,0.7150000000000001,5.745670209426984,1.1278270483016968,0,continue,0.22846581487926695,0
150,3,0,0.19242355724780497,0.7150000000000001,5.696906214062521,1.1224989891052246,0,continue,0.4208893721270719,0
150,4,2,0.2422397086937585,0.7150000000000001,5.640072211346865,1.1139470338821411,0,continue,0.6631290808208303,0
150,5,2,0.21434361497065693,0.7150000000000001,5.5923652159344845,1.11333167552948,0,continue,0.8774726957914872,0
150,6,0,0.3547469903556307,0.7150000000000001,5.520501429155611,1.1431066989898682,0,continue,1.232219686147118,0
150,7,0,0.5369825065462502,0.7150000000000001,5.4044728718803485,1.1905772686004639,0,continue,1.7692021926933683,0
150,8,0,0.600092613273416,0.7150000000000001,5.288939533693685,1.2644182443618774,0,continue,2.3692948059667844,0
150,9,0,0.5665710198646103,0.7150000000000001,5.189006115440235,1.400802731513977,0,continue,2.935865825831395,0
150,10,0,0.9500044757784747,0.7150000000000001,5.017782950278691,1.5932743549346924,0,continue,3.8858703016098697,0
150,11,1,0.6736766496900883,0.7150000000000001,4.8829175580109565,1.6390867233276367,0,continue,4.559546951299958,0
150,12,2,0.20528666383193386,0.7150000000000001,4.783250529003776,1.7719755172729492,0,continue,4.7648336151318915,0
150,13,0,0.7850228509387142,0.7150000000000001,4.6312631616063324,1.85728919506073,0,continue,5.549856466070605,0
150,14,0,0.3197702703260711,0.7150000000000001,4.563217856131964,1.7456490993499756,0,continue,5.869626736396676,0
150,15,0,0.13581780778945718,0.7150000000000001,4.533003547807549,1.677345633506775,0,continue,6.005444544186133,0
150,16,0,0.17821142406484874,0.7150000000000001,4.495989146391396,1.5975357294082642,0,continue,6.183655968250982,0
150,17,0,-0.03301689599215889,0.7150000000000001,4.4940350148505726,1.5279722213745117,0,continue,6.150639072258824,0
150,18,2,-0.013627460431509864,0.7150000000000001,4.48931683934774,1.4848178625106812,0,continue,6.1370116118273135,0
150,19,2,0.04476374395665581,0.7150000000000001,4.476763482151527,1.4247533082962036,0,continue,6.181775355783969,0
150,20,0,0.16185803860961298,0.7150000000000001,4.479543096850856,1.4255003929138184,0,continue,6.343633394393582,0
150,21,1,0.26098908825584555,0.7150000000000001,4.4781246167094055,1.4339566230773926,0,continue,6.604622482649428,0
150,22,2,-0.3034494711617209,0.7150000000000001,4.476758866934197,1.4202772378921509,0,continue,6.301173011487707,0
150,23,0,0.029965044837452482,0.7150000000000001,4.484113805636952,1.3943208456039429,0,continue,6.33113805632516,0
150,24,2,-0.010533131723578126,0.7150000000000001,4.485849503918429,1.3921862840652466,0,continue,6.320604924601581,0
150,25,0,-0.03785971877128618,0.7150000000000001,4.488431680007232,1.394578218460083,0,continue,6.282745205830295,0
150,26,0,-0.03568663224370607,0.7150000000000001,4.497386484239297,1.3649669885635376,0,continue,6.247058573586589,0
150,27,0,-0.037709067788609565,0.7150000000000001,4.508464584294178,1.3615950345993042,0,continue,6.209349505797979,0
150,28,0,-0.1011351782734629,0.7150000000000001,4.525045961473174,1.35576331615448,0,continue,6.108214327524516,0
150,29,0,-0.10685268563271935,0.7150000000000001,4.5487848502473485,1.3427984714508057,0,continue,6.001361641891797,0
150,30,0,-0.10116898467829105,0.7150000000000001,4.56875964419445,1.3371665477752686,0,continue,5.9001926572135055,0
150,31,2,-0.06153594404077367,0.7150000000000001,4.580639764274271,1.3131874799728394,0,continue,5.838656713172732,0
150,32,1,-0.4471655437814913,0.7150000000000001,4.609237452226211,1.3124821186065674,0,continue,5.391491169391241,0
150,33,0,-0.14209728368626928,0.7150000000000001,4.638742522360032,1.2895461320877075,0,continue,5.249393885704972,0
150,34,0,-0.30124887265220107,0.7150000000000001,4.657922517959013,1.2867769002914429,0,continue,4.948145013052771,0
150,35,0,-0.3152264872266373,0.7150000000000001,4.677440517701474,1.2709662914276123,0,continue,4.632918525826133,0
150,36,0,-0.23610664885223068,0.7150000000000001,4.673025827892177,1.2554434537887573,0,continue,4.396811876973902,0
150,37,0,-0.1603800615737305,0.7150000000000001,4.660856829801333,1.2459278106689453,0,continue,4.236431815400172,0
150,38,0,-0.10054620533764674,0.7150000000000001,4.633673525968762,1.2371126413345337,0,continue,4.135885610062525,0
150,39,0,-0.2711014067356454,0.7150000000000001,4.6184336282608855,1.2287579774856567,0,continue,3.8647842033268796,0
150,40,0,-0.2667062184755793,0.7150000000000001,4.629004441400304,1.2006688117980957,0,continue,3.5980779848513,0
150,41,0,-0.2808098301596805,0.7150000000000001,4.641910210644607,1.1741712093353271,0,continue,3.3172681546916194,0
150,42,0,-0.41112785429330767,0.7150000000000001,4.680533811230002,1.1333483457565308,0,continue,2.9061403003983117,0
150,43,1,-0.5494847550391977,0.7150000000000001,4.74837323776441,1.0607033967971802,0,continue,2.3566555453591143,0
150,44,0,-0.7930527880550791,0.7150000000000001,4.830955068951287,1.0423539876937866,0,continue,1.5636027573040352,0
150,45,1,-0.53225302304634,0.7150000000000001,4.897098310625683,1.0443123579025269,0,continue,1.0313497342576952,0
150,46,0,0.06418634472052304,0.7150000000000001,4.9014989076476505,1.0439207553863525,0,continue,1.0955360789782183,0
150,47,0,-0.5602869801444484,0.7150000000000001,4.9554100606179,1.0336310863494873,0,continue,0.5352490988337698,0
150,48,0,-0.6988090210365412,0.7150000000000001,5.021861713464349,1.0519211292266846,0,continue,-0.16355992220277138,0
150,49,0,-0.42211197234264963,0.7150000000000001,5.088677657661355,1.0472012758255005,0,continue,-0.585671894545421,0
150,50,0,-0.3153201063895609,0.7150000000000001,5.115662088446265,1.0504859685897827,0,continue,-0.9009920009349819,0
150,51,0,-0.7214543067453567,0.7150000000000001,5.202364761996621,1.0514363050460815,0,continue,-1.6224463076803386,0
150,52,0,-0.6344515531447497,0.7150000000000001,5.297072428338128,0.9928193688392639,0,continue,-2.256897860825088,0
150,53,1,-0.45954616072444865,0.7150000000000001,5.348541923349045,0.9580398201942444,0,continue,-2.7164440215495365,0
150,54,0,-0.5199836897005969,0.7150000000000001,5.406131906125442,0.8728663325309753,0,continue,-3.2364277112501334,0
150,55,2,-0.6432990956760456,0.7150000000000001,5.494281369855609,0.7279595136642456,0,continue,-3.879726806926179,0
150,56,0,-0.41345420818565987,0.7150000000000001,5.53276939267149,0.5782641172409058,0,continue,-4.293181015111839,0
150,57,1,-0.6151204446098746,0.7150000000000001,5.614598579669007,0.4851527214050293,0,continue,-4.908301459721713,0
150,58,0,-0.5600286582679845,0.7150000000000001,5.672068661521167,0.3878624141216278,0,continue,-5.468330117989698,0
150,59,0,-0.5194616708274056,0.7150000000000001,5.672413835256614,0.29852494597435,0,continue,-5.987791788817104,0
150,60,1,-0.49137962187292383,0.7150000000000001,5.672462147132089,0.22336575388908386,0,continue,-6.479171410690028,0
150,61,1,-30.654118756671032,0.7150000000000001,5.672304549392612,0.12740547955036163,1,crush,-37.13329016736106,0
151,1,1,-0.46814483741244445,0.7131000000000001,6.361353830115694,0.11999999731779099,0,continue,-0.46814483741244445,0
151,2,1,-0.46959846525098325,0.7131000000000001,6.361427588397437,0.11999999731779099,0,continue,-0.9377433026634276,0
151,3,0,-1.005332163250198,0.7131000000000001,6.361514309806268,0.11999999731779099,0,continue,-1.9430754659136256,0
151,4,1,-30.469021483815386,0.7131000000000001,6.361540112556557,0.11999999731779099,1,crush,-32.41209694972901,0
